office_raw,office_core,office_category,n_rows
典史,典史,縣首領,16870
知縣,知縣,縣正印,14872
空白,,未填寫,13209
訓導,訓導,教職,9743
復設訓導,復設訓導,教職,8607
復設教諭,復設教諭,教職,5222
筆帖式,,京官,4364
教諭,教諭,教職,3729
員外郎,,京官,3381
復設敎諭,復設教諭,教職,2983
主事,,京官,2851
吏目,吏目,州首領,2818
縣丞,縣丞,縣佐貳,2659
學正,學正,教職,2630
知州,知州,州正印,2584
郎中,,京官,2356
經歷,經歷,府首領,2208
知府,知府,府正印,1890
教授,教授,教職,1716
敎諭,教諭,教職,1493
領運千總,,武職,1478
中書,,京官,1390
知县,知縣,縣正印,1101
司獄,司獄,府首領,969
敎授,教授,教職,849
七品筆帖式,,京官,800
贊禮郎,,京官,766
训导,訓導,教職,739
複設訓導,訓導,教職,733
笔帖式,,京官,698
複設教諭,教諭,教職,687
复设训导,復設訓導,教職,653
复设教谕,復設教諭,教職,640
照磨,照磨,府首領,628
博士,,京官,547
州判,州判,州佐貳,526
吏目管典史事,吏目,州首領,462
特調知縣,知縣,縣正印,454
主簿,主簿,縣首領,415
助教,,京官,405
州同,州同,州佐貳,378
教谕,教諭,教職,374
掌印守備,,武職,369
管河主簿,主簿,縣首領,353
堂主事,,京官,348
管河縣丞,縣丞,縣佐貳,327
特授知府,知府,府正印,326
辦事中書舍人,,京官,319
讀祝官,,京官,292
特授知縣,知縣,縣正印,275
整儀尉,,武職,267
教諭管訓導事,教諭,教職,263
額外主事,,京官,257
同知,同知,府佐貳,252
县丞,縣丞,縣佐貳,251
治儀正,,武職,248
员外郎,,京官,243
特簡知縣,知縣,縣正印,242
司庫,,京官,234
通判,通判,府佐貳,234
七品笔帖式,,京官,225
司務,,京官,224
藍翎侍衛,,武職,213
知事,知事,府首領,212
,,未填寫,208
学正,學正,教職,201
土知州,知州,州正印,193
粮捕通判,通判,府佐貳,182
？,,未填寫,171
理事同知,同知,府佐貳,166
三等侍衛,,武職,159
八品筆帖式,,京官,154
经历,經歷,府首領,152
掌印給事中,,京官,152
大使,,京官,150
給事中,,京官,150
教習,,京官,148
侍讀,,京官,139
編修,,京官,138
掌印郎中,,京官,135
领运千总,,unknown,128
管粮主簿,主簿,縣首領,126
掌印雲麾使,,武職,126
翰林院五經博士,,京官,125
鳴贊,,京官,125
署丞,,京官,122
九品執事官,,京官,119
八品執事官,,京官,118
吏目借補典史,典史,縣首領,118
食俸天文生,,京官,118
誥勅撰文中書舍人,,京官,117
掌司事治儀正,,武職,115
署正,,京官,113
七品執事官,,京官,113
二等侍衛,,武職,107
管河州判,州判,州佐貳,105
後幫領運千總,,武職,105
特簡知府,知府,府正印,103
右侍郎,,unknown,102
典簿,,京官,101
御醫,,京官,99
主事司行走,,京官,97
九品吏目,吏目,州首領,93
庫使,,京官,93
庶吉士,,京官,93
撰文中書舍人,,京官,91
食糧天文生,,京官,90
倉官,,京官,90
特授知州,知州,州正印,90
前幫領運千總,,武職,87
讚禮郎,,京官,86
三幫領運千總,,武職,86
二幫領運千總,,武職,83
從九品醫士,,京官,83
三等侍衞,,武職,82
守禦,,武職,82
撫標中軍叅將兼管左營事,,武職,82
七品小京官,,京官,81
管粮通判,通判,府佐貳,81
內閣侍讀學士,,京官,80
頭幫領運千總,,武職,78
內閣侍讀,,京官,77
從九借補典史,典史,縣首領,77
司狱,司獄,府首領,76
員外郞,,京官,76
祀丞,,京官,75
復设训导,復設訓導,教職,74
五品執事官,,京官,74
八品吏目,吏目,州首領,74
理問,,京官,73
文淵閣校理,,京官,73
雲麾使,,武職,72
寺丞,,京官,71
赞礼郎,,京官,70
靈臺郎,,京官,70
檢討,,京官,69
办事中书舍人,,京官,68
江南道監察御史,,京官,68
特授吏目,吏目,州首領,67
特简知县,知縣,縣正印,65
助敎,,京官,65
督粮通判,通判,府佐貳,62
縣丞管典史事,縣丞,縣佐貳,60
六品官,,unknown,60
五官正,,京官,60
州同管縣丞事,州同,州佐貳,59
內閣學士兼禮部侍郎,,京官,58
掌印冠軍使,,武職,57
天文生,,京官,57
左侍郎,,unknown,56
兼理主事,,京官,56
少卿,,京官,56
翰林院庻吉士,,京官,56
特授正指揮,,京官,54
縣丞兼管水利,縣丞,縣佐貳,52
正七品筆帖式,,京官,52
四品執事官,,京官,51
待詔,,京官,51
督運守備,,武職,50
掌印守禦,,武職,50
掌所事雲麾使,,武職,49
粮捕水利通判,通判,府佐貳,49
都事,,京官,48
知縣改授教諭,教諭,教職,48
經歷兼管司獄事,經歷,府首領,48
知縣改授學正,學正,教職,47
山東道監察御史,,京官,47
副理事官,,京官,46
五官靈臺郎,,京官,46
藍翎侍衞,,武職,46
特用知府,知府,府正印,45
賛禮郎,,京官,45
管河州同,州同,州佐貳,44
额外主事,,京官,44
四幫領運千總,,武職,44
特用知縣,知縣,縣正印,44
翰林院侍講,,京官,44
掌司事漢治儀正,,武職,43
？？？？,,未填寫,42
七品烏林大,,武職,42
都察院左副都御史,,京官,42
督捕通判,通判,府佐貳,42
額外吏目,吏目,州首領,42
诰敕撰文中书舍人兼旧太仓监督,,京官,42
協律郎,,武職,41
復设教谕,復設教諭,教職,41
主簿管典史事,主簿,縣首領,40
翰林院編修,,京官,40
乙未科庶起士,,京官,40
管糧主簿,主簿,縣首領,39
從九品吏目,吏目,州首領,39
典籍,,京官,39
水利同知,同知,府佐貳,39
州同管主簿事,州同,州佐貳,38
粮捕州判,州判,州佐貳,38
五品官,,unknown,38
癸未科散館編修,,京官,38
？？？醫士,,京官,38
後帮領運千總,,武職,37
特授副指揮,,京官,37
檢校,,京官,37
縣丞管吏目事,縣丞,縣佐貳,37
糧捕通判,通判,府佐貳,36
特简知府,知府,府正印,36
额外吏目,吏目,州首領,36
特調知府,知府,府正印,35
稅課司大使,,雜職,35
捕盜同知,同知,府佐貳,35
癸未科庻吉士,,京官,34
州判管縣丞事,州判,州佐貳,34
庚辰科庶吉士,,京官,34
恩科庶吉士,,京官,34
翰林院庶起士,,京官,33
隨朝伴官,,京官,33
左寺丞,,京官,33
特授知县,知縣,縣正印,33
壬辰科庶吉士,,京官,33
特簡知州,知州,州正印,33
經歷兼司獄事,經歷,府首領,32
清軍同知,同知,府佐貳,32
庚辰科散館編修,,京官,32
廣盈庫大使,,京官,32
辛巳科散館編修,,京官,31
翰林改授主事,,京官,31
大理寺卿,,京官,30
前帮領運千總,,武職,30
日講起居注官翰林院侍讀學士,,京官,29
朝鮮八品通官,,京官,29
通政使司通政使,,京官,29
治中,,京官,29
督標中軍副將,,武職,29
秋官正,,京官,29
布政司經歷,,省級,29
正黃旗,,旗籍誤填,29
提督四川学政,,省級,29
司匠,,京官,29
翰林院侍讀,,京官,29
經歷司經歷,經歷,府首領,28
理事通判,通判,府佐貳,28
掌印主簿,主簿,縣首領,28
三帮領運千總,,武職,28
頭等侍衛,,武職,28
烏林大,,武職,28
海防水利同知,同知,府佐貳,27
三等侍卫,,武職,27
翰林院侍講學士,,京官,27
太僕寺卿,,京官,27
評事,,京官,27
水利縣丞,縣丞,縣佐貳,27
縣丞管主簿事,縣丞,縣佐貳,27
正藍旗,,旗籍誤填,27
欽天監監副,,京官,26
司樂,,京官,26
廣濟庫大使,,京官,26
知縣改授敎諭,教諭,教職,26
正紅旗,,旗籍誤填,26
御前侍卫,,武職,26
官学教习,,京官,26
正白旗,,旗籍誤填,26
額設序班,,京官,26
頭帮領運千總,,武職,26
監丞,,京官,26
通濟閘閘官,,雜職,26
巡檢借補典史,典史,縣首領,26
督標中軍副將兼管中營事,,武職,26
五經博士,,京官,26
直隷同知,同知,府佐貳,26
淸軍同知,同知,府佐貳,26
知縣管教諭事,知縣,縣正印,26
御前侍衞,,武職,26
國子監司業,,京官,25
翰林院五经博士,,京官,25
二帮領運千總,,武職,25
廣積庫大使,,京官,25
州判駐石橋井,州判,州佐貳,25
三品執事官,,京官,25
官學教習,,京官,25
清軍水利同知,同知,府佐貳,25
兼理郎中,,京官,25
翰林改授知縣,知縣,縣正印,24
读祝官,,京官,24
鳴贊鞭官,,京官,24
額外序班,,京官,24
國子監祭酒,,京官,24
鑲紅旗,,旗籍誤填,24
舊縣巡檢,巡檢,縣首領,24
浙江道監察御史,,京官,24
日講起居注官,,京官,24
湖廣道監察御史,,京官,24
同知管知縣事,同知,府佐貳,24
山西道監察御史,,京官,24
土知縣,知縣,縣正印,24
夏陽司巡檢,巡檢,縣首領,23
摯壺正,,unknown,23
經歷管司獄事,經歷,府首領,23
方澤壇奉祀,,unknown,23
赤石司巡檢,巡檢,縣首領,23
敎諭管訓導事,教諭,教職,23
會元,,京官,23
内閣侍讀学士,,京官,23
理事官,,unknown,23
京畿道監察御史,,京官,23
江防捕盜同知,捕盜同知,府佐貳,23
朝鮮七品通官,,京官,23
通判管知縣事,通判,府佐貳,23
河南道監察御史,,京官,22
光祿寺卿,,京官,22
江西道監察御史,,京官,22
縣丞駐營前,,武職,22
鑲白旗,,旗籍誤填,22
右寺丞,,京官,22
主事營繕司行走,,武職,22
管理江南山東南河塘務,,unknown,22
按察司經歷,,省級,22
知縣管縣丞事,知縣,縣正印,21
府經借補吏目,吏目,州首領,21
日講官起居注,,京官,21
教諭管復設訓導事,教諭,教職,21
管糧通判,通判,府佐貳,21
正教序班,,京官,21
孔目,,unknown,21
福建道監察御史,,京官,21
掌印理事官,,unknown,21
？？？品酒官,,unknown,21
兵部差官,,京官,21
右所千總,,武職,21
副備贊協律郎,,武職,21
教谕管训导事,教諭,教職,20
圜丘壇奉祀,,unknown,20
右春坊右贊善,,unknown,20
照磨兼管司獄事,照磨,府首領,20
協辦侍讀事務內閣中書,,京官,20
正備贊協律郎,,武職,20
協辦侍讀,,武職,20
副備讀協律郎,,武職,20
漏刻科地理生,,unknown,20
掌印員外郎,,京官,20
御醫官首領廳事,,京官,20
新設照磨,照磨,府首領,20
鑲黃旗,,旗籍誤填,19
巡檢兼管典史事,巡檢,縣首領,19
水口司巡檢,巡檢,縣首領,19
日講起居注官翰林院侍讀,,京官,19
壬辰科散館編修,,京官,19
管粮水利主簿,主簿,縣首領,19
北岸主簿,主簿,縣首領,19
知州管知縣事,知州,州正印,19
湖口司巡檢,巡檢,縣首領,19
检讨,,unknown,19
太平司巡檢,巡檢,縣首領,19
河標中軍副將,,武職,19
欽賜檢討,,京官,19
日講起居注官翰林院侍講學士,,京官,18
富田司巡檢,巡檢,縣首領,18
正指揮,,京官,18
七幫領運千總,,武職,18
內閣中書,,京官,18
銀庫員外郎,,京官,18
州同管州判事,州同,州佐貳,18
左春坊左中允,,unknown,18
額外博士,,京官,18
鄆城屯屯官,,unknown,18
河南前幫領運千總,,武職,18
五幫領運千總,,武職,18
河泊所所官,,unknown,18
經歷司,經歷,府首領,18
随朝伴官,,unknown,18
内阁侍读,,京官,18
八幫領運千總,,武職,18
辛巳科散館檢討,,京官,18
東陵承辦事務主事,,京官,18
河南後幫領運千總,,武職,18
日讲官起居注,,京官,18
鑲藍旗,,旗籍誤填,18
掌山西道監察御史,,京官,18
督粮道庫大使,,省級,18
鴻臚寺卿,,京官,18
鴻臚寺少卿,,京官,18
撫標中軍叅將兼管左右二營事,,武職,18
禮部尚書兼管樂部太常寺鴻臚寺事務正紅旗漢軍都統,,京官,17
知縣管經歷事,知縣,縣正印,17
掌印典籍,,京官,17
太廟看守四品官,,unknown,17
掌印中書,,京官,17
慤惠皇貴妃園寢讀祝官,,京官,17
粮馬通判,通判,府佐貳,17
南岸同知,同知,府佐貳,17
督捕同知,同知,府佐貳,17
特用知州,知州,州正印,17
掌江南道監察御史,,京官,16
掌湖廣道監察御史,,京官,16
左春坊左贊善,,unknown,16
九幫領運千總,,武職,16
掌江西道監察御史,,京官,16
主事考功司行走,,京官,16
漳河同知,同知,府佐貳,16
掌雲南道監察御史,,京官,16
？？同知,同知,府佐貳,16
鸣赞,,unknown,16
陪祀漢冠軍使,,武職,16
掌廣西道監察御史,,京官,16
司儀序班,,京官,16
督糧通判,通判,府佐貳,16
特调知县,知縣,縣正印,16
冬官正,,京官,16
平陽屯屯官,,unknown,16
黄岡司巡檢,巡檢,縣首領,16
掌貴州道監察御史,,京官,16
掌四川道監察御史,,京官,16
端慧皇太子園寢讀祝官,,京官,16
六幫領運千總,,武職,16
掌浙江道監察御史,,京官,16
司库,,京官,16
通政使司叅議,,京官,15
高平巡檢,巡檢,縣首領,15
后帮领运千总,,unknown,15
文淵閣檢閱協辦侍讀,,武職,15
日讲官起居注编修,,京官,15
御医官首领厅事,,unknown,15
運河主簿,主簿,縣首領,15
粮務水利縣丞,縣丞,縣佐貳,15
翰林院檢討,,京官,15
左署丞,,京官,15
巡檢管典史事,巡檢,縣首領,15
春官正,,京官,15
伴官,,unknown,15
道銜知府,知府,府正印,15
鎮守福建福州等處地方副都統,,unknown,15
掌山東道監察御史,,京官,15
大理寺少卿,,京官,15
府丞提督學政,,省級,15
白沙巡檢,巡檢,縣首領,15
宿虹同知,同知,府佐貳,15
撰文中书舍人,,京官,15
州判管主簿事,州判,州佐貳,15
獨石口理事同知,理事同知,府佐貳,15
首領廳,,unknown,15
中官正,,unknown,15
刑部員外郎,,京官,15
東路同知,同知,府佐貳,15
欽賜學正,學正,教職,15
八房場巡檢,巡檢,縣首領,15
五官挈壺正,,unknown,15
主事武選司行走,,京官,15
捕盗同知,同知,府佐貳,15
白沙司巡檢,巡檢,縣首領,15
欽選御書中書舍人,,京官,15
淘河主簿,主簿,縣首領,15
掌印給事,,unknown,15
廣儲庫大使,,京官,15
督粮總捕通判,通判,府佐貳,15
州判管水利事,州判,州佐貳,14
通政司副使,,京官,14
西場巡檢,巡檢,縣首領,14
口岸巡檢,巡檢,縣首領,14
内閣學士兼禮部侍郎,,京官,14
肇陳口巡檢,巡檢,縣首領,14
州同借補縣丞,縣丞,縣佐貳,14
三山司巡檢,巡檢,縣首領,14
北岸同知,同知,府佐貳,14
總捕同知,同知,府佐貳,14
夏官正,,京官,14
縣丞駐獨石口,縣丞,縣佐貳,14
糧撲通判,通判,府佐貳,14
西路通判,通判,府佐貳,14
周溪司巡檢,巡檢,縣首領,14
北捕通判,通判,府佐貳,14
監督戶部郎中,,京官,14
海防河務同知,同知,府佐貳,14
河捕同知,同知,府佐貳,14
欽選禦書中書舍人,,京官,14
陝西道監察御史,,京官,14
右春坊右中允,,unknown,14
主事兼文選司事,,京官,14
塩法道庫大使,,京官,14
主事文選司行走,,京官,14
掌廣東道監察御史,,京官,14
龍潭司巡檢,巡檢,縣首領,14
主事都水司行走,,京官,14
己丑科散館編修,,京官,14
掌河南道監察御史,,京官,14
後幫領運前總,,unknown,14
兵部侍郎,,京官,14
太僕寺少卿,,京官,14
朝日壇奉祀,,unknown,14
理事通判駐易州,通判,府佐貳,14
司獄兼經歷事,司獄,府首領,14
辛卯科散館編修,,京官,14
縣丞駐張家嶺,縣丞,縣佐貳,14
六百丈巡檢,巡檢,縣首領,14
北運河同知,同知,府佐貳,14
欽命總督倉場戶部右侍郎駐通州,,省級,14
安溪奉口稅課司大使,,雜職,14
大姑嶺巡檢,巡檢,縣首領,14
右署丞,,京官,14
四帮領運千總,,武職,14
先農壇奉祀,,unknown,14
掌印典簿,,京官,14
粮捕水利州判,州判,州佐貳,14
光祿寺少卿,,京官,14
新市巡檢,巡檢,縣首領,14
沙城巡檢,巡檢,縣首領,14
龍門司巡檢,巡檢,縣首領,14
池河巡檢,巡檢,縣首領,14
長龍司巡檢,巡檢,縣首領,13
赤石嶺巡檢,巡檢,縣首領,13
讃禮郎,,unknown,13
水陽巡檢,巡檢,縣首領,13
刑部侍郎,,京官,13
衣錦司巡檢,巡檢,縣首領,13
給事,,unknown,13
橫塘臨平稅課司大使,,雜職,13
張渚巡檢,巡檢,縣首領,13
提舉司提舉,,unknown,13
二等侍衞,,武職,13
州同管县丞事,州同,州佐貳,13
高堰通判,通判,府佐貳,13
廟山司巡檢,巡檢,縣首領,13
南村巡檢,巡檢,縣首領,13
西溪巡檢,巡檢,縣首領,13
正備讀協律郎,,武職,13
松門司巡檢,巡檢,縣首領,13
榆関馹丞管巡檢事,,雜職,13
渚溪司巡檢,巡檢,縣首領,13
廣安司巡檢,巡檢,縣首領,13
南捕通判,通判,府佐貳,13
古北口巡檢,巡檢,縣首領,13
荻港巡檢,巡檢,縣首領,13
金坑司巡檢,巡檢,縣首領,13
金竹嶺巡檢,巡檢,縣首領,13
泉河通判,通判,府佐貳,13
掌科中書,,京官,13
馬道馹丞,,雜職,13
包港巡檢,巡檢,縣首領,13
南路司獄,司獄,府首領,13
運河水利同知,水利同知,府佐貳,13
新坪司巡檢,巡檢,縣首領,13
左宗人,,unknown,13
洪山巡檢,巡檢,縣首領,13
北路司獄,司獄,府首領,13
通濟庫大使,,京官,13
通判駐正陽鎮,通判,府佐貳,13
河西務巡檢,巡檢,縣首領,13
早禾市巡檢,巡檢,縣首領,13
草坪巡檢,巡檢,縣首領,13
額外中書,,京官,13
邳州管河州同,州同,州佐貳,13
縣丞駐荔溪,縣丞,縣佐貳,13
經歷駐永綏,經歷,府首領,13
高橋司巡檢,巡檢,縣首領,13
分巡浙江金衢嚴等處地方道,,unknown,13
縣丞駐張家口,縣丞,縣佐貳,13
八品吏目管首領廳事,吏目,州首領,13
表湖司巡檢,巡檢,縣首領,13
縣丞駐景芝集,縣丞,縣佐貳,13
海防理事同知,理事同知,府佐貳,13
邵源鎮巡檢,巡檢,縣首領,13
兼南新仓监督,,unknown,13
兼南新倉監督,,unknown,13
板石司巡檢,巡檢,縣首領,13
江口巡檢,巡檢,縣首領,13
掌福建道監察御史,,京官,13
撫標中軍左營叅將,,武職,13
江防船政同知,同知,府佐貳,13
新市司巡檢,巡檢,縣首領,13
石頭街巡檢,巡檢,縣首領,13
湖溪巡檢,巡檢,縣首領,13
山安南岸河務同知,同知,府佐貳,13
照磨兼司獄事,照磨,府首領,13
長山巡檢,巡檢,縣首領,13
宏潭巡檢,巡檢,縣首領,13
税課司大使,,雜職,13
王平口巡檢,巡檢,縣首領,13
灘頭司巡檢,巡檢,縣首領,13
上官橋巡檢,巡檢,縣首領,13
石莊司巡檢,巡檢,縣首領,13
塔山司巡檢,巡檢,縣首領,13
和尚灘巡檢,巡檢,縣首領,13
富國場塩課大使,,京官,13
下北河同知,同知,府佐貳,13
白駒閘閘官,,雜職,13
溪源巡檢,巡檢,縣首領,13
上北河同知,同知,府佐貳,13
學録,,unknown,13
塩捕水利通判,通判,府佐貳,13
三溪巡檢,巡檢,縣首領,13
多倫諾爾理事同知,理事同知,府佐貳,13
璉市司巡檢,巡檢,縣首領,13
知縣管訓導事,知縣,縣正印,13
主簿借補典史,典史,縣首領,13
禦醫管？？,,unknown,13
大盈倉大使,,京官,13
牛屯河巡檢,巡檢,縣首領,13
夕月壇奉祀,,unknown,13
七浦司巡檢,巡檢,縣首領,13
四安司巡檢,巡檢,縣首領,13
城北稅課司大使,,雜職,13
瑞林寨巡檢,巡檢,縣首領,13
大姑塘巡檢,巡檢,縣首領,13
縣丞管知事事,縣丞,縣佐貳,12
安樂司巡檢,巡檢,縣首領,12
海安司巡檢,巡檢,縣首領,12
上河水利通判,通判,府佐貳,12
管河水利州判,州判,州佐貳,12
千總,,武職,12
草堰閘閘官,,雜職,12
新設縣丞,縣丞,縣佐貳,12
安砂巡檢,巡檢,縣首領,12
三山巡檢,巡檢,縣首領,12
白霞巡檢,巡檢,縣首領,12
洋口巡檢,巡檢,縣首領,12
督粮水利同知,同知,府佐貳,12
安遠寨巡檢,巡檢,縣首領,12
禮部侍郎,,京官,12
上坪寨巡檢,巡檢,縣首領,12
博望馹丞,,雜職,12
縣丞管水利事,縣丞,縣佐貳,12
洪子店巡檢,巡檢,縣首領,12
邳州管河州判,州判,州佐貳,12
鎮守福建海壇等處地方總兵官,,武職,12
海防同知駐海安,同知,府佐貳,12
穿山司巡檢,巡檢,縣首領,12
安港巡檢,巡檢,縣首領,12
印莊司巡檢,巡檢,縣首領,12
建南巡檢,巡檢,縣首領,12
升鄉寨巡檢,巡檢,縣首領,12
杭村司巡檢,巡檢,縣首領,12
石門司巡檢,巡檢,縣首領,12
杯溪司巡檢,巡檢,縣首領,12
州同駐陽平関,州同,州佐貳,12
中營巡檢,,武職,12
小直沽批驗所大使,,雜職,12
安江司巡檢,巡檢,縣首領,12
高亭司巡檢,巡檢,縣首領,12
澗富嶺巡檢,巡檢,縣首領,12
軍捕通判,通判,府佐貳,12
石浦巡檢,巡檢,縣首領,12
石浦司巡檢,巡檢,縣首領,12
雙江司巡檢,巡檢,縣首領,12
沙溝巡檢,巡檢,縣首領,12
同知駐思茅,同知,府佐貳,12
層山司巡檢,巡檢,縣首領,12
天井閘閘官,,雜職,12
明港馹丞兼巡檢事,,雜職,12
江南道事監察禦史,,unknown,12
小姑山巡檢,巡檢,縣首領,12
布政司经历,,省級,12
排埠塘巡檢,巡檢,縣首領,12
雒陽司巡檢,巡檢,縣首領,12
同知駐古州,同知,府佐貳,12
巴城司巡檢,巡檢,縣首領,12
大錢湖口巡檢,巡檢,縣首領,12
汰廈巡檢,巡檢,縣首領,12
通判駐丹江,通判,府佐貳,12
同知駐八寨,同知,府佐貳,12
江都管河縣丞,縣丞,縣佐貳,12
沛縣主簿,主簿,縣首領,12
河務同知,同知,府佐貳,12
翰林院修撰,,京官,12
益將司巡檢,巡檢,縣首領,12
宿遷南岸主簿,主簿,縣首領,12
澱山巡檢,巡檢,縣首領,12
鎮守福建金門等處地方總兵官,,武職,12
翰林院侍讀學士,,京官,12
宿遷運河主簿,主簿,縣首領,12
右宗人,,unknown,12
管河通判駐子牙河,通判,府佐貳,12
濠寨巡檢,巡檢,縣首領,12
水北墟巡檢,巡檢,縣首領,12
天目山巡檢,巡檢,縣首領,12
管粮水利州判,州判,州佐貳,12
視渡口巡檢,巡檢,縣首領,12
特授藍翎侍衞,,武職,12
和林格爾通判,通判,府佐貳,12
赭山司巡檢,巡檢,縣首領,12
趙家村巡檢,巡檢,縣首領,12
工部侍郎,,京官,12
大江口巡檢,巡檢,縣首領,12
雞鳴馹丞,,雜職,12
相安司巡檢,巡檢,縣首領,12
保安馬馹丞,,雜職,12
隆頭司巡檢,巡檢,縣首領,12
楊莊閘閘官,,雜職,12
淸軍水利同知,水利同知,府佐貳,12
州判駐大塘,州判,州佐貳,12
房村街巡檢,巡檢,縣首領,12
總捕通判,通判,府佐貳,12
縣丞駐東樂堡,縣丞,縣佐貳,12
縣丞駐林子口,縣丞,縣佐貳,12
知縣改授教授,教授,教職,12
楊家堂巡檢,巡檢,縣首領,12
順天府府尹,,unknown,12
知县改授教谕,教諭,教職,12
縣丞駐鹿寨村,縣丞,縣佐貳,12
經歴,,unknown,12
錦田寨巡檢,巡檢,縣首領,12
北鄉寨巡檢,巡檢,縣首領,12
鞍匠屯巡檢,巡檢,縣首領,12
碭山管河主簿,主簿,縣首領,12
塩運司經歷,經歷,府首領,12
長浦司巡檢,巡檢,縣首領,12
大信司巡檢,巡檢,縣首領,12
御前侍衛,,武職,12
銅山南岸主簿,主簿,縣首領,12
學錄,,unknown,12
桃川市巡檢,巡檢,縣首領,12
梅莊司巡檢,巡檢,縣首領,12
神木理事同知,理事同知,府佐貳,12
掌印中書舍人,,京官,12
捕盜通判,通判,府佐貳,12
縣丞駐紅水堡,縣丞,縣佐貳,12
鎮守浙江杭州等處地方副都統,,unknown,12
掌京畿道監察御史,,京官,12
縣丞駐菴埠,縣丞,縣佐貳,12
新城巡檢,巡檢,縣首領,12
七品官,,unknown,12
滁口司巡檢,巡檢,縣首領,12
福興閘閘官,,雜職,12
挈壺正,,unknown,12
純惠皇貴妃園寢讀祝官,,京官,12
鄭家坊巡檢,巡檢,縣首領,12
極高司巡檢,巡檢,縣首領,12
張山店巡檢,巡檢,縣首領,12
七引店巡檢,巡檢,縣首領,12
槐樓巡檢,巡檢,縣首領,12
玉環司巡檢,巡檢,縣首領,12
太平橋巡檢,巡檢,縣首領,12
五縣寨巡檢,巡檢,縣首領,12
王千寨巡檢,巡檢,縣首領,12
安東管河主簿,主簿,縣首領,12
鄭家口巡檢,巡檢,縣首領,12
白土巡檢,巡檢,縣首領,12
鷓鴣巡檢,巡檢,縣首領,12
經歷移駐右甸,經歷,府首領,12
莊浪同知,同知,府佐貳,12
州同駐三角淀,州同,州佐貳,12
在城閘閘官,,雜職,12
縣丞駐忠路,縣丞,縣佐貳,12
太常寺少卿,,京官,12
惠濟閘閘官,,雜職,11
奎文閣典籍,,京官,11
梅渚司巡檢,巡檢,縣首領,11
下河寨巡檢,巡檢,縣首領,11
管粮水利縣丞,縣丞,縣佐貳,11
磁家務巡檢,巡檢,縣首領,11
吉林理事同知,理事同知,府佐貳,11
奔牛司巡檢,巡檢,縣首領,11
管界司巡檢,巡檢,縣首領,11
榛子鎮巡檢,巡檢,縣首領,11
石港口巡檢,巡檢,縣首領,11
黑龍江管檔主事,,unknown,11
牛庄巡檢,巡檢,縣首領,11
拉林倉官,,京官,11
縣丞駐貢井,縣丞,縣佐貳,11
平山巡檢,巡檢,縣首領,11
天壇五品官,,京官,11
縣丞分駐嵐下,縣丞,縣佐貳,11
小河司巡檢,巡檢,縣首領,11
主事虞衡司行走,,京官,11
頓莊閘閘官,,雜職,11
按察司经历,,省級,11
按照借補典史,典史,縣首領,11
大鎗嶺巡檢,巡檢,縣首領,11
大閣兒巡檢,巡檢,縣首領,11
靖海司巡檢,巡檢,縣首領,11
江東司巡檢,巡檢,縣首領,11
下邾巡檢,巡檢,縣首領,11
項村司巡檢,巡檢,縣首領,11
南澳海防軍民同知,同知,府佐貳,11
社稷壇五品官,,京官,11
瓜埠司巡檢,巡檢,縣首領,11
常州領運千總,,武職,11
高良澗主簿,主簿,縣首領,11
粮儲道庫大使,,省級,11
江淮司巡檢,巡檢,縣首領,11
縣丞駐周村,縣丞,縣佐貳,11
桃源中河主簿,主簿,縣首領,11
平望司巡檢,巡檢,縣首領,11
黄泗浦港巡檢,巡檢,縣首領,11
竹崎司巡檢,巡檢,縣首領,11
白都訥倉官,,京官,11
司务,,京官,11
硤口巡檢,巡檢,縣首領,11
王村州巡檢,巡檢,縣首領,11
丹徒管河縣丞,縣丞,縣佐貳,11
安山閘閘官,,雜職,11
癸未科散館檢討,,京官,11
零溪司巡檢,巡檢,縣首領,11
宗人府府丞,,京官,11
廈門分防同知,同知,府佐貳,11
掌印给事中,,京官,11
卯峒巡檢,巡檢,縣首領,11
中村巡檢,巡檢,縣首領,11
縣丞駐安仁莊,縣丞,縣佐貳,11
鳴賛鞭官,,京官,11
張家坪巡檢,巡檢,縣首領,11
白石司巡檢,巡檢,縣首領,11
靈山司巡檢,巡檢,縣首領,11
縣丞駐劄南溪,縣丞,縣佐貳,11
張家口理事同知,理事同知,府佐貳,11
縣丞駐劄新城,縣丞,縣佐貳,11
縣丞駐太湖,縣丞,縣佐貳,11
州判管經歷事,州判,州佐貳,11
欽天監右監副,,京官,11
筠門嶺巡檢,巡檢,縣首領,11
兼理員外郎,,京官,11
平樂一甲巡檢,巡檢,縣首領,11
後部司巡檢,巡檢,縣首領,11
縣丞分駐盛澤鎮,縣丞,縣佐貳,11
寕鄉巡檢,巡檢,縣首領,11
三角淀管河通判,通判,府佐貳,11
曹娥場塩課大使,,京官,11
下歷巡檢,巡檢,縣首領,11
固鎮巡檢,巡檢,縣首領,11
婁底市巡檢,巡檢,縣首領,11
分巡漢興道駐劄漢中府,,unknown,11
桃源北岸主簿,主簿,縣首領,11
地壇五品官,,京官,11
皂口司巡檢,巡檢,縣首領,11
固堤店巡檢,巡檢,縣首領,11
奉天府府尹,,unknown,11
鰲山衛巡檢,巡檢,縣首領,11
三陵主事,,京官,11
柯橋司巡檢,巡檢,縣首領,11
縣丞駐永和里,縣丞,縣佐貳,11
朝鮮六品通官,,京官,11
歸陽市巡檢,巡檢,縣首領,11
太醫院院使,,京官,11
上南河同知,同知,府佐貳,11
石門寨巡檢,巡檢,縣首領,11
縣丞駐楞村,縣丞,縣佐貳,11
額外侍郎,,unknown,11
朱陽巡檢,巡檢,縣首領,11
安東管河縣丞,縣丞,縣佐貳,11
甘泉管河主簿,主簿,縣首領,11
周家店閘閘官,,雜職,11
照磨駐劄濮院,照磨,府首領,11
涵江司巡檢,巡檢,縣首領,11
石堂巡檢,巡檢,縣首領,11
漕粮通判,通判,府佐貳,11
河西務主簿,主簿,縣首領,11
采育巡檢,巡檢,縣首領,11
南坪堡巡檢,巡檢,縣首領,11
漁溪司巡檢,巡檢,縣首領,11
通州分司運判,,unknown,11
金山場塩課大使,,京官,11
主簿管吏目事,主簿,縣首領,11
五寨司巡檢,巡檢,縣首領,11
舊江口巡檢,巡檢,縣首領,11
石島司巡檢,巡檢,縣首領,11
銀庫主事,,京官,11
興泰里巡檢,巡檢,縣首領,11
知縣借補縣丞,縣丞,縣佐貳,11
沙溪司巡檢,巡檢,縣首領,11
虎渡口巡檢,巡檢,縣首領,11
沙洋水利州同,州同,州佐貳,11
左安司巡檢,巡檢,縣首領,11
葉坊馹巡檢,巡檢,縣首領,11
通流河閘官,,雜職,11
涇江口巡檢,巡檢,縣首領,11
撫標中軍參將兼管左營事,,武職,11
粮河縣丞,縣丞,縣佐貳,11
粮道庫大使,,省級,11
潭口司巡檢,巡檢,縣首領,11
郭家屯巡檢,巡檢,縣首領,11
塩捕通判,通判,府佐貳,11
盧溝橋巡檢,巡檢,縣首領,11
吏目兼理茶務,吏目,州首領,11
長壽司巡檢,巡檢,縣首領,11
粮餉理事同知,理事同知,府佐貳,11
塩捕淸軍同知,同知,府佐貳,11
海州管河州同,州同,州佐貳,11
長亭場塩課大使,,京官,11
巡檢駐中後所,巡檢,縣首領,11
則補巡檢,巡檢,縣首領,11
十字路巡檢,巡檢,縣首領,11
海防同知駐南臺,同知,府佐貳,11
三姓倉官,,京官,11
長安鎮巡檢,巡檢,縣首領,11
州同駐花馬池,州同,州佐貳,11
泗州寨巡檢,巡檢,縣首領,11
故交村巡檢,巡檢,縣首領,11
主簿駐蘇家橋,主簿,縣首領,11
大沽河口巡檢,巡檢,縣首領,11
州判駐三角淀,州判,州佐貳,11
閑散滿整儀尉,,武職,11
新涇司巡檢,巡檢,縣首領,11
二十四都巡檢,巡檢,縣首領,11
州判駐白馬関,州判,州佐貳,11
提督浙江全省水陸軍務等處地方總兵官,,武職,11
長盈庫大使,,京官,11
興化鄉巡檢,巡檢,縣首領,11
江頭巡檢,巡檢,縣首領,11
蘇州白粮幫領運千總,,武職,11
葛沽巡檢,巡檢,縣首領,11
盱眙管河縣丞,縣丞,縣佐貳,11
錦岡巡檢,巡檢,縣首領,11
隆回司巡檢,巡檢,縣首領,11
鴻臚寺正卿,,京官,10
廣西等處承宣布政使司布政使,,unknown,10
楊義長官司,,土司,10
大嵩場塩課大使,,京官,10
楊溪司巡檢,巡檢,縣首領,10
廣通鎮巡檢,巡檢,縣首領,10
右幫領運千總,,武職,10
古州理苗照磨,照磨,府首領,10
東江場塩課大使,,京官,10
棗林閘閘官,,雜職,10
清泥司巡檢,巡檢,縣首領,10
州判駐羅泉井,州判,州佐貳,10
總巡水利通判,通判,府佐貳,10
衡陽鎮巡檢,巡檢,縣首領,10
縣丞駐南村,縣丞,縣佐貳,10
海防同知移駐崖州,同知,府佐貳,10
督粮水利通判,通判,府佐貳,10
長安馹丞,,雜職,10
上津堡巡檢,巡檢,縣首領,10
都察院左副都禦使,,京官,10
錢清場塩課大使,,京官,10
長興巡檢,巡檢,縣首領,10
縣丞駐侯鎮,縣丞,縣佐貳,10
三層嶺巡檢,巡檢,縣首領,10
托克托城理事通判,理事通判,府佐貳,10
橋頭巡檢,巡檢,縣首領,10
經筵日講起居注官御前大臣太子太保領侍衛內大臣文華殿大學士文淵閣領閣事兼提舉閣事管理吏部戶部刑部理藩院太醫院藥房戶部三庫事務總管內務府大臣翰林院掌院學士教習庶吉士管理武備院御船處？導處事務正白旗滿洲都統總理健銳營圓明園八旗內府三旗官兵大臣步軍統領,,京官,10
馬踏石巡檢,巡檢,縣首領,10
嘉興批驗所大使,,雜職,10
稽察中書科事務內閣學士兼禮部侍郎,,京官,10
吏目備補典史,典史,縣首領,10
磨盤洲巡檢,巡檢,縣首領,10
杯山司巡檢,巡檢,縣首領,10
郭店馹丞,,雜職,10
震澤巡檢,巡檢,縣首領,10
九品执事官,,unknown,10
湖北等處承宣布政使司布政使,,unknown,10
縣丞駐仁壽,縣丞,縣佐貳,10
古城寨巡檢,巡檢,縣首領,10
蕭縣管河主簿,主簿,縣首領,10
廣東等處承宣布政使司布政使,,unknown,10
秀洲司巡檢,巡檢,縣首領,10
阿城上下閘閘官,,雜職,10
大嶨巡檢,巡檢,縣首領,10
清軍督捕水利同知,同知,府佐貳,10
海州分司運判,,unknown,10
清軍海防總捕同知,同知,府佐貳,10
草市司巡檢,巡檢,縣首領,10
鎮守河南南陽等處地方總兵官,,武職,10
海門巡檢,巡檢,縣首領,10
安東衛巡檢,巡檢,縣首領,10
十三都巡檢,巡檢,縣首領,10
靑山司巡檢,巡檢,縣首領,10
栲栳島巡檢,巡檢,縣首領,10
華陽鎮巡檢,巡檢,縣首領,10
鑾儀衛鑾儀使,,京官,10
北魏村巡檢,巡檢,縣首領,10
太醫院右院判,,京官,10
鉛廠司巡檢,巡檢,縣首領,10
呂城巡檢,巡檢,縣首領,10
柘洋巡檢,巡檢,縣首領,10
請旨分巡松江太倉兵備道兼管水利事務,,unknown,10
縣丞駐江滸山,縣丞,縣佐貳,10
理事同知駐劄乍浦,同知,府佐貳,10
塩茶同知,同知,府佐貳,10
鹹安宮官學教習,,京官,10
湖鎮司巡檢,巡檢,縣首領,10
岳山巡檢,巡檢,縣首領,10
理刑司主事,,京官,10
四氏學教授,教授,教職,10
銅山縣縣丞,縣丞,縣佐貳,10
請旨分巡河南開歸陳許等處兼理河務兵備道,,unknown,10
縣丞駐羅溪,縣丞,縣佐貳,10
孝東陵員外郎,,京官,10
理番同知,同知,府佐貳,10
萬年閘閘官,,雜職,10
神樂觀署正,,京官,10
台拱同知,同知,府佐貳,10
桃源南岸主簿,主簿,縣首領,10
青鎮司巡檢,巡檢,縣首領,10
鎮守浙江溫州等處地方總兵官,,武職,10
縣丞駐朱亭,縣丞,縣佐貳,10
鷹潭鎮巡檢,巡檢,縣首領,10
開順鎮巡檢,巡檢,縣首領,10
二帮领运千总,,unknown,10
采石巡檢,巡檢,縣首領,10
開河閘閘官,,雜職,10
縣丞駐峯市,縣丞,縣佐貳,10
漕標中軍副將兼管中營事,,武職,10
張登司巡檢,巡檢,縣首領,10
縣丞駐平海,縣丞,縣佐貳,10
乾州訓導,訓導,教職,10
新設水南渡巡檢,巡檢,縣首領,10
縣丞駐張夏鎮,縣丞,縣佐貳,10
清河外河主簿,主簿,縣首領,10
金子磯鎮巡檢,巡檢,縣首領,10
安東巡檢,巡檢,縣首領,10
縣丞駐赤水,縣丞,縣佐貳,10
白塩井大使,,京官,10
長官司,,土司,10
滄州分司運判,,unknown,10
金山司巡檢,巡檢,縣首領,10
清河中河主簿,主簿,縣首領,10
縣丞駐朗洞,縣丞,縣佐貳,10
梁家鄉閘閘官,,雜職,10
吏目管白沙巡檢事,吏目,州首領,10
行村寨巡檢,巡檢,縣首領,10
穿山巡檢,巡檢,縣首領,10
吳塔司巡檢,巡檢,縣首領,10
石佛閘閘官,,雜職,10
永隆太平市巡檢,巡檢,縣首領,10
播陽司巡檢,巡檢,縣首領,10
永慶司巡檢,巡檢,縣首領,10
將軍衙門管檔主事,,unknown,10
將軍衙門主事,,京官,10
天堂寨巡檢,巡檢,縣首領,10
永通閘閘官,,雜職,10
常州幫領運千總,,武職,10
直隸同知,同知,府佐貳,10
吉陽鎮巡檢,巡檢,縣首領,10
儀徵管河縣丞,縣丞,縣佐貳,10
軍粮同知,同知,府佐貳,10
舊城司巡檢,巡檢,縣首領,10
永盈庫大使,,京官,10
日講官起居注官翰林院侍讀學士,,京官,10
八品执事官,,unknown,10
粮捕水利縣丞,縣丞,縣佐貳,10
縣丞移駐南城,縣丞,縣佐貳,10
永平寨巡檢,巡檢,縣首領,10
船溪巡檢,巡檢,縣首領,10
縣丞分駐汕尾,縣丞,縣佐貳,10
三要司巡檢,巡檢,縣首領,10
高家鎮巡檢,巡檢,縣首領,10
南岸主簿,主簿,縣首領,10
天妃閘閘官,,雜職,10
通州管河州判,州判,州佐貳,10
平海巡檢,巡檢,縣首領,10
西半壁山巡檢,巡檢,縣首領,10
提督雲南全省等處地方軍務總兵官,,武職,10
通政使司副使,,京官,10
大橋司巡檢,巡檢,縣首領,10
沙市司巡檢,巡檢,縣首領,10
同知駐喜鵲營,,武職,10
管銀庫郎中,,京官,10
全旺司巡檢,巡檢,縣首領,10
南河千總,,武職,10
南橋鎮巡檢,巡檢,縣首領,10
內閣典籍,,京官,10
左旗營巡檢,,武職,10
三江場塩課大使,,京官,10
際門巡檢,巡檢,縣首領,10
日講起居注官翰林院侍講,,京官,10
高橋巡檢,巡檢,縣首領,10
小河溪巡檢,巡檢,縣首領,10
粮塩捕盗通判,通判,府佐貳,10
維西通判,通判,府佐貳,10
緝捕同知,同知,府佐貳,10
龍池巡檢,巡檢,縣首領,10
餘東場塩課大使,,京官,10
大通巡檢,巡檢,縣首領,10
臺莊閘閘官,,雜職,10
興京理事通判,理事通判,府佐貳,10
江東巡檢,巡檢,縣首領,10
左幫領運千總,,武職,10
沈邱鎮巡檢,巡檢,縣首領,10
同知管知州事,同知,府佐貳,10
迎仙寨沿海巡檢,巡檢,縣首領,10
布政司倉大使,,省級,10
江口鎭巡檢,巡檢,縣首領,10
興化縣縣丞,縣丞,縣佐貳,10
簰洲鎮巡檢,巡檢,縣首領,10
光祿寺署正,,京官,10
縣丞分駐高灘,縣丞,縣佐貳,10
西固州同,州同,州佐貳,10
朱仙鎮巡檢,巡檢,縣首領,10
司務廳司務,,京官,10
黄雒司巡檢,巡檢,縣首領,10
泇河水利同知,水利同知,府佐貳,10
賒旗店巡檢,巡檢,縣首領,10
李清店巡檢,巡檢,縣首領,10
南陽閘閘官,,雜職,10
特简知州,知州,州正印,10
撫民同知,同知,府佐貳,10
縣丞移駐溪河,縣丞,縣佐貳,10
李陽巡檢,巡檢,縣首領,10
高井寨巡檢,巡檢,縣首領,10
泰陵郎中,,京官,10
貴州等處承宣布政使司布政使,,unknown,10
歹補巡檢,巡檢,縣首領,10
石門隘巡檢,巡檢,縣首領,10
歸化城理事同知,理事同知,府佐貳,10
巡檢管司獄事,巡檢,縣首領,10
主事典屬司行走,,京官,10
馬當鎮巡檢,巡檢,縣首領,10
前所巡檢,巡檢,縣首領,10
撫彝通判,通判,府佐貳,10
寕遠司獄,司獄,府首領,10
督標中軍副將兼管左營事,,武職,10
北汛管河掌印千總,,武職,9
梁家沙巡檢,巡檢,縣首領,9
复设经历,經歷,府首領,9
蘭溪司巡檢,巡檢,縣首領,9
梅園巡檢駐永安市,巡檢,縣首領,9
鳳嶺巡檢,巡檢,縣首領,9
新店閘閘官,,雜職,9
鎮守直隸正定順廣大等處地方總兵官,,武職,9
大巴山巡檢,巡檢,縣首領,9
分巡南汝光道駐劄信陽州兼管水利事務,,unknown,9
杭州批驗所大使,,雜職,9
東塘海防同知,同知,府佐貳,9
鎮守福建漳州浦詔雲霄等處地方總兵官,,武職,9
知縣管廣濟庫大使事,知縣,縣正印,9
杜林鎮巡檢,巡檢,縣首領,9
百丈巡檢,巡檢,縣首領,9
蘭考北岸巡檢,巡檢,縣首領,9
土州判,州判,州佐貳,9
老隆巡檢,巡檢,縣首領,9
太子寺州判,州判,州佐貳,9
桃源安清中河通判,通判,府佐貳,9
新設龍潭司巡檢,巡檢,縣首領,9
上岡司巡檢,巡檢,縣首領,9
朱家河巡檢,巡檢,縣首領,9
南潯鎮巡檢,巡檢,縣首領,9
南旺閘閘官,,雜職,9
翰林改授知县,知縣,縣正印,9
塩課大使,,京官,9
撫民通判,通判,府佐貳,9
杜勝集巡檢,巡檢,縣首領,9
餘西場塩課大使,,京官,9
蕯拉齊理事通判,理事通判,府佐貳,9
馬蹟山巡檢,巡檢,縣首領,9
楊村馹丞管巡檢事,,雜職,9
盤陀巡檢,巡檢,縣首領,9
蘇州巡檢,巡檢,縣首領,9
北團寨巡檢,巡檢,縣首領,9
監督郎中,,京官,9
三水司巡檢,巡檢,縣首領,9
给事中,,京官,9
掘港場塩課大使,,京官,9
磚板閘閘官,,雜職,9
西山巡檢,巡檢,縣首領,9
蘇州幫領運千總,,武職,9
西路司獄駐盧溝橋,司獄,府首領,9
鑄印局大使,,京官,9
鎮守浙江乍浦等處地方副都統,,unknown,9
北倉大使兼西沽巡檢事,,京官,9
鎮守福建汀延邵等處地方總兵官,,武職,9
丁溪場塩課大使,,京官,9
顧山鎮巡檢,巡檢,縣首領,9
提督甘肅等處地方節制各鎭總兵官,,武職,9
新設浮洋市巡檢,巡檢,縣首領,9
易古巡檢,巡檢,縣首領,9
督理水利通判,通判,府佐貳,9
景山官學教習,,京官,9
鳴鶴場塩課大使,,京官,9
知印,,unknown,9
景德鎮巡檢,巡檢,縣首領,9
南信巡檢駐泊子鎮,巡檢,縣首領,9
知事駐大関,知事,府首領,9
景陵妃園寢讀祝官,,京官,9
景陵禮部郎中,,京官,9
花橋司巡檢,巡檢,縣首領,9
莊浪鄕學訓導,訓導,教職,9
松江批驗所大使,,雜職,9
詩禮堂啟事,,unknown,9
鮑郎場塩課大使,,京官,9
分巡平慶等處地方塩法兵備道駐劄固原州,,unknown,9
天橋廠廵口巡檢,巡檢,縣首領,9
角斜場塩課大使,,京官,9
書寫,,unknown,9
督粮道廣盈庫大使,,省級,9
高仰司巡檢,巡檢,縣首領,9
魏家灣巡檢,巡檢,縣首領,9
十二都巡檢,巡檢,縣首領,9
鮀浦司巡檢,巡檢,縣首領,9
石堤巡檢,巡檢,縣首領,9
大慶関主簿,主簿,縣首領,9
知事兼織染局,知事,府首領,9
石碑場塩課大使,,京官,9
督捕同知駐桃源集,同知,府佐貳,9
太平場巡檢,巡檢,縣首領,9
白水鎮巡檢,巡檢,縣首領,9
鎮安司巡檢,巡檢,縣首領,9
太醫院左院判,,京官,9
大龍司巡檢兼管馹務,巡檢,縣首領,9
碧甲司巡檢,巡檢,縣首領,9
新設石期市巡檢,巡檢,縣首領,9
托克托城巡檢,巡檢,縣首領,9
奉天理事通判,理事通判,府佐貳,9
方家堰巡檢,巡檢,縣首領,9
昭西陵禮部員外郎,,京官,9
整飭分巡口外熱河等處地方兵備道,,unknown,9
西鄉司巡檢,巡檢,縣首領,9
桃林土門司巡檢,巡檢,縣首領,9
石景山河務同知,同知,府佐貳,9
百色寨巡檢,巡檢,縣首領,9
三橋鎮巡檢,巡檢,縣首領,9
桂源巡檢,巡檢,縣首領,9
生米鎮巡檢,巡檢,縣首領,9
塩茶庫大使,,京官,9
高才坂巡檢,巡檢,縣首領,9
城門鄉巡檢,巡檢,縣首領,9
石埠集巡檢,巡檢,縣首領,9
羅坊司巡檢,巡檢,縣首領,9
北運河通判駐楊村,通判,府佐貳,9
萬壽司巡檢,巡檢,縣首領,9
督捕同知駐河口,同知,府佐貳,9
甲子巡檢,巡檢,縣首領,9
掌陝西道監察御史,,京官,9
百順司巡檢,巡檢,縣首領,9
西黄村巡檢,巡檢,縣首領,9
劉莊場塩課大使,,京官,9
虢川巡檢,巡檢,縣首領,9
？？？？？？,,未填寫,9
林墟司巡檢,巡檢,縣首領,9
西興水馹丞,,雜職,9
湖北提塘,,unknown,9
江南提塘,,unknown,9
海防同知,同知,府佐貳,9
縣丞移駐南翔鎮,縣丞,縣佐貳,9
主事廣東司行走,,京官,9
雲南等處承宣布政使司布政使,,unknown,9
水尾巡檢,巡檢,縣首領,9
水西巡檢,巡檢,縣首領,9
寕遠理事通判,理事通判,府佐貳,9
防城司巡檢,巡檢,縣首領,9
永壽巡檢,巡檢,縣首領,9
永寕巡檢,巡檢,縣首領,9
吉林倉官,,京官,9
平政司巡檢,巡檢,縣首領,9
吉林巡檢,巡檢,縣首領,9
管粮主簿駐劄楓涇鎮,主簿,縣首領,9
平山司巡檢,巡檢,縣首領,9
八品通官,,京官,9
鎮守三姓地方副都統,,unknown,9
寶應管河主簿,主簿,縣首領,9
雙溝司巡檢,巡檢,縣首領,9
縣丞分駐垻橋,縣丞,縣佐貳,9
辛卯科散館檢討,,京官,9
永豐鎮巡檢,巡檢,縣首領,9
海防同知駐劄乍浦,同知,府佐貳,9
永陽鎮巡檢,巡檢,縣首領,9
將盈庫大使,,京官,9
齊齊哈爾倉官,,京官,9
管河陽封縣丞,縣丞,縣佐貳,9
司獄管經歷事,司獄,府首領,9
宿遷運河通判,通判,府佐貳,9
經歷駐大樹堡,經歷,府首領,9
丹徒鎮巡檢,巡檢,縣首領,9
丹陽管河縣丞,縣丞,縣佐貳,9
滄海通判,通判,府佐貳,9
象洞寨巡檢,巡檢,縣首領,9
淮北批驗所大使,,雜職,9
雲貴提塘,,unknown,9
管河上汛縣丞,,武職,9
兵部侍郎兼都察院右副都御史巡撫廣東等處地方提督軍務兼理粮餉,,省級,9
喇峒巡檢,巡檢,縣首領,9
山清外河同知,同知,府佐貳,9
武隆巡檢,巡檢,縣首領,9
淀河州判,州判,州佐貳,9
管河縣丞駐永定河,縣丞,縣佐貳,9
宿遷北岸主簿,主簿,縣首領,9
縣丞移駐錢家集,縣丞,縣佐貳,9
州同駐劄始陽,州同,州佐貳,9
司書,,unknown,9
殺虎口巡檢,巡檢,縣首領,9
母亨巡檢,巡檢,縣首領,9
特用知县,知縣,縣正印,9
州同駐溪口,州同,州佐貳,9
雲州馹丞,,雜職,9
管河縣丞駐三角淀,縣丞,縣佐貳,9
管河縣丞駐楊村,縣丞,縣佐貳,9
縣丞分駐凱里,縣丞,縣佐貳,9
江南江淮揚徐海通等處承宣布政使司布政使,,unknown,9
穿長場塩課大使,,京官,9
辦院事,,unknown,9
鎭守甘肅寕夏等處地方總兵官,,武職,9
泰陵禮部郎中,,京官,9
泰陵禮部主事,,京官,9
照磨兼管茶庫大使事,照磨,府首領,9
同知駐東冶鎭,同知,府佐貳,9
同知駐永綏,同知,府佐貳,9
長墩司巡檢,巡檢,縣首領,9
道士袱巡檢,巡檢,縣首領,9
通判駐涼傘,通判,府佐貳,9
泰州分司運判,,unknown,9
山東前幫領運千總,,武職,9
山東後幫領運千總,,武職,9
河南提塘,,unknown,9
河南等處承宣布政使司布政使,,unknown,9
工部郎中,,京官,9
和溪司巡檢管南平馹,巡檢,縣首領,9
河口鎮巡檢,巡檢,縣首領,9
粮河水利縣丞,縣丞,縣佐貳,9
河捕通判駐劄滄州,通判,府佐貳,9
山西等處承宣布政使司布政使,,unknown,9
河田巡檢,巡檢,縣首領,9
和合馹丞管巡檢事,,雜職,9
山西提塘,,unknown,9
河邑巡檢,巡檢,縣首領,9
濱樂分司運同駐濱州,,unknown,9
經筵講官兵部尚書,,京官,9
沙土集巡檢,巡檢,縣首領,9
光福鎮巡檢,巡檢,縣首領,9
他郎通判,通判,府佐貳,9
仁和場塩課大使,,京官,9
州同駐黄龍,州同,州佐貳,9
小池口巡檢,巡檢,縣首領,9
巨盈庫大使,,京官,9
粮務水利州判,州判,州佐貳,9
左評事,,京官,9
都事兼粮道庫大使事,,省級,9
牛華溪塩課大使,,京官,9
龍泉巡檢,巡檢,縣首領,9
江西等處承宣布政使司布政使,,unknown,9
浙江提塘,,unknown,9
牛庄倉官,,京官,9
居庸関税课大使,,京官,9
經筵講官體仁閣大學士管理國子監事務,,京官,9
巡撫兼理提督統轄全省等處地方軍務節制各鎮,,省級,9
小溪水馬馹丞,,雜職,9
潞城巡檢,巡檢,縣首領,9
同知駐劄大関,同知,府佐貳,9
仲家淺閘閘官,,雜職,9
尼山學錄,,unknown,9
池州幫領運千總,,武職,9
熊岳倉官,,京官,9
龍華鎮巡檢,巡檢,縣首領,9
同知駐劄烏鎮,同知,府佐貳,9
官亭巡檢,巡檢,縣首領,9
管河吏目,吏目,州首領,9
河陰巡檢,巡檢,縣首領,9
總捕水利同知,水利同知,府佐貳,9
請旨整飭分巡鞏秦階等處地方督理茶馬屯田道,,省級,9
得勝坡巡檢,巡檢,縣首領,9
徐州幫領運千總,,武職,9
縣丞駐楊林街,縣丞,縣佐貳,9
縣丞駐楊巷鎮,縣丞,縣佐貳,9
縣丞駐桐家坊,縣丞,縣佐貳,9
四川等處承宣布政使司布政使,,unknown,9
福建等處承宣布政使司布政使,,unknown,9
縣丞駐柳霽,縣丞,縣佐貳,9
銅山？虎巡檢,巡檢,縣首領,9
彌沙井塩課大使,,京官,9
州判駐劄威信,州判,州佐貳,9
兼文選司,,unknown,9
請旨分巡大順廣兵備道兼水利河道事,,省級,9
中公集主簿,主簿,縣首領,9
福永司巡檢,巡檢,縣首領,9
縣丞駐華峯,縣丞,縣佐貳,9
中和司巡檢,巡檢,縣首領,9
四川提塘,,unknown,9
典史駐衛城,典史,縣首領,9
守御千总,,unknown,9
金沙場塩課大使,,京官,9
福建提塘,,unknown,9
綏遠城理事同知,理事同知,府佐貳,9
乾州同知,同知,府佐貳,9
州同兼管水利事,州同,州佐貳,9
縣丞駐美原鎭,縣丞,縣佐貳,9
清軍捕盜同知,同知,府佐貳,9
請旨分巡浙江杭嘉湖兵備道兼管海防事務,,unknown,9
縣丞駐笨港,縣丞,縣佐貳,9
吏目駐劄碉門,吏目,州首領,9
縣丞駐関山鎭,縣丞,縣佐貳,9
復設經歷,經歷,府首領,9
靳家口閘官,,雜職,9
縣丞駐石匣,縣丞,縣佐貳,9
縣丞駐雲霄,縣丞,縣佐貳,9
請旨分巡山東全省運河兵備道兼管河庫事務,,unknown,9
祥陳北岸巡檢,巡檢,縣首領,9
孝東陵禮部員外郎,,京官,9
戶部主事,,京官,9
湖南提塘,,unknown,9
孟村巡檢,巡檢,縣首領,9
湖蘭倉官,,京官,9
銅山北岸主簿,主簿,縣首領,9
長樂巡檢,巡檢,縣首領,9
獨流鎮巡檢,巡檢,縣首領,9
主簿駐二洲埡,主簿,縣首領,9
請旨分巡兵備道轄安徽寕池太廣德州等處駐蕪湖縣,,unknown,9
橫浦場塩課大使,,京官,9
總捕通判駐上洋口,通判,府佐貳,9
廣西提塘,,unknown,9
欽差理藩院員外郎管理烏蘭哈達稅務,,京官,9
瓜州鎮巡檢,巡檢,縣首領,9
縣丞駐下街鎭,縣丞,縣佐貳,9
廣盈倉大使,,京官,9
港口司巡檢,巡檢,縣首領,9
右春坊右庶子,,unknown,9
分塩所巡檢,巡檢,縣首領,9
鎭守山西太原等處地方總兵官,,武職,9
閩安鎮沿海巡檢,巡檢,縣首領,9
廣東提塘,,unknown,9
呂東巡檢,巡檢,縣首領,9
安邉理事同知,理事同知,府佐貳,9
廣南巡檢,巡檢,縣首領,9
紫泥巡檢,巡檢,縣首領,9
兵部侍郎兼都察院右副都御史巡撫西安等處地方提督軍務兼理粮餉,,省級,9
縣丞駐冕山,縣丞,縣佐貳,9
縣丞駐西鄉大橋,縣丞,縣佐貳,9
鉅野屯屯官,,unknown,9
縣丞駐四女寺,縣丞,縣佐貳,9
州判兼管批驗所事,州判,州佐貳,9
獨山屯屯官,,unknown,9
安東長樂巡檢,巡檢,縣首領,9
經歷兼管永豊倉事,經歷,府首領,9
麗陽巡檢,巡檢,縣首領,9
下砂頭場塩課大使,,京官,9
縣丞駐劄瑞洪,縣丞,縣佐貳,9
欽天監監正公中佐領,,京官,9
欽天監監正,,京官,9
禮賢巡檢,巡檢,縣首領,9
縣丞駐四團鎮,縣丞,縣佐貳,9
淸軍捕盗同知,同知,府佐貳,9
呂四場塩課大使,,京官,9
山羊隘巡檢,巡檢,縣首領,8
鎭守廣東雷瓊水陸等處地方總兵官,,武職,8
山角司巡檢,巡檢,縣首領,8
州判駐龍関鎭,州判,州佐貳,8
鎭守廣東潮州等處地方總兵官,,武職,8
鎭守四川松潘等處地方提調漢土官兵控制苗彝總兵官,,武職,8
運漕鎮巡檢,巡檢,縣首領,8
鎭守廣東廣州等處地方左翼總兵官駐劄虎門,,武職,8
撫標中軍叅將兼左營事,,武職,8
鎭守廣東右翼南韶等處地方總兵官,,武職,8
州判駐呂邱店,州判,州佐貳,8
州判駐彭城,州判,州佐貳,8
長吉里巡檢,巡檢,縣首領,8
文淵閣檢？？,,unknown,8
遷龍寨巡檢,巡檢,縣首領,8
長蘆批驗所大使,,雜職,8
撫標中軍叅將,,武職,8
教授管教諭事,教授,教職,8
那陳司巡檢,巡檢,縣首領,8
州同駐三足里,州同,州佐貳,8
大寺寨巡檢,巡檢,縣首領,8
阜田司巡檢,巡檢,縣首領,8
敎喻,,unknown,8
州同駐祝林總,州同,州佐貳,8
山陽縣外河主簿,主簿,縣首領,8
塩粮水利縣丞,縣丞,縣佐貳,8
岐亭同知,同知,府佐貳,8
鉄石磯頭巡檢,巡檢,縣首領,8
岑港巡檢,巡檢,縣首領,8
邳州新安巡檢,巡檢,縣首領,8
馴雉里巡檢,巡檢,縣首領,8
野三関巡檢,巡檢,縣首領,8
金華巡檢駐洙涇,巡檢,縣首領,8
街口司巡檢,巡檢,縣首領,8
金城寨巡檢,巡檢,縣首領,8
長林場塩課大使,,京官,8
金山幫領運千總,,武職,8
關陽鎮巡檢,巡檢,縣首領,8
銅山呂梁巡檢,巡檢,縣首領,8
夜護司巡檢,巡檢,縣首領,8
州同駐雙溝,州同,州佐貳,8
鎭守歸化城等處地方副都統,,unknown,8
邳州直河巡檢,巡檢,縣首領,8
撫番同知,同知,府佐貳,8
鎭守甘肅寕夏等處地方將軍,,unknown,8
鎭守廣西右江隆思上等處地方統轄漢土官兵總兵官,,武職,8
鎭守甘肅凉州等處地方副都統,,unknown,8
蘇橋巡檢,巡檢,縣首領,8
文德司巡檢,巡檢,縣首領,8
州同分駐三望,州同,州佐貳,8
州同分駐龍駒寨,州同,州佐貳,8
州判管典史事,州判,州佐貳,8
鎭守普洱沅威等處總兵官,,武職,8
閒散滿整儀尉,,武職,8
州同駐龍潭鎭,州同,州佐貳,8
袁埔場塩課大使,,京官,8
長江埠巡檢,巡檢,縣首領,8
周安鎭巡檢,巡檢,縣首領,8
山陽童家營巡檢,,武職,8
州同駐高沙市,州同,州佐貳,8
團風鎮巡檢,巡檢,縣首領,8
撫康司巡檢,巡檢,縣首領,8
塩捕水利州判,州判,州佐貳,8
掌印同知,同知,府佐貳,8
請旨撫治分巡西寕兵備道,,unknown,8
請旨江西通省督粮道兼巡南撫建等處地方兼管水利,,省級,8
安城鎭巡檢,巡檢,縣首領,8
安居巡檢,巡檢,縣首領,8
太平汛司巡檢,,武職,8
彭口閘閘官,,雜職,8
安平鄉巡檢,巡檢,縣首領,8
許村場塩課大使,,京官,8
掌司事汉治仪正,,unknown,8
太常寺正卿,,京官,8
豊利場塩課大使,,京官,8
右宗正,,unknown,8
豊瞻庫大使,,京官,8
豊縣主簿,主簿,縣首領,8
掌四川道事監察御史,,京官,8
城南稅大使兼管浙江馹務事,,京官,8
廣海寨巡檢,巡檢,縣首領,8
霍童巡檢,巡檢,縣首領,8
嚴鎮場塩課大使,,京官,8
嘉興白粮領運千總,,武職,8
康店鎮巡檢,巡檢,縣首領,8
角杯村巡檢,巡檢,縣首領,8
鎮守山東青州等處地方副都統,,unknown,8
官富司巡檢,巡檢,縣首領,8
請旨分巡雷瓊等處地方兵備道,,unknown,8
青村場塩課大使,,京官,8
土木馹丞管巡檢事,,雜職,8
戶部侍郎,,京官,8
扶溪司巡檢,巡檢,縣首領,8
批驗茶引所大使,,京官,8
鎮守河南河北等處地方總兵官,,武職,8
招携鎮巡檢,巡檢,縣首領,8
按察司照磨,,省級,8
古城巡檢移駐史家集,巡檢,縣首領,8
請旨分巡寕紹台兼管水利海防兵備道駐劄寕波府,,unknown,8
題分巡淮揚河務兵備道兼理漕務塩法海防等處駐淮安府,,unknown,8
捕河通判,通判,府佐貳,8
順林司巡檢兼管馹務,巡檢,縣首領,8
古宜甲主簿,主簿,縣首領,8
慈樂寨巡檢,巡檢,縣首領,8
鎮守江西南瑞撫建廣饒等處地方總兵官,,武職,8
請旨分巡左江兵備道駐劄南寕府,,unknown,8
威遠同知,同知,府佐貳,8
請旨分守常鎮通等處地方道,,unknown,8
請旨分巡廣東南韶連兵備道兼管水利事務,,unknown,8
掌主事,,京官,8
請旨分巡廣東惠潮嘉等處地方兵備道,,unknown,8
請旨分守口北兵備道整飭宣府張獨多三廳等處駐宣化府,,unknown,8
威遠知事,知事,府首領,8
忠信里巡檢,巡檢,縣首領,8
復設訓導移駐他郎,復設訓導,教職,8
固江鎮巡檢,巡檢,縣首領,8
掌所事冠軍使,,武職,8
官臺場塩課大使,,京官,8
鎮守山東登州等處地方駐劄登州總兵官,,武職,8
鎭守貴州威寕等處地方總兵官,,武職,8
大荊鎮巡檢,巡檢,縣首領,8
鎭守雲南開化廣西廣南等處地方總兵官,,武職,8
鎭守雲南貴州昭通雄威等處地方總兵官,,武職,8
鎭守雲南臨元澂江等處地方總兵官,,武職,8
大産司巡檢,巡檢,縣首領,8
香山司巡檢,巡檢,縣首領,8
大理寺左寺丞,,京官,8
西界沱巡檢,巡檢,縣首領,8
西溪稅課司大使,,雜職,8
鎭守貴州鎭遠等處地方總兵官,,武職,8
西水馹丞,,雜職,8
鎭守貴州古州等處地方總兵官,,武職,8
南津司巡檢,巡檢,縣首領,8
通判駐彌渡,通判,府佐貳,8
通判駐歸化营,,武職,8
咸安宮官學教習,,京官,8
同知駐黄岡,同知,府佐貳,8
通判駐黄角井,通判,府佐貳,8
通官,,京官,8
塩捕州同駐石門,州同,州佐貳,8
山東等處承宣布政使司布政使,,unknown,8
和林格爾巡檢,巡檢,縣首領,8
山東道監察禦史,,unknown,8
山海関通判,,省級,8
提督廣西全省水陸等處地方軍務統轄漢土官兵總兵官,,武職,8
鎭守鶴麗永北嚴蘭等處控制漢土官兵總兵官,,武職,8
宜善司巡檢,巡檢,縣首領,8
合河店巡檢,巡檢,縣首領,8
善政司巡檢,巡檢,縣首領,8
宿遷劉馬巡檢,巡檢,縣首領,8
掌書,,unknown,8
啟事官,,unknown,8
掌江南道事監察御史,,京官,8
司晨,,unknown,8
商虞通判,通判,府佐貳,8
宿遷歸仁巡檢,巡檢,縣首領,8
赤水司巡檢,巡檢,縣首領,8
鎮守蘇松等處地方總理沿海水師總兵官,,武職,8
平頭長官司吏目,,土司,8
吉安司巡檢,巡檢,縣首領,8
左衛領運千總,,武職,8
吉林左翼助教,,京官,8
平山前幫領運千總,,武職,8
寶應管河縣丞,縣丞,縣佐貳,8
鎭峡寨巡檢,巡檢,縣首領,8
雙威寨巡檢,巡檢,縣首領,8
如昔司巡檢,巡檢,縣首領,8
布照借補照磨,照磨,府首領,8
南澗巡檢,巡檢,縣首領,8
同知移駐龍門,同知,府佐貳,8
小徵巡檢,巡檢,縣首領,8
市汊巡檢,巡檢,縣首領,8
同知駐蕪湖,同知,府佐貳,8
高泉司巡檢,巡檢,縣首領,8
北岸縣丞,縣丞,縣佐貳,8
經歷兼管司獄,司獄,府首領,8
松浦巡檢,巡檢,縣首領,8
五官監候,,unknown,8
淸河吏目,吏目,州首領,8
五官挈靈正,,unknown,8
經歷兼管批驗所大使事,經歷,府首領,8
東岱堡北菱司巡檢,巡檢,縣首領,8
清河馬頭巡檢,巡檢,縣首領,8
伍佑場塩課大使,,京官,8
清波巡檢,巡檢,縣首領,8
鳳岡司巡檢,巡檢,縣首領,8
清軍捕盜貼堂同知,同知,府佐貳,8
九江前幫領運千總,,武職,8
減河吏目管風化巡檢事,吏目,州首領,8
紹興府塩倉批驗所大使,,雜職,8
經歷兼粮道庫大使事,,省級,8
板浦場塩課大使,,京官,8
林廟守衛司百戶,,unknown,8
桂山司巡檢,巡檢,縣首領,8
經歷駐巧家营,,武職,8
海防州同駐茜涇,州同,州佐貳,8
海防同知駐常熟,同知,府佐貳,8
京山司巡檢,巡檢,縣首領,8
海砂場塩課大使,,京官,8
浪滄江巡檢,巡檢,縣首領,8
浦東場塩課大使,,京官,8
浙江副典試,,unknown,8
流溪司巡檢,巡檢,縣首領,8
流河馹丞管巡檢事,,雜職,8
洸口司巡檢,巡檢,縣首領,8
洪江司巡檢,巡檢,縣首領,8
梅寨司巡檢,巡檢,縣首領,8
純惠皇貴妃園寢贊禮郎,,京官,8
乙未科散館檢討,,京官,8
鳳凰城巡檢,巡檢,縣首領,8
昭西陵禮部郎中,,京官,8
主簿専司水利,主簿,縣首領,8
照磨駐劄江北,照磨,府首領,8
炎松巡檢,巡檢,縣首領,8
火井漕巡檢,巡檢,縣首領,8
粮捕貼堂通判,通判,府佐貳,8
粮捕通判駐浦市,通判,府佐貳,8
濛裹司巡檢,巡檢,縣首領,8
粮河主簿,主簿,縣首領,8
主簿管理河橋,主簿,縣首領,8
高郵州管河州判,州判,州佐貳,8
高郵州管河州同,州同,州佐貳,8
老岸鎮巡檢,巡檢,縣首領,8
星子司巡檢,巡檢,縣首領,8
潮連司巡檢,巡檢,縣首領,8
時堡司巡檢,巡檢,縣首領,8
湖南等處承宣布政使司布政使,,unknown,8
潖江司巡檢,巡檢,縣首領,8
漾濞司巡檢,巡檢,縣首領,8
漳浦南場大使,,京官,8
漳汀司巡檢,巡檢,縣首領,8
漢口鎮禮智司巡檢,巡檢,縣首領,8
溫家圳巡檢,巡檢,縣首領,8
曹考通判,通判,府佐貳,8
服色土同知,同知,府佐貳,8
鮎魚口巡檢,巡檢,縣首領,8
湖陂司巡檢,巡檢,縣首領,8
湖州白粮領運千總,,武職,8
湖坊鎮巡檢,巡檢,縣首領,8
湖南等處提刑按察使司按察使統轄全省馹傳事務,,unknown,8
朱岡司巡檢,巡檢,縣首領,8
分守督理湖南等處地方粮儲道,,省級,8
泰陵禮部員外郎,,京官,8
膠萊分司運判,,unknown,8
内阁学士兼礼部侍郎,,京官,8
縣丞駐白龍潭,縣丞,縣佐貳,8
兵部侍郎兼都察院右副都御史巡撫浙江等處地方提督軍務兼理粮餉,,省級,8
正陽鎮巡檢,巡檢,縣首領,8
兵部侍郎兼都察院右副都御史巡撫江蘇等處地方提督軍務粮餉,,省級,8
縣丞駐祖菴鎭,縣丞,縣佐貳,8
武連馹丞,,雜職,8
武陽司巡檢,巡檢,縣首領,8
泰東陵禮部員外郎,,京官,8
黄浦司巡檢,巡檢,縣首領,8
縣丞移駐陳橋,縣丞,縣佐貳,8
黄陂司巡檢,巡檢,縣首領,8
水利縣丞兼管巡檢事,縣丞,縣佐貳,8
水城通判照磨,照磨,府首領,8
縣丞分駐石獅街,縣丞,縣佐貳,8
兵部侍郎兼都察院右副都御史巡撫貴州等處地方提督軍務兼理粮餉,,省級,8
正七品笔帖式,,京官,8
兵部侍郎兼都察院右副都御史巡撫雲南等處地方提督軍務兼理粮餉,,省級,8
黄橋巡檢,巡檢,縣首領,8
縣丞管管河巡檢事,縣丞,縣佐貳,8
縣丞管經歷事,縣丞,縣佐貳,8
縣丞駐三里营,,武職,8
縣丞駐丙妹,縣丞,縣佐貳,8
黄山司巡檢,巡檢,縣首領,8
縣丞駐冷水灘,縣丞,縣佐貳,8
内閣中書,,京官,8
縣丞駐劄方村,縣丞,縣佐貳,8
欽命督理蘇州織造事務,,省級,8
黄垻馹丞,,雜職,8
黄圃司巡檢,巡檢,縣首領,8
縣丞駐姜山集,縣丞,縣佐貳,8
縣丞駐店張鎭,縣丞,縣佐貳,8
永嘉場塩課大使,,京官,8
縣丞駐邱北,縣丞,縣佐貳,8
縣丞駐金嶺鎮,縣丞,縣佐貳,8
鹿步司巡檢,巡檢,縣首領,8
佳里興巡檢,巡檢,縣首領,8
泰州管河州同,州同,州佐貳,8
泥汊河巡檢,巡檢,縣首領,8
泊河通判駐劄泊頭,通判,府佐貳,8
沿海司巡檢,巡檢,縣首領,8
河庫道大使,,省級,8
河南等處提刑按察使司按察使統轄全省馹傳事務,,unknown,8
分守桂平梧鬱道兼管通省塩法事務駐劄桂林府,,unknown,8
沙瑯巡檢,巡檢,縣首領,8
龍頭場塩課大使,,京官,8
沙河寨巡檢,巡檢,縣首領,8
鹿仔巡檢,巡檢,縣首領,8
總辦堂務事件左所冠軍使,,武職,8
沙岡司巡檢,巡檢,縣首領,8
沈家鎮巡檢,巡檢,縣首領,8
黑塩井塩課大使,,京官,8
沂郯海贑通判,通判,府佐貳,8
龍潭橋巡檢,巡檢,縣首領,8
練潭鎮巡檢,巡檢,縣首領,8
龍江関宣課大使,,京官,8
縣丞兼司水利駐江門,縣丞,縣佐貳,8
凉莊理事通判,理事通判,府佐貳,8
齎奏,,unknown,8
齊家莊巡檢,巡檢,縣首領,8
縣丞駐麻沙,縣丞,縣佐貳,8
縣丞分駐卭水,縣丞,縣佐貳,8
八叠嶺巡檢,巡檢,縣首領,8
縣丞駐靑州,縣丞,縣佐貳,8
永平司巡檢,巡檢,縣首領,8
縣丞分駐永豐市,縣丞,縣佐貳,8
照磨駐馬家巷,照磨,府首領,8
縣丞駐斜塘鎮,縣丞,縣佐貳,8
下庄司巡檢,巡檢,縣首領,8
知？？？大使事,,京官,8
磜下司巡檢,巡檢,縣首領,8
禮部郎中,,京官,8
董漕縣丞駐七寶鎮,縣丞,縣佐貳,8
督標中軍中營副將,,武職,8
秣陵関巡檢,巡檢,縣首領,8
高城總巡檢,巡檢,縣首領,8
穆陵関巡檢,巡檢,縣首領,8
窑圻司巡檢,巡檢,縣首領,8
施甸司巡檢,巡檢,縣首領,8
立將司巡檢,巡檢,縣首領,8
新設王家淺巡檢,巡檢,縣首領,8
管河主簿駐東楊村,主簿,縣首領,8
甘肅等處承宣布政使司布政使,,unknown,8
督理管勾廳,,unknown,8
良田司巡檢,巡檢,縣首領,8
新興場塩課大使,,京官,8
督粮州判,州判,州佐貳,8
三帮领运千总,,unknown,8
草堰司巡檢,巡檢,縣首領,8
中正場塩課大使,,京官,8
中堂司巡檢,巡檢,縣首領,8
三江司巡檢,巡檢,縣首領,8
理傜同知,同知,府佐貳,8
盧瀝場塩課大使,,京官,8
理事通判駐都江,通判,府佐貳,8
盛京助敎,,京官,8
石港場塩課大使,,京官,8
理苗同知駐德勝鎭,同知,府佐貳,8
省溪長官司吏目,,土司,8
益昌庫塩大使,,京官,8
茅田司巡檢,巡檢,縣首領,8
玉泉場塩課大使,,京官,8
助馬口巡檢,巡檢,縣首領,8
獅嶺司巡檢,巡檢,縣首領,8
下砂場塩課大使,,京官,8
下河通判駐揚州,通判,府佐貳,8
三林司巡檢,巡檢,縣首領,8
新設湯坑市巡檢,巡檢,縣首領,8
草凉馹丞,,雜職,8
主事山西司行走,,京官,8
留垻馹丞兼司獄事,,雜職,8
白旗堡巡檢駐新民屯,巡檢,縣首領,8
新改淥口司巡檢,巡檢,縣首領,8
管理江寕織造烏林大,,省級,8
白水司巡檢,巡檢,縣首領,8
上陳馹丞兼巡檢事,,雜職,8
知縣改授敎授,教授,教職,8
丁丑科散館檢討,,京官,8
牛食昄巡檢,巡檢,縣首領,8
管河縣丞駐油坊鎮,縣丞,縣佐貳,8
知縣管敎諭事,知縣,縣正印,8
北寨司巡檢,巡檢,縣首領,8
特用江西司額外主事管掌廳事,,京官,8
知州銜知縣,知州,州正印,8
特用江西司额外主事管掌厅事,,京官,8
管河甲馬營巡檢,,武職,8
下南河同知,同知,府佐貳,8
上泗莊巡檢,巡檢,縣首領,8
下江通判,通判,府佐貳,8
管河州判駐劄漷縣,州判,州佐貳,8
新撫巡檢,巡檢,縣首領,8
石頭口巡檢,巡檢,縣首領,8
管河安陵巡檢,巡檢,縣首領,8
七品执事官,,unknown,8
分防通判駐五郎関,通判,府佐貳,8
钦选御书中书舍人,,京官,7
同知駐大義鎮,同知,府佐貳,7
布經借補照磨,照磨,府首領,7
上下二崗巡檢,巡檢,縣首領,7
盛京助教,,京官,7
永阜場塩課大使,,京官,7
同安司巡檢,巡檢,縣首領,7
監督戶部員外郎,,京官,7
白石寨巡檢,巡檢,縣首領,7
鎮守直隸天津統轄永薊通河涿州營路等處總兵官,,武職,7
兩淮白塔河巡檢,巡檢,縣首領,7
永豊司巡檢,巡檢,縣首領,7
縣丞分駐天峩,縣丞,縣佐貳,7
江南安徽等處提刑按察使司按察使統轄全省馹傳事務,,unknown,7
通判駐塘岸四大垻,通判,府佐貳,7
城子鎮巡檢,巡檢,縣首領,7
江防軍捕同知,同知,府佐貳,7
三都汛巡檢,,武職,7
江浦司巡檢,巡檢,縣首領,7
通判駐劄梅彔,通判,府佐貳,7
雙穗場塩課大使,,京官,7
左春坊左庶子,,unknown,7
江村司巡檢,巡檢,縣首領,7
巴河鎮巡檢,巡檢,縣首領,7
上土市巡檢,巡檢,縣首領,7
通判駐太和鎭,通判,府佐貳,7
龍川江司巡檢,巡檢,縣首領,7
藍口司巡檢,巡檢,縣首領,7
江西提塘,,unknown,7
白螺磯巡檢,巡檢,縣首領,7
江安粮道庫大使,,省級,7
江城稅課司大使兼管吳山馹,,雜職,7
縣丞兼管批騐所大使事,縣丞,縣佐貳,7
埭溪鎮巡檢,巡檢,縣首領,7
平順縣學訓導,訓導,教職,7
監督户部郎中,,京官,7
霸頭司巡檢,巡檢,縣首領,7
兵部侍郎兼都察院右副都御史巡撫福建等處地方提督軍務兼理粮餉,,省級,7
塩法軍捕同知駐景德鎮,同知,府佐貳,7
象岡司巡檢,巡檢,縣首領,7
七級上下閘閘官,,雜職,7
兵部侍郎兼都察院右副都御史總督河南山東河道提督軍務,,省級,7
大勝関巡檢,巡檢,縣首領,7
廣武城巡檢,巡檢,縣首領,7
欽差督理山海鈔関,,unknown,7
知州駐劄碉門,知州,州正印,7
丁醜科散館檢討,,京官,7
多倫諾爾巡檢,巡檢,縣首領,7
廣豊庫大使,,京官,7
八尺寨巡檢,巡檢,縣首領,7
知縣管廣盈庫大使事,知縣,縣正印,7
縣丞駐劄海口,縣丞,縣佐貳,7
靈璧管河主簿,主簿,縣首領,7
縣丞駐劄灣潭,縣丞,縣佐貳,7
一都巡檢,巡檢,縣首領,7
欽天監左監副,,京官,7
縣丞駐大池垻,縣丞,縣佐貳,7
欽命鎮守江南江北壽春等處地方總兵官,,武職,7
縣丞駐大荊,縣丞,縣佐貳,7
諸翟鎮巡檢,巡檢,縣首領,7
黃莊巡檢,巡檢,縣首領,7
三官堡巡檢,巡檢,縣首領,7
貊貌鎮巡檢,巡檢,縣首領,7
武羅鄉巡檢,巡檢,縣首領,7
雲落徑巡檢,巡檢,縣首領,7
平山後幫領運千總,,武職,7
鎮守黑龍江等處副都統,,unknown,7
鎮守黑龍江等處將軍,,unknown,7
吉林右翼助教,,京官,7
直隸提塘,,unknown,7
吉木蕯縣丞,縣丞,縣佐貳,7
永寕通判,通判,府佐貳,7
大灘巡檢,巡檢,縣首領,7
越支場塩課大使,,京官,7
黑井塩課提舉司提舉,,unknown,7
平邑集巡檢,巡檢,縣首領,7
塩捕州判,州判,州佐貳,7
通判駐小鎭安,通判,府佐貳,7
水城通判,通判,府佐貳,7
水利通判駐柘林,通判,府佐貳,7
水利通判,通判,府佐貳,7
司經局洗馬,,unknown,7
水利清軍同知駐王封村,同知,府佐貳,7
石堰場塩課大使,,京官,7
縣丞移駐碧潭鎮,縣丞,縣佐貳,7
督捕水利同知駐沙洋,同知,府佐貳,7
三屯營巡檢,,武職,7
督理湖北全省塩法道分守武昌,,unknown,7
鎮守白都訥地方副都統,,unknown,7
粮塩水利通判,通判,府佐貳,7
通判駐岳池大溪口,通判,府佐貳,7
漢堂主事,,京官,7
崇文門税大使,,京官,7
喜峯口巡檢,巡檢,縣首領,7
崇明巡塩大使,,京官,7
崑都崙巡檢,巡檢,縣首領,7
主簿駐三江口,主簿,縣首領,7
宜溝馹丞兼管巡檢事,,雜職,7
湖（氵+父）巡檢,巡檢,縣首領,7
長楓鎮巡檢,巡檢,縣首領,7
主簿駐斗門鎭,主簿,縣首領,7
管河主簿駐趙村,主簿,縣首領,7
主簿駐爐橋,主簿,縣首領,7
稅課大使,,京官,7
乍浦巡检,巡檢,縣首領,7
乙未科散館編修,,京官,7
安豊井塩課大使,,京官,7
九峯司巡檢,巡檢,縣首領,7
鎭守察哈爾等處地方副都統,,unknown,7
縣丞駐木瀆鎮,縣丞,縣佐貳,7
禮部尚書兼管樂部事務,,京官,7
州判駐津市鎮,州判,州佐貳,7
九江後幫領運千總,,武職,7
猛統司巡檢,巡檢,縣首領,7
清軍同知駐樊城,同知,府佐貳,7
鎭守四川成都等處地方副都統,,unknown,7
州判駐長安鎮,州判,州佐貳,7
鎮守宣化府統轄十二城堡等處地方掛印總兵官,,武職,7
漳浦東場大使,,京官,7
鍋底灣巡檢,巡檢,縣首領,7
漳潮分界巡檢,巡檢,縣首領,7
鎭守陕西西安左翼等處地方副都統,,unknown,7
鎭守陕西興安漢羌等處地方掛印總兵官,,武職,7
粮塩水利縣丞,縣丞,縣佐貳,7
鎭守陕西延綏等處地方掛印總兵官,,武職,7
主事職方司行走,,京官,7
照磨兼管馹塩道庫大使事,照磨,府首領,7
山旰通判,通判,府佐貳,7
管糧縣丞,縣丞,縣佐貳,7
特授教授,教授,教職,7
主事河南司行走,,京官,7
濟用庫大使,,京官,7
濟民場塩課大使,,京官,7
管粮通判駐劄沙市,通判,府佐貳,7
鎮守吉林地方副都統,,unknown,7
粮捕通判駐陽高,通判,府佐貳,7
寜古塔學正,學正,教職,7
澄邁司巡檢,巡檢,縣首領,7
管粮縣丞,縣丞,縣佐貳,7
周羅寨巡檢,巡檢,縣首領,7
特用吏目,吏目,州首領,7
富安場塩課大使,,京官,7
宿遷粮河縣丞,縣丞,縣佐貳,7
鎭守甘肅寕夏等處地方副都統,,unknown,7
鎭守甘肅凉州等處地方掛印總兵官,,武職,7
山陽理河縣丞,縣丞,縣佐貳,7
鎭守四川川北等處地方總兵官,,武職,7
清河吏目,吏目,州首領,7
垛庄巡檢,巡檢,縣首領,7
海防同知駐沙洲,同知,府佐貳,7
威海司巡檢,巡檢,縣首領,7
妃園寝讀祝官,,京官,7
浙江等處提刑按察使司按察使統轄全省馹傳事務,,unknown,7
仁義巡檢,巡檢,縣首領,7
仗錫司巡檢,巡檢,縣首領,7
磐石司巡檢,巡檢,縣首領,7
洪州泊里長官司吏目,,土司,7
伊犁撫民同知,同知,府佐貳,7
洛口批驗所大使,,雜職,7
土城子巡檢兼管典史事,巡檢,縣首領,7
甘草司巡檢,巡檢,縣首領,7
粮捕同知,同知,府佐貳,7
鎮守浙江金衢嚴等處地方總兵官,,武職,7
（山+秦）嶼巡檢,巡檢,縣首領,7
同里巡檢,巡檢,縣首領,7
信都鄉巡檢,巡檢,縣首領,7
河溶鎮巡檢,巡檢,縣首領,7
河捕粮塩水利通判,通判,府佐貳,7
白沙灣巡檢,巡檢,縣首領,7
龔灘巡檢,巡檢,縣首領,7
鎮守湖廣鎮筸統轄辰沅二協永保五筸各土司等處地方總兵官,,武職,7
通判駐缅寕,通判,府佐貳,7
通判駐澎湖,通判,府佐貳,7
儀徵幫領運千總,,武職,7
沙鎮司巡檢,巡檢,縣首領,7
丙戌科散館檢討,,京官,7
海防捕盗同知駐佛山,同知,府佐貳,7
王家庄堡巡檢,巡檢,縣首領,7
州同駐劄册亨,州同,州佐貳,7
經歷兼管常豊倉大使事,經歷,府首領,7
經歷兼管批騐所大使事,經歷,府首領,7
理事官掌經歷司印,經歷,府首領,7
經歷兼管橫浦驲,經歷,府首領,7
銅沛河務同知,同知,府佐貳,7
清军同知,同知,府佐貳,7
五品执事官,,unknown,7
五夫村巡檢,巡檢,縣首領,7
四旗理事通判,理事通判,府佐貳,7
淸江通判,通判,府佐貳,7
五官灵台郎,,unknown,7
淸水河理事通判,理事通判,府佐貳,7
金沙江巡檢,巡檢,縣首領,7
孝陵郎中,,京官,7
淮南批驗所大使,,雜職,7
四氏學録,,unknown,7
孝陵禮部奉祀掌関防郎中,,京官,7
五斗司巡檢,巡檢,縣首領,7
淩厝巡檢,巡檢,縣首領,7
五虎門巡檢,巡檢,縣首領,7
金利司巡檢,巡檢,縣首領,7
孝賢皇后陵寢郎中,,京官,7
淡水同知駐竹塹,同知,府佐貳,7
涼山巡檢,巡檢,縣首領,7
理問兼粮道庫大使事,,省級,7
州判駐劄普？,州判,州佐貳,7
壬辰科散館檢討,,京官,7
總捕州判兼管水利分駐羅鏡,州判,州佐貳,7
提督陕西固原等處地方總兵官,,武職,7
縣丞駐高橋,縣丞,縣佐貳,7
前帮领运千总,,unknown,7
利國司巡檢,巡檢,縣首領,7
欽命刑部郎中兼翰林院編修提督湖南全省學政,,省級,7
總捕海防同知駐？旁,同知,府佐貳,7
方山堡巡檢,巡檢,縣首領,7
高家場巡檢,巡檢,縣首領,7
複設經歷,經歷,府首領,7
麻地溝巡檢,巡檢,縣首領,7
承辦衙門事務主事,,京官,7
領運守備,,武職,7
舊州巡檢,巡檢,縣首領,7
扎佐司巡檢,巡檢,縣首領,7
提督直隸通省等處地方軍務節制各鎮總兵官駐劄古北口,,武職,7
日講起居注官右春坊右庶子,,京官,7
頭等侍衞,,武職,7
興國場塩课大使,,京官,7
樂安汛巡檢,,武職,7
茹蔴嶺巡檢,巡檢,縣首領,7
新設馬底鎮巡檢,巡檢,縣首領,7
裕溪河鎮巡檢,巡檢,縣首領,7
縣丞駐韓城鎮,縣丞,縣佐貳,7
敎諭管復設訓導事,教諭,教職,7
敎諭兼安居學,教諭,教職,7
德勝鎭巡檢,巡檢,縣首領,7
新設永綏訓導,訓導,教職,7
新設淮北監掣同知,同知,府佐貳,7
敎習庶吉士,,京官,7
縣丞駐羌北鎭,縣丞,縣佐貳,7
縣丞駐耍兒渡,縣丞,縣佐貳,7
請旨分巡整飭寕夏河東河西等處地方水利兵備道,,unknown,7
荊門上下閘閘官,,雜職,7
請旨分巡廣饒九南兼管水利兵備道駐劄饒州府,,unknown,7
縣丞駐莊浪,縣丞,縣佐貳,7
副指揮,,京官,7
新設灰埠巡檢,巡檢,縣首領,7
惠澤巡檢駐張家店,巡檢,縣首領,7
千羅巡檢,巡檢,縣首領,7
前所閑散滿治儀正,,武職,7
題分守冀寕道轄太汾潞澤遼沁平七府州兼管水利事務,,unknown,7
臨淮鎮巡檢,巡檢,縣首領,7
請旨分巡溫處兵備道兼管水利事務駐溫州府,,unknown,7
掌廣東道事監察御史,,京官,7
掌河南道事監察御史,,京官,7
望亭司巡檢,巡檢,縣首領,7
分巡湖北等處地方督粮道,,省級,7
梁園巡檢,巡檢,縣首領,7
鳳中幫領運千總,,武職,7
翰林改授知州,知州,州正印,7
鹽捕水利通判,通判,府佐貳,7
杜瀆場塩課大使,,京官,7
角頭巡檢,巡檢,縣首領,7
提督江南全省等處地方軍務總兵官,,武職,7
羅岡司巡檢,巡檢,縣首領,7
掌山東道事監察御史,,京官,7
東安司巡檢,巡檢,縣首領,7
原鳳中二幫領運千總,,武職,7
柘皐巡檢,巡檢,縣首領,7
東臺場塩課大使,,京官,7
鵝籠司巡檢,巡檢,縣首領,7
分巡嶺西道管轄肇羅等處地方,,unknown,7
會通稅課司大使,,雜職,7
魚浦司巡檢,巡檢,縣首領,7
掌福建道事監察御史,,京官,7
曲江司巡檢,巡檢,縣首領,7
分防同知駐孝慶川,同知,府佐貳,7
提督會同四譯館禮部儀制司郎中兼鴻臚寺少卿,,京官,7
分防同知駐中甸,同知,府佐貳,7
鹽運司經歷,,省級,7
楓亭巡檢兼馹丞事,巡檢,縣首領,7
請旨分守潼商等處地方兵俻道,,unknown,7
楊青馹丞管巡檢事,,雜職,7
胥江司巡檢,巡檢,縣首領,7
楊邏司巡檢,巡檢,縣首領,7
日講起居注官詹事府詹事兼翰林院侍讀學士,,京官,7
排補美巡檢,巡檢,縣首領,7
昭西陵郎中,,京官,7
景和鎮巡檢,巡檢,縣首領,7
掌陝西道事監察御史,,京官,7
鬱林鎮巡檢,巡檢,縣首領,7
景陵郎中,,京官,7
曉天鎮巡檢,巡檢,縣首領,7
復設訓導駐玉環,復設訓導,教職,7
掌印經歷,經歷,府首領,7
御醫官首領廰事,,京官,7
新設建昌營巡檢,,武職,7
請旨分巡雲南通省淸軍塩法道,,unknown,7
請旨分巡直隸天津河間等處地方兼管河務兵備道,,unknown,7
縣丞駐泉上甲,縣丞,縣佐貳,7
欽命督理滸墅鈔関,,unknown,7
蘆洪司巡檢,巡檢,縣首領,7
新橋巡檢,巡檢,縣首領,7
北鄉司巡檢,巡檢,縣首領,7
教谕管复设训导事,教諭,教職,7
新設寕條？巡檢,巡檢,縣首領,7
藥逕司巡檢,巡檢,縣首領,7
欽命督理廣東省沿海地方貿易税務,,unknown,7
藍領侍衛,,武職,7
青口鎮巡檢,巡檢,縣首領,7
縣丞駐白市馹,縣丞,縣佐貳,7
文淵閣檢閱,,unknown,7
蘆臺管河巡檢,巡檢,縣首領,7
内阁侍读学士,,京官,7
蒲門司巡檢,巡檢,縣首領,7
新設德昌所巡檢,巡檢,縣首領,7
新設拏口巡檢,巡檢,縣首領,7
敦里八甲巡檢,巡檢,縣首領,7
山海關通判,,省級,6
粮道永徽倉大使,,省級,6
山清理河同知,同知,府佐貳,6
西路場塩課大使,,京官,6
掌筆帖式稿,,京官,6
掌貴州道事監察御史,,京官,6
葵潭巡檢,巡檢,縣首領,6
蘇州白糧幫領運千總,,武職,6
山西等處提刑按察使司按察使統轄全省馹傳事務,,unknown,6
周庄巡檢,巡檢,縣首領,6
？苟州判駐大順？,州判,州佐貳,6
？？？？？,,未填寫,6
塩池巡檢,巡檢,縣首領,6
蘇州白粮帮領運千總,,武職,6
西路捕盜駐盧溝橋兼保定府同知分轄涿房良宛等四州縣,同知,府佐貳,6
掌雲南道事監察御史,,京官,6
山西道監察禦史,,unknown,6
聚寶門宣課大使,,京官,6
分巡鳯邠等處地方道兼管水利事務駐鳯翔府,,unknown,6
粮運通判駐張家灣,通判,府佐貳,6
督粮同知,同知,府佐貳,6
鎮守直隸密雲等處地方副都統,,unknown,6
瀘定橋巡檢,巡檢,縣首領,6
整飭江南塩法道分巡江寕兼管水利事務,,unknown,6
照磨駐樟樹鎮,照磨,府首領,6
提督湖廣全省軍務總轄漢土官兵宣衛土司控制苗彝節制各鎮,,unknown,6
牛肚湾巡檢,巡檢,縣首領,6
粮塩捕盜通判,通判,府佐貳,6
臨興場塩課大使,,京官,6
分防縣丞,縣丞,縣佐貳,6
大洪司巡檢,巡檢,縣首領,6
熱河理事同知,理事同知,府佐貳,6
鎭守陕西西安右翼等處地方副都統,,unknown,6
西硤口巡檢,巡檢,縣首領,6
西縣場塩課大使,,京官,6
粮捕同知駐？？,同知,府佐貳,6
分防同知駐海澤,同知,府佐貳,6
塩捕州判駐塩谷井,州判,州佐貳,6
大洋司巡檢,巡檢,縣首領,6
董曹同知駐川沙,同知,府佐貳,6
山坡巡檢,巡檢,縣首領,6
鎭守福建閩粤漳潮南澳等處地方總兵官,,武職,6
照磨兼管廣南倉事,照磨,府首領,6
萬安寨巡檢兼白蓮馹,巡檢,縣首領,6
粮捕水利州駐楊家樓,,unknown,6
塩捕州同,州同,州佐貳,6
山東提塘兼管河東事務,,unknown,6
山東等處提刑按察使司按察使統轄全省馹傳事務,,unknown,6
瀲城巡檢,巡檢,縣首領,6
粮捕水利通判駐周家口,通判,府佐貳,6
漁浦司巡檢,巡檢,縣首領,6
粮捕水利通判駐樟樹鎮,通判,府佐貳,6
山棗巡檢,巡檢,縣首領,6
七帮領運千總,,武職,6
主簿駐吳城鎮,主簿,縣首領,6
糧捕州判,州判,州佐貳,6
清河外河縣丞,縣丞,縣佐貳,6
州判駐平昌関,州判,州佐貳,6
羊場塘巡檢,巡檢,縣首領,6
知縣管州判事,知縣,縣正印,6
清軍塩政粮捕通判,糧捕通判,府佐貳,6
羊二庄巡檢,巡檢,縣首領,6
掌山西道事監察御史,,京官,6
斗六門巡檢,巡檢,縣首領,6
鍾漢司巡檢,巡檢,縣首領,6
東場司巡檢,巡檢,縣首領,6
多倫若爾巡檢,巡檢,縣首領,6
清泉場塩課大使,,京官,6
丁巳科编修,,unknown,6
清河裡河縣丞,縣丞,縣佐貳,6
州同移駐渣津,州同,州佐貳,6
掌廣西道事監察御史,,京官,6
薄沙汛司巡檢,,武職,6
州同移駐灰埠鎮,州同,州佐貳,6
清化司巡檢兼管馹務,巡檢,縣首領,6
東鄉鎮巡檢,巡檢,縣首領,6
東阿屯屯官,,unknown,6
淸軍粮捕通判,糧捕通判,府佐貳,6
知縣管廣積庫大使事,知縣,縣正印,6
薊永分司運判,,unknown,6
五官司書,,unknown,6
東陵工部郎中,,京官,6
松江白粮幫領運千總,,武職,6
金絲堂啟事,,unknown,6
詹事府少詹事,,京官,6
多雲鎮巡檢,巡檢,縣首領,6
州判駐半城鎮,州判,州佐貳,6
知县改授学正,學正,教職,6
朝鲜六品通官,,京官,6
糧捕水利通判,通判,府佐貳,6
曹單同知,同知,府佐貳,6
知縣管？？場鹽課大使事,知縣,縣正印,6
嵢陜司巡檢,巡檢,縣首領,6
湛川司巡檢,巡檢,縣首領,6
主事理刑司行走,,京官,6
大城潭鎮巡檢,巡檢,縣首領,6
大同鎮巡檢,巡檢,縣首領,6
南里鄉巡檢,巡檢,縣首領,6
知县管？？场盐课大使事,知縣,縣正印,6
主簿駐菱湖,主簿,縣首領,6
吳松江巡檢,巡檢,縣首領,6
湖廣道監察禦史,,unknown,6
掌江西道事監察御史,,京官,6
義門司巡檢,巡檢,縣首領,6
紅梅司巡檢,巡檢,縣首領,6
蕭碭南岸通判,通判,府佐貳,6
湖南富考官,,unknown,6
鳳凰城通事官,,unknown,6
七品小京官儀制司行走,,京官,6
掌所事漢雲麾使,,武職,6
掌所事治儀正,,武職,6
杖錫司巡檢,巡檢,縣首領,6
蘆溪市巡檢,巡檢,縣首領,6
長行鄉巡檢,巡檢,縣首領,6
請旨督理福建通省粮儲道分巡福州福寕兼管水利事務,,省級,6
九帮領運千總,,武職,6
減河李村巡檢,巡檢,縣首領,6
興仁司巡檢,巡檢,縣首領,6
提督甘肅安西等處地方總兵官駐劄烏魯木齊,,武職,6
虎頭關巡檢兼管太平馹丞事,巡檢,縣首領,6
理事同知駐古北口,同知,府佐貳,6
土城巡檢,巡檢,縣首領,6
石牛巡檢兼馹丞事,巡檢,縣首領,6
新設界首司巡檢,巡檢,縣首領,6
草堰場塩課大使,,京官,6
下河水利通判駐武城,通判,府佐貳,6
國際級司業,,unknown,6
如皐管河縣丞,縣丞,縣佐貳,6
天津分司運同,,unknown,6
下淡水巡檢,巡檢,縣首領,6
石牛巡檢兼縣丞事,巡檢,縣首領,6
妃園寢讀祝官,,京官,6
新設苦竹垻巡檢,巡檢,縣首領,6
新設辛店巡檢,巡檢,縣首領,6
神安司巡檢,巡檢,縣首領,6
世襲六品官,,京官,6
石湾司巡檢,巡檢,縣首領,6
理苗同知駐劄百色,同知,府佐貳,6
理瑤同知駐劄江華,同知,府佐貳,6
因遠巡檢,巡檢,縣首領,6
新設迷易所巡檢,巡檢,縣首領,6
新設通判,通判,府佐貳,6
馬蘭觀巡檢,巡檢,縣首領,6
學政,,省級,6
福建一等海澄公,,unknown,6
四明馹丞兼管巡檢事,,雜職,6
理事粮馬通判駐劄通州,通判,府佐貳,6
？？郎,,unknown,6
前幫千總,,武職,6
理事同知駐豊華,同知,府佐貳,6
馬頭汛巡檢,,武職,6
劉五店巡檢,巡檢,縣首領,6
十八盤巡檢,巡檢,縣首領,6
鎮守福建福州等處地方將軍,,unknown,6
鎮守盛京地方統領滿兵將軍,,京官,6
上橋河鎮巡檢,巡檢,縣首領,6
副監督,,unknown,6
鎮守熱河等處地方副都統,,unknown,6
鎮守福建建寧等處地方總兵官,,武職,6
鎮守湖廣襄陽等處地方總兵官,,武職,6
鎮守湖北荊州等處地方左翼副都統,,unknown,6
太常寺卿,,京官,6
鎮守湖北荊州等處地方將軍,,unknown,6
鎮守湖北荊州等處地方右翼副都統,,unknown,6
上淸鎮巡檢,巡檢,縣首領,6
太平倉監督太常寺贊禮郎,,京官,6
新設海口巡檢,巡檢,縣首領,6
上里平河村巡檢,巡檢,縣首領,6
银库员外郎,,京官,6
太平鄉巡檢,巡檢,縣首領,6
蚶江通判,通判,府佐貳,6
太子太保兵部尚書兼都察院右都御史總督两廣等處地方提督軍務兼理粮餉,,省級,6
太湖同知,同知,府佐貳,6
硤石馹丞兼管巡檢事,,雜職,6
虹梯関巡檢,巡檢,縣首領,6
鎮守浙江衢州等處地方總兵官,,武職,6
畢齊克齊巡檢,巡檢,縣首領,6
盆亭巡檢駐廟灣,巡檢,縣首領,6
土橋河鎮巡檢,巡檢,縣首領,6
太僕寺卿兼理,,京官,6
界首司巡檢,巡檢,縣首領,6
头帮领运千总,,unknown,6
鎮守江南江寕等處副都統,,unknown,6
理事同知駐兵塞,同知,府佐貳,6
主事王會司行走,,京官,6
盐運使司運同,,unknown,6
鎮守察哈爾等處地方都統仍管阿爾軍臺事務,,unknown,6
鎮守寕古塔地方副都統,,unknown,6
管河吏目駐永定河,吏目,州首領,6
新設宋河鎮巡檢,巡檢,縣首領,6
宿州管河州同駐徐漢口,州同,州佐貳,6
鎮守定海舟山等處地方總兵官,,武職,6
馬寕巡檢,巡檢,縣首領,6
三河巡檢,巡檢,縣首領,6
提督福建全省陸路等處地方軍務節制各鎮總兵官駐劄泉州府,,武職,6
主事安徽司行走,,京官,6
提督福建全省水師軍務統轄澎臺水師總兵官駐劄廈門,,武職,6
興濟鎮巡檢,巡檢,縣首領,6
富安場巡檢兼管水利,巡檢,縣首領,6
唐古忒助教,,京官,6
寕太幫領運千總,,武職,6
特用主事,,京官,6
劍門馹丞,,雜職,6
特授郎中,,京官,6
馬口鎮巡檢,巡檢,縣首領,6
三江口巡檢,巡檢,縣首領,6
大理寺少卿仍兼太常寺少卿,,京官,6
鎮守吉林烏喇等處將軍,,unknown,6
大理寺寺丞,,京官,6
鎭遠司巡檢,巡檢,縣首領,6
鎮守盛京等處副都統,,京官,6
萬安倉監督國子監助敎,,京官,6
日講起居注官司經局洗馬,,京官,6
鎮守齊齊哈爾等處副都統,,unknown,6
興化安豊巡檢,巡檢,縣首領,6
刑部尚書,,京官,6
良興司巡檢,巡檢,縣首領,6
大関塩井渡巡檢,巡檢,縣首領,6
中書科中書,,京官,6
福建等處提刑按察使司按察使統轄全省馹傳事務,,unknown,6
珠樹潭巡檢,巡檢,縣首領,6
？？通判,通判,府佐貳,6
劉家隅巡檢,巡檢,縣首領,6
安東五港灌巡檢,巡檢,縣首領,6
王家岡場塩課大使,,京官,6
茭塘司巡檢,巡檢,縣首領,6
茅山鎮巡檢,巡檢,縣首領,6
教諭管鳳凰廳訓導事,教諭,教職,6
猛緬司巡檢,巡檢,縣首領,6
監候,,unknown,6
范村鎮主簿,主簿,縣首領,6
特？知縣,知縣,縣正印,6
芹泉馹丞兼管巡檢事,,雜職,6
揚州江防河務同知,同知,府佐貳,6
協辦堂務事件旗手衛冠軍使,,武職,6
松浦司巡檢,巡檢,縣首領,6
新開口鎮巡檢,巡檢,縣首領,6
三洲司巡檢,巡檢,縣首領,6
安豊場塩課大使,,京官,6
花園鎮巡檢,巡檢,縣首領,6
稅課司大使兼理捕務,,雜職,6
安駕庄主簿,主簿,縣首領,6
馬漢河巡檢駐楊店,巡檢,縣首領,6
大黄江口巡檢,巡檢,縣首領,6
丹徒橫越閘閘官,,雜職,6
塘棲鎮巡檢,巡檢,縣首領,6
竇家寨巡檢,巡檢,縣首領,6
靑陽鎮巡檢,巡檢,縣首領,6
鎭守山西大同統轄雁門三関等處地方掛印總兵官,,武職,6
河浦州判駐邊臨鎮,州判,州佐貳,6
沙澗茅津巡檢,巡檢,縣首領,6
河南前帮領運千總,,武職,6
黄沙坑巡檢,巡檢,縣首領,6
通判駐江西寨,通判,府佐貳,6
左侍郎江蘇學政,,省級,6
同知駐関岱,同知,府佐貳,6
儀徵清江閘官,,雜職,6
同知駐無為州,同知,府佐貳,6
儀睢通判,通判,府佐貳,6
欽命江寕織造兼龍江西新關稅務,,省級,6
請旨分守西乾鄜等處地方督粮道兼管水利事務,,省級,6
同知駐永樂,同知,府佐貳,6
兵部侍郎兼都察院右副都御史巡撫廣西等處地方提督軍務兼理粮餉,,省級,6
歸化場塩課大使,,京官,6
叅議,,unknown,6
黃村巡檢,巡檢,縣首領,6
縣丞駐禹城橋,縣丞,縣佐貳,6
經筵講官戶部尚書,,京官,6
沙村司巡檢,巡檢,縣首領,6
武？同知兼管水利？？,同知,府佐貳,6
黄湾場塩課大使,,京官,6
橫嶺崗巡檢,巡檢,縣首領,6
請旨分巡上荊南道管轄荊宜施三府兼管水利事務駐荊州府,,unknown,6
總督銜兵部侍郎兼都察院右副都御史巡撫湖南等處地方提督軍務粮餉,,省級,6
龍門司巡検,,unknown,6
拚茶場塩課大使,,京官,6
欽命浙江塩政兼管織造事務,,省級,6
榆林馹丞,,雜職,6
縣丞駐石橋鎭,縣丞,縣佐貳,6
泰陵工部郎中,,京官,6
廣武莊巡檢,巡檢,縣首領,6
巡檢駐漢隂,巡檢,縣首領,6
欽命督理浙江塩課海防轄蘇松常鎮徽五府廣德州江西廣信等處,,unknown,6
泰東陵工部員外郎,,京官,6
楊河通判駐高郵州,通判,府佐貳,6
題分巡淮徐海河務兵備道轄邳宿銅豐桃源等處駐徐州府,,unknown,6
黄村巡檢,巡檢,縣首領,6
縣丞管照磨事,縣丞,縣佐貳,6
通遠馹丞兼管巡檢事,,雜職,6
止馬市巡檢駐棠陰,巡檢,縣首領,6
通衢巡檢,巡檢,縣首領,6
（山+司）峿司巡檢,巡檢,縣首領,6
廟湾巡檢,巡檢,縣首領,6
油坊灘巡檢,巡檢,縣首領,6
巡視東城吏科掌印給事中,,京官,6
河陰鄉學教諭,教諭,教職,6
河郊場塩課大使,,京官,6
廂藍旗,,旗籍誤填,6
右評事,,京官,6
右院判,,unknown,6
河南道監察禦史,,unknown,6
廂白旗,,旗籍誤填,6
通判駐哈密,通判,府佐貳,6
通判駐劄鲁甸,通判,府佐貳,6
縣丞駐澳门,縣丞,縣佐貳,6
永豊鎭巡檢,巡檢,縣首領,6
江南蘇松常鎮太倉等處承宣布政使司布政使,,unknown,6
兩浙嘉興松江塩運分司運判,,unknown,6
兩浙江南等處塩法都轉塩運使司塩運使駐劄省城,,unknown,6
戴家灣閘閘官,,雜職,6
戴家廟閘官,,雜職,6
縣丞駐馬集村,縣丞,縣佐貳,6
永寕司巡檢,巡檢,縣首領,6
兩淮烏沙河巡檢,巡檢,縣首領,6
戈戟司掌印滿雲麾使,,武職,6
常州白粮幫領運千總,,武職,6
永豊鎮巡檢,巡檢,縣首領,6
古蘭州巡檢,巡檢,縣首領,6
同知駐劄接壤,同知,府佐貳,6
韓莊閘閘官,,雜職,6
八溝理事同知,理事同知,府佐貳,6
縣丞駐阿城鎮,縣丞,縣佐貳,6
八溝巡檢,巡檢,縣首領,6
永寧巡檢,巡檢,縣首領,6
趙嶼巡檢,巡檢,縣首領,6
軍捕同知,同知,府佐貳,6
縣丞分駐日流井,縣丞,縣佐貳,6
慶豐閘閘官,,雜職,6
八帮領運千總,,武職,6
古良司巡檢,巡檢,縣首領,6
江南道監察禦史,,unknown,6
平田司巡檢,巡檢,縣首領,6
江口鎭巡検,,unknown,6
縣丞駐角直,縣丞,縣佐貳,6
龍灣市巡檢,巡檢,縣首領,6
黄莊巡檢,巡檢,縣首領,6
縣丞移駐朱橋鎮,縣丞,縣佐貳,6
青駐寺巡檢,巡檢,縣首領,6
青駝寺巡檢,巡檢,縣首領,6
麻柳場巡檢,巡檢,縣首領,6
內閣學士兼禮部侍郎仍兼太常寺卿正黄旗漢軍副都統,,京官,6
江西等處提刑按察使司統轄全省馹傳事務,,unknown,6
龍滾司巡檢,巡檢,縣首領,6
縣丞駐臨城馹,縣丞,縣佐貳,6
六帮領運千總,,武職,6
總督倉場戶部右侍郎,,省級,6
平頭司巡檢,巡檢,縣首領,6
总理全省塘务,,unknown,6
江蘇等處提刑按察使司按察使統轄全省馹傳事務,,unknown,6
請旨分巡廬鳳兵備道轄穎亳泗六安滁和等處,,unknown,6
平靖關三里店巡檢,巡檢,縣首領,6
金州倉官,,京官,6
户部員外郎,,京官,6
古城巡檢,巡檢,縣首領,6
平陽墟巡檢,巡檢,縣首領,6
龍山鎮巡檢,巡檢,縣首領,6
縣丞駐西火鎭,縣丞,縣佐貳,6
陕西等處承宣布政使司布政使,,unknown,6
縣丞駐阿里港,縣丞,縣佐貳,6
題分巡湖南辰沅永靖兵備道管理界亭等處地方,,unknown,6
掌京畿道監察御史安徽學政,,省級,6
鄭家司巡檢兼管馹務,巡檢,縣首領,6
從九備補典史,典史,縣首領,6
桃源管河縣丞,縣丞,縣佐貳,6
經歷駐士富州,經歷,府首領,6
縣丞駐泉上里,縣丞,縣佐貳,6
黄姑屯巡檢,巡檢,縣首領,6
淇澳司巡檢,巡檢,縣首領,6
欽差左翼監督,,unknown,6
鹽城縣丞,縣丞,縣佐貳,6
縣丞駐副官村,縣丞,縣佐貳,6
豊鎭廰司獄,司獄,府首領,6
阜寕羊寨巡檢,巡檢,縣首領,6
縣丞駐梅溪,縣丞,縣佐貳,6
請旨整飭分巡延榆綏等處地方兵俻道駐榆林府,,unknown,6
請旨督理江安徽寕池太盧鳳淮揚十府粮道,,省級,6
弓矢司掌印滿雲麾使,,武職,6
浙江等處承宣佈政使司布政使兼管海防事務,,unknown,6
州同管？？場鹽課大使事,州同,州佐貳,6
廻岐司巡檢,巡檢,縣首領,6
捧鮓巡檢,巡檢,縣首領,6
海防同知駐劄？？,同知,府佐貳,6
欽差右翼監督,,unknown,6
海防軍民同知駐常山寨,同知,府佐貳,6
州同駐新堤,州同,州佐貳,6
海防粮捕塩漕同知,同知,府佐貳,6
桃源三義巡檢,巡檢,縣首領,6
桃源北岸同知,同知,府佐貳,6
縣丞駐劉家口,縣丞,縣佐貳,6
桃源南岸通判,通判,府佐貳,6
桃源司巡檢,巡檢,縣首領,6
豊國鎮巡檢,巡檢,縣首領,6
欽天監監正三品銜,,京官,6
海陵島巡檢,巡檢,縣首領,6
州同駐迤東三岔鎭,州同,州佐貳,6
鹽捕同知駐朱仙鎮,同知,府佐貳,6
豊濟庫大使,,京官,6
欽天監左監副三品銜,,京官,6
掌印冠軍事,,unknown,6
内閣侍讀,,京官,6
梁榮場塩課大使,,京官,6
州同管管河縣丞事,州同,州佐貳,6
伊犁理事同知,理事同知,府佐貳,6
經歷兼？巡檢管司獄事,經歷,府首領,6
欽差監督殺虎口抽分,,unknown,6
縣丞駐夾浦鎮,縣丞,縣佐貳,6
邵伯鎮巡檢,巡檢,縣首領,6
張家垻巡檢,巡檢,縣首領,6
黄岩場塩課大使,,京官,6
請旨分守江南河庫道駐淸江浦,,省級,6
縣丞駐峽陽,縣丞,縣佐貳,6
張三營巡檢,,武職,6
請旨督理蘇松常鎮太粮儲道分巡蘇州兼管水利事務,,省級,6
縣丞駐本高,縣丞,縣佐貳,6
請旨督理浙江通省粮儲漕務道,,unknown,6
邳北同知,同知,府佐貳,6
經歷兼管銀？庫事,經歷,府首領,6
巡検借補典史,典史,縣首領,6
巡檢,巡檢,縣首領,6
板橋山巡檢,巡檢,縣首領,6
欽差副監督,,unknown,6
題分巡通州運河道兼永平通薊遵等處屯田海防粮餉駐通州管通惠道,,省級,6
縣丞駐大鵬管理軍粮,縣丞,縣佐貳,6
郎中兼文選司事,,京官,6
金口巡檢,巡檢,縣首領,6
巡撫兼理提督統轄全省軍務節制各鎮,,省級,6
靑石関巡檢,巡檢,縣首領,6
吏目偕補典史,典史,縣首領,6
鎮守泰寕陵鎮轄易州紫荊馬水沿河捕樊廣等處營制總兵官內務府總管,,京官,5
如皋管河縣丞,縣丞,縣佐貳,5
留壩馹丞兼司獄事,,雜職,5
蔡店鎮巡檢,巡檢,縣首領,5
欽命禮部主事兼翰林院編修提督河南全省學政,,省級,5
平樂鎭巡檢,巡檢,縣首領,5
甘桃舖馹丞管巡檢事,,雜職,5
縣丞駐桃関,縣丞,縣佐貳,5
奥龍巡檢,巡檢,縣首領,5
新灘鎮巡檢,巡檢,縣首領,5
慕德里巡檢,巡檢,縣首領,5
縣丞移駐峽陽,縣丞,縣佐貳,5
水利縣丞駐牛鼻灘,縣丞,縣佐貳,5
敎習,,京官,5
建陽鎮巡檢兼管馹丞事,巡檢,縣首領,5
新設羅坊巡檢,巡檢,縣首領,5
理藩院尚書廂白旗蒙古都統,,京官,5
知縣管廣積庫大使,知縣,縣正印,5
水利縣丞駐冶峪鎭,縣丞,縣佐貳,5
神宜馹巡檢,巡檢,縣首領,5
請旨長蘆都轉塩運使司運使加勅管塩法道事,,unknown,5
敎喻管復設訓導事,,unknown,5
大城潭鎭巡檢,巡檢,縣首領,5
永利場塩課大使,,京官,5
請旨福建等處塩法道兼理福廠船工事務,,unknown,5
鎮守浙江杭州等處地方轄滿洲官兵將軍,,unknown,5
生员,,unknown,5
生員,,unknown,5
知縣管？？場塩課大使事,知縣,縣正印,5
惠安場塩課大使,,京官,5
縣丞駐榆林灣,縣丞,縣佐貳,5
惠遠城巡檢,巡檢,縣首領,5
縣丞駐許灣,縣丞,縣佐貳,5
縣丞駐毛目管理屯田,縣丞,縣佐貳,5
礶口司巡檢,巡檢,縣首領,5
縣丞駐杜安集,縣丞,縣佐貳,5
新設淮南儀所監掣同知,同知,府佐貳,5
欽命翰林院編修提督河南全省學政,,省級,5
知州管知县事,知州,州正印,5
石？司巡檢兼管廈門司獄事,巡檢,縣首領,5
蒲直批驗所大使,,雜職,5
理苗同知駐長寨,同知,府佐貳,5
縣丞駐下街鎮,縣丞,縣佐貳,5
欽命督理淮宿等關稅務,,unknown,5
請旨山東等處督粮道兼管德常臨清倉事務,,省級,5
廟子角巡檢,巡檢,縣首領,5
廓鎭巡檢,巡檢,縣首領,5
復設敎喻,,unknown,5
象所閑散滿治儀正,,武職,5
欽命督理兩淮塩漕察院轄江南江西湖廣河南汝寕等處地方,,unknown,5
新設州判,州判,州佐貳,5
正九借補典史,典史,縣首領,5
皇貴妃園寢讀祝官,,京官,5
石角营巡檢,,武職,5
直隸等處承宣布政使司布政使,,unknown,5
正红旗,,unknown,5
直隸提刑按察使司按察使統轄全省馹傳事務,,unknown,5
石橋鎮巡檢,巡檢,縣首領,5
水利同知駐蘭鎭,同知,府佐貳,5
廣東等處都轉盐運使司盐運使按察使銜,,unknown,5
縣丞駐三滙塲,縣丞,縣佐貳,5
大軍倉大使,,京官,5
欽差管理寶源局監督戶部福建司郎中,,京官,5
請旨分巡貴西兵備道兼管安南大遵等處地方駐威寕州,,unknown,5
石河場塩課大使,,京官,5
請旨分巡衡永郴桂道管理衡山等處地方駐劄衡州府,,unknown,5
鎮守黑爾根城副都統,,unknown,5
豊順鄉巡檢,巡檢,縣首領,5
新設孱陵鎮巡檢,巡檢,縣首領,5
萬全馹丞,,雜職,5
鎮守陝西西安等處地方副都統,,unknown,5
豐益倉監督工部員外郞,,京官,5
萬全馹丞兼巡檢,巡檢,縣首領,5
廣濟水馬馹丞兼管巡檢事,,雜職,5
教習庶吉士,,京官,5
正蓝旗,,unknown,5
新設會寕巡檢,巡檢,縣首領,5
大通橋監督刑部員外郞,,京官,5
新設九谿衛城巡檢,巡檢,縣首領,5
太安馹丞兼管巡檢事,,雜職,5
請旨分巡淸河道轄保定正定等處,,省級,5
石城里巡檢,巡檢,縣首領,5
序班,,京官,5
歸化城巡檢,巡檢,縣首領,5
白湖鎭巡檢,巡檢,縣首領,5
大洲塲塩課大使,,京官,5
縣丞駐劄麻沙,縣丞,縣佐貳,5
鎮守湖北彜陵宜昌等處地方管轄营衛土司總兵官,,武職,5
縣丞駐禾坪,縣丞,縣佐貳,5
白沙湾巡檢,巡檢,縣首領,5
太平堡主簿,主簿,縣首領,5
水利同知駐張蘭鎭,同知,府佐貳,5
武陽鎭巡檢,巡檢,縣首領,5
鎮守熊岳等處副都統,,unknown,5
葫芦溪塩捕縣丞,縣丞,縣佐貳,5
大庄科巡檢,巡檢,縣首領,5
睢寕管河縣丞,縣丞,縣佐貳,5
莆田場塩課大使,,京官,5
縣丞駐磗坪,縣丞,縣佐貳,5
睢寕管河同知,同知,府佐貳,5
蘿塘司巡檢,巡檢,縣首領,5
白石場塩課大使,,京官,5
新設板閘巡檢,巡檢,縣首領,5
新設大靖堡巡檢,巡檢,縣首領,5
步輦漢治儀正,,武職,5
正黄旗,,旗籍誤填,5
白石塲塩課大使,,京官,5
縣丞駐清江鎮,縣丞,縣佐貳,5
鎮守福建建寕等處地方總兵官,,武職,5
淸水河巡檢,巡檢,縣首領,5
稅課局大使,,京官,5
袁家口閘閘官,,雜職,5
漢口鎮仁義司巡檢,巡檢,縣首領,5
捕盜同知駐建南鎮,同知,府佐貳,5
缺口鎭巡檢,巡檢,縣首領,5
郁山鎭巡檢,巡檢,縣首領,5
翰林院侍讲学士,,京官,5
掌湖廣道事監察御史,,京官,5
崔家垻巡檢,巡檢,縣首領,5
梁湖鎮巡檢,巡檢,縣首領,5
嵢峽司巡檢,巡檢,縣首領,5
郎中兼公中佐領,,武職,5
經筵日講起居注官御前大臣太子太保領侍衛內大臣文華殿大學士文淵閣領閣事兼提舉閣事管理吏部戶部刑部理藩院太醫院藥房戶部三庫事務總管內務府大臣翰林院掌院學士教習庶吉士管理武備院御船處嚮導處事務正白旗滿洲都統總理健銳營圓明園八旗內府三旗官兵大臣步軍統領,,京官,5
請旨分守巡海興泉永等處地方兵備道監放兵餉管轄海政駐廈門,,unknown,5
湖波司巡檢,巡檢,縣首領,5
糧馬通判,通判,府佐貳,5
都坪正長官,,unknown,5
州判管县丞事,州判,州佐貳,5
湖州衛領運千總,,武職,5
州判管吏目事,州判,州佐貳,5
都坪正長官司,,土司,5
都寕司巡檢,巡檢,縣首領,5
梅坵鎮巡檢,巡檢,縣首領,5
曲汇司巡檢,巡檢,縣首領,5
本裕倉監督戶部員外郞,,京官,5
捕盗同知駐？？？,同知,府佐貳,5
請旨分守濟東泰武臨道兼管所屬地方水利事務轄濮平高三州,,unknown,5
通濟橋閘閘官,,雜職,5
濱江司巡檢,巡檢,縣首領,5
濤雒場塩課大使,,京官,5
胡樂司巡檢,巡檢,縣首領,5
胖子店巡檢,巡檢,縣首領,5
提督四川全省軍務節制各鎮提調漢土官兵,,unknown,5
按板井塩課大使,,京官,5
波羅里大崗巡檢,巡檢,縣首領,5
請旨分守河北兵備道管轄彰衛懷三府等處地方,,unknown,5
捉殺寨巡檢,巡檢,縣首領,5
潯美場塩課大使,,京官,5
巡檢駐黄官嶺,巡檢,縣首領,5
聖惠鎭巡檢,巡檢,縣首領,5
泰陵妃園寢讀祝官,,京官,5
巡檢管林水馹丞事,巡檢,縣首領,5
請旨分守河北兵備道管轄彰衛懐三府等處地方,,unknown,5
洋溪鎭巡檢,巡檢,縣首領,5
潄城巡檢,巡檢,縣首領,5
州同駐龍潭鎮,州同,州佐貳,5
鎭守廣東碣石衛等處地方總兵官,,武職,5
神泉河巡檢,巡檢,縣首領,5
清河清江閘官,,雜職,5
柳林鎭巡檢,巡檢,縣首領,5
東山巡检,巡檢,縣首領,5
清江通判,通判,府佐貳,5
東泉鎭巡檢,巡檢,縣首領,5
東界塲塩課大使,,京官,5
林水馹丞,,雜職,5
掌印守禦兼管河道,,省級,5
經歷司兼辦庫務,經歷,府首領,5
州同管南岸主簿事,州同,州佐貳,5
東閣大學士管理戶部三庫兼署刑部尚書事務,,京官,5
淸道司巡檢,巡檢,縣首領,5
淸軍督捕水利同知,水利同知,府佐貳,5
州同管管河主簿事,州同,州佐貳,5
詔安場塩課大使,,京官,5
金山巡檢,巡檢,縣首領,5
經歷兼管稅務,經歷,府首領,5
東陵工部掌印郎中,,京官,5
淳化巡檢,巡檢,縣首領,5
松栢司巡檢,巡檢,縣首領,5
經歷管吏目事,經歷,府首領,5
里？？馹丞兼管巡檢事,,雜職,5
經筵日講起居注官太子少保文淵閣領閣事工部尚書翰林院掌院學士教習庶吉士稽查欽奉上諭事件處,,京官,5
清源鄉學訓導,訓導,教職,5
經筵日講起居注官太子少保文淵閣領閣事工部尚書翰林院掌院學士教習庶吉士稽察欽奉上諭事件處,,京官,5
湖北等處提刑按察使司按察使統轄全省馹傳事務,,unknown,5
翰林改授額外主事,,京官,5
掌印中书,,京官,5
鎭守巴里坤等處地方總兵官,,武職,5
桃源河務同知,同知,府佐貳,5
温水司巡檢,巡檢,縣首領,5
義門巡檢,巡檢,縣首領,5
經筳講官御前大臣太子太保議政大臣領侍衞内大臣文華殿大學士兼吏部尚書管理户部事務文淵閣提舉閣事兼管吏部尚書事務管理理藩院縂管内務府大臣管理上駟院武？院御船處？道處事務正白旗满洲都統健鋭营圆明園八旗内府三旗官兵大臣步軍統領,,京官,5
海防鹽捕水利同知,水利同知,府佐貳,5
綏遠城盈寕庫大使,,京官,5
州判駐梅溪,州判,州佐貳,5
州判駐沙尼馹兼司水利,州判,州佐貳,5
鎭守四川重慶等處地方提調漢土官兵總兵官,,武職,5
清軍粮捕水利同知,同知,府佐貳,5
都察院掌院左都御史,,京官,5
鎭守四川成都等處地方將軍,,unknown,5
淇潭堡巡檢,巡檢,縣首領,5
東司掌印滿雲麾使,,武職,5
粮捕水利通判移駐清化鎮,通判,府佐貳,5
提督广西学政,,省級,5
請旨分守甘凉兵備道整飭凉永鎭羌等處地方駐劄凉州府,,unknown,5
布政司日盈庫大使,,省級,5
總捕水利同知駐杜安集,水利同知,府佐貳,5
戶部郎中,,京官,5
禹門鎭巡檢,巡檢,縣首領,5
欽命內閣學士兼禮部侍郎提督浙江全省學政,,省級,5
縣丞兼司水利駐容奇,縣丞,縣佐貳,5
穆樂墟巡檢,巡檢,縣首領,5
總理全省塘務,,unknown,5
鎮守山海関等處地方副都統,,省級,5
總理樂部事務,,unknown,5
江西副典試,,unknown,5
端氏鎭巡檢,巡檢,縣首領,5
竹園村巡檢,巡檢,縣首領,5
江西等處提刑按察使司按察使,,unknown,5
江西道監察禦史,,unknown,5
管河县丞,縣丞,縣佐貳,5
鎮守山東兖州等處地方總兵官,,武職,5
扇手司掌印滿雲麾使,,武職,5
宿州管河州同駐徐溪口,州同,州佐貳,5
江防捕盗同知,同知,府佐貳,5
新豊司巡檢,巡檢,縣首領,5
布政司理問,,省級,5
脏罰庫司庫,,京官,5
禮部主事,,京官,5
孔？鎮巡檢,巡檢,縣首領,5
軍捕水利同知駐吳城,水利同知,府佐貳,5
裕豐倉監督鴻臚寺鳴贊,,京官,5
祿步司巡檢,巡檢,縣首領,5
平刑巡檢,巡檢,縣首領,5
茹麻嶺巡檢,巡檢,縣首領,5
懐化司巡檢兼管馹務,巡檢,縣首領,5
請旨分巡岳常灃道管理巴陵等處地方駐劄灃州,,unknown,5
學祿,,unknown,5
永豊鎭巡検,,unknown,5
鎮守江南江寕京口等處地方將軍,,unknown,5
辛巳科庻吉士,,京官,5
珠梅閘閘官,,雜職,5
福淸場塩課大使,,京官,5
縣丞駐？？,縣丞,縣佐貳,5
總捕同知兼理船政,同知,府佐貳,5
江南安徽寕池太盧鳳穎廣滁和六泗等處承宣布政使司布政使,,unknown,5
戶部員外郎,,京官,5
縣丞兼管太平移駐查村,縣丞,縣佐貳,5
旗手衛閑散滿治儀正,,武職,5
管河塩捕同知,同知,府佐貳,5
通判駐劄馬家巷,通判,府佐貳,5
旛幢司掌印滿雲麾使,,武職,5
臺懐鎭巡檢,巡檢,縣首領,5
经历司经历,經歷,府首領,5
營頭司巡檢兼管水馬馹,,武職,5
營頭司巡檢兼水馬馹,,武職,5
鎭守陕西西安等處地方統轄滿兵將軍,,unknown,5
左侍郎正藍旗滿洲副都統,,旗籍誤填,5
左侍郎兼管順天府府尹事務,,unknown,5
招寕巡檢,巡檢,縣首領,5
尼山書院學祿,,unknown,5
通判駐臨落関,通判,府佐貳,5
河南後帮領運千總,,武職,5
膠莱分司運判,,unknown,5
按察使司經歷,經歷,府首領,5
鎭守綏遠城將軍管右衛等處地方,,unknown,5
照磨兼管廣？倉事,照磨,府首領,5
河州同知兼司水利駐循化,同知,府佐貳,5
工部主事,,京官,5
烏蘭哈達巡檢,巡檢,縣首領,5
經筵講官太子太保東閣大學士,,unknown,5
特授,,unknown,5
特授州同管副指揮事,州同,州佐貳,5
經筵講官左侍郎正白旗蒙古副都統,,旗籍誤填,5
寕海司巡檢,巡檢,縣首領,5
提督貴州全省軍務管辖漢土官兵控制苗彝總兵官,,武職,5
管河州判駐胡家莊,州判,州佐貳,5
日盈庫大使,,京官,5
江陰團塩課大使,,京官,5
日講官起居注官翰林院侍讀,,京官,5
富池鎮巡檢,巡檢,縣首領,5
左所閑散滿整儀尉,,武職,5
日講官起居注翰林院侍讀學士,,京官,5
沌口鎮巡檢,巡檢,縣首領,5
寺前舖閘閘官,,雜職,5
總記三庫主事,,京官,5
横查司巡檢,巡檢,縣首領,5
寛仁里巡檢,巡檢,縣首領,5
左宗正,,unknown,5
管粮縣丞駐漕涇,縣丞,縣佐貳,5
樟林鎭巡檢,巡檢,縣首領,5
沙湾司巡檢,巡檢,縣首領,5
管糧水利主簿,主簿,縣首領,5
左所閑散滿治儀正,,武職,5
請旨督理湖南塩法道管轄長寶二府兼管水利事務,,unknown,5
九道梁巡檢,巡檢,縣首領,5
亭前鎮巡檢兼管縣丞事,巡檢,縣首領,5
主事改授知縣,知縣,縣正印,5
內外管理巡檢,巡檢,縣首領,5
主事直隸司行走,,京官,5
兼管欽天監事務,,京官,5
冀村巡檢,巡檢,縣首領,5
員外郎兼驗封司事,,京官,5
雲南學政,,省級,5
内外管理巡檢,巡檢,縣首領,5
主事雲南司行走,,京官,5
内閣學士兼禮部侍郎文淵閣直閣事,,京官,5
黃池鎮巡檢,巡檢,縣首領,5
黃岩場塩課大使,,京官,5
倒馬關巡檢駐橫河口,巡檢,縣首領,5
修撰,,unknown,5
三防廰主簿,主簿,縣首領,5
雙溝鎮西界巡檢,巡檢,縣首領,5
員外郎兼公中佐領,,武職,5
塩捕海防同知,同知,府佐貳,5
？？？？同知,同知,府佐貳,5
信陽場塩課大使,,京官,5
前所閑散滿雲麾使,,武職,5
便水司巡檢兼管馹務,巡檢,縣首領,5
雙橋司巡檢,巡檢,縣首領,5
减河主簿,主簿,縣首領,5
和舍巡檢,巡檢,縣首領,5
額外員外郎,,京官,5
額外司務,,京官,5
史村馹丞管巡檢事,,雜職,5
題直隸永定等處地方河道按察使銜駐劄固安,,省級,5
雲南等處提刑按察使司按察使統轄全省馹傳事務,,unknown,5
靑藍頭巡檢,巡檢,縣首領,5
內閣學士兼禮部侍郎廣東學政,,省級,5
嘉峪関巡檢,巡檢,縣首領,5
协办侍读事务内阁中书,,京官,5
喀喇河屯理事通判,理事通判,府佐貳,5
黄顥口巡檢,巡檢,縣首領,5
右春坊右中允兼翰林院編修,,京官,5
唐縣鎮巡檢,巡檢,縣首領,5
十一都巡檢,巡檢,縣首領,5
黄溪口巡檢,巡檢,縣首領,5
塔子溝巡檢,巡檢,縣首領,5
中所閑散滿治儀正,,武職,5
黄泥湾巡檢,巡檢,縣首領,5
八賦嶺巡檢,巡檢,縣首領,5
唐古忒司業,,unknown,5
唐古忒中書,,京官,5
嘉明巡檢,巡檢,縣首領,5
下里場塩課大使,,京官,5
兩淮都轉塩運使,,unknown,5
兩浙寕紹塩運副使,,unknown,5
黄梁都巡檢,巡檢,縣首領,5
南槎巡檢,巡檢,縣首領,5
黄山舘巡檢,巡檢,縣首領,5
？？官,,unknown,5
靑堤黄？二塲大使,,京官,5
右司主事兼辦庫務,,京官,5
陌底渡巡檢,巡檢,縣首領,5
右侍郎順天學政,,省級,5
兵部尚書兼督察院右副都御史縂督淮揚等處地方提督清理海防軍務兼理粮餉,,京官,5
黄圃巡檢,巡檢,縣首領,5
靑羊馹丞管巡檢事,,雜職,5
鹽捕州判,州判,州佐貳,5
主簿分駐菱湖,主簿,縣首領,5
镶红旗,,unknown,5
鹅埠嶺巡檢,巡檢,縣首領,5
周莊巡檢,巡檢,縣首領,5
高村司巡檢,巡檢,縣首領,5
亢村馹丞兼管巡檢事,,雜職,5
塩運司運同,,unknown,5
五帮領運千總,,武職,5
陝甘提塘,,unknown,5
乂頭巡檢,巡檢,縣首領,5
同知駐龍陵鎮,同知,府佐貳,5
長安鎭巡檢,巡檢,縣首領,5
分防同知巡檢兼管司獄事,同知,府佐貳,5
分巡延建邵等處地方道,,unknown,5
分理番民南坪巡檢,巡檢,縣首領,5
乍浦巡檢,巡檢,縣首領,5
古砦鎭巡檢,巡檢,縣首領,5
七品小京官廣東司行走,,京官,5
墨爾根城倉官,,京官,5
鳳凰巡檢,巡檢,縣首領,5
乾鎭司巡檢,巡檢,縣首領,5
呂堰鎮巡檢,巡檢,縣首領,5
順天府府丞,,unknown,5
分巡漢黄德等處地方道兼管水利事務駐黄州府,,unknown,5
乾州巡檢,巡檢,縣首領,5
乾垻巡檢,巡檢,縣首領,5
镶黄旗,,unknown,5
六塘墟巡檢,巡檢,縣首領,5
三岔馹丞,,雜職,5
京畿道監察禦史,,unknown,5
請旨分守雁平大朔寕忻代保地方兵備道兼管水利事務,,unknown,4
嘉興白糧領運千總,,武職,4
領運管河千總,,武職,4
五官司晨,,unknown,4
領隊大臣,,unknown,4
齊家庄巡檢,巡檢,縣首領,4
兩浙寧紹鹽運副使,,unknown,4
浙江等處承宣布政使司布政使兼管海防事務,,unknown,4
縣丞兼管粮務水利駐南城,縣丞,縣佐貳,4
西滙関批騐所大使,,京官,4
托克托城巡検,,unknown,4
江南道监察御史,,京官,4
縣丞兼管水利駐容奇,縣丞,縣佐貳,4
江口場巡檢,巡檢,縣首領,4
經歷兼管道庫,經歷,府首領,4
縣丞兼管大通馹站事,縣丞,縣佐貳,4
縣丞借補典史,典史,縣首領,4
里？？驛丞兼管巡検事,,雜職,4
縣丞兼水利駐江門,縣丞,縣佐貳,4
江寕司巡檢,巡檢,縣首領,4
內閣學士兼禮部侍郎浙江學政,,省級,4
縣丞借補吏目,吏目,州首領,4
阜寕馬邏巡檢,巡檢,縣首領,4
吏目管薩拉齊巡檢事,吏目,州首領,4
曲史,,unknown,4
提督廣東統辖全省水陸軍務節制各鎭總兵官,,武職,4
鎮守江南江寧等處左翼副都統,,unknown,4
鎮守江南江寧等處右翼副都統,,unknown,4
掌印員外郞,,京官,4
請旨分守雁平大朔寕忻代保馹傳兵備道兼管水利事務,,unknown,4
內閣學士兼禮部侍郎管理太常寺事務,,京官,4
嘉峪関巡検,,unknown,4
永豐司巡檢,巡檢,縣首領,4
浙江等處提刑按察使司按察使,,unknown,4
喀喇河巡檢,巡檢,縣首領,4
亭座漢整儀尉,,武職,4
协律郎,,unknown,4
孝賢皇后陵寝郎中,,京官,4
黄？司巡檢,巡檢,縣首領,4
請旨分守安襄鄖兵備道兼管水利事務駐劄襄陽府,,unknown,4
撫民通判駐？？？？,通判,府佐貳,4
掌京畿道事監察御史,,京官,4
乾州河溪巡檢,巡檢,縣首領,4
縣丞分駐邛水,縣丞,縣佐貳,4
請旨分巡吉南贛寕兼管水利地方兵備道駐劄贛州府,,unknown,4
縣丞分駐興盛澤鎮,縣丞,縣佐貳,4
宣課局管河泊所大使事,,unknown,4
六品烏林大,,武職,4
乾州經歴,,unknown,4
海豊場塩課大使,,京官,4
撫標中軍左營參將,,武職,4
協辦堂主事兼佐領,,武職,4
撫標中軍參將兼管左右二營事,,武職,4
仁義巡検,,unknown,4
提督陝西西安等處地方總兵官,,武職,4
乾鎮司巡檢,巡檢,縣首領,4
南司司獄司,司獄,府首領,4
二等侍卫,,武職,4
黑爾根城倉官,,京官,4
定河州判,州判,州佐貳,4
永綏直隷同知,同知,府佐貳,4
南廠大使,,京官,4
請旨分巡右江兵備道管轄思恩百色等處地方駐劄柳州府,,unknown,4
淸水河巡検,,unknown,4
經筵講官協辦大學士吏部尚書兼管國子監事務,,京官,4
婁順巡検,,unknown,4
重安長官司,,土司,4
海防同知駐剳乍浦,同知,府佐貳,4
鎮守拉林阿爾楚卡地方副都統,,unknown,4
掌料中書合人力,,京官,4
掌所事漢雲麾使兼佐領,,武職,4
掌廣西道事監察禦史,,unknown,4
安徽學政,,省級,4
河南開歸等處督理通省塩法水利粮務道按察使銜,,unknown,4
海防通判駐石馬鎮,通判,府佐貳,4
河口鎭巡檢,巡檢,縣首領,4
海防同知駐南勝,同知,府佐貳,4
撲盜同知,同知,府佐貳,4
角杯村巡検,,unknown,4
京山巡檢,巡檢,縣首領,4
倒馬關巡檢,巡檢,縣首領,4
海防軍民同知駐？？？,同知,府佐貳,4
威遠堡巡檢,巡檢,縣首領,4
鎮守江西南贛吉袁臨寕等處地方總兵官,,武職,4
掌廣東道事監察禦史,,unknown,4
掌山西道事監察禦史,,unknown,4
阜寕粮河縣丞,縣丞,縣佐貳,4
海防同知駐海寧,同知,府佐貳,4
河邑巡検,,unknown,4
掌山東道事監察禦史,,unknown,4
請旨分守河東平蒲解絳霍隰地方兵備道兼管水利事務,,unknown,4
但店鎮巡檢,巡檢,縣首領,4
（土+乍）坪司巡檢,巡檢,縣首領,4
侍郎,,unknown,4
鎮守江北狼山統轄廬鳳淮揚滁和等處地方總兵官,,武職,4
婁煩巡檢,巡檢,縣首領,4
五長村巡檢,巡檢,縣首領,4
經筵講官左侍郎,,unknown,4
县丞管吏目事,縣丞,縣佐貳,4
安東巡検,,unknown,4
內閣學士兼禮部侍郎山東學政,,省級,4
內閣學士兼禮部侍郎兼管太常寺事務,,京官,4
內閣學士兼禮部侍郎仍兼鴻臚寺事務,,京官,4
淸化逕巡檢,巡檢,縣首領,4
內閣學士兼禮部侍郎仍兼太常寺卿正黃旗漢軍副都統,,京官,4
南澳司巡檢,巡檢,縣首領,4
四帮领运千总,,unknown,4
金門縣丞,縣丞,縣佐貳,4
額外典簿,,京官,4
金輅漢整儀尉,,武職,4
洙泗書院學祿,,unknown,4
掌陜西道監察御史,,京官,4
海滄通判,通判,府佐貳,4
經筵講官禮部尚書,,京官,4
掌貴州道事監察禦史,,unknown,4
風陵渡巡檢兼管司獄事,巡檢,縣首領,4
風陵渡巡検兼管司獄事,,unknown,4
四品执事官,,unknown,4
四川等處提刑按察使司按察使統轄全省馹傳事務,,unknown,4
掌福建道事監察禦史,,unknown,4
掌浙江道事監察禦史,,unknown,4
沙澗茅津巡検,,unknown,4
園丘壇奉祀,,unknown,4
掌浙江道事監察御史,,京官,4
沙鎭司巡檢,巡檢,縣首領,4
儀考管河通判,通判,府佐貳,4
掌江南道事監察禦史,,unknown,4
五山汛巡檢,,武職,4
洑牛司巡檢,巡檢,縣首領,4
沌口鎭巡檢,巡檢,縣首領,4
欽命督理滸墅鈔關,,unknown,4
水口司巡検,,unknown,4
鹽法道庫大使,,省級,4
吏部尚書,,京官,4
州判管管粮主簿事,州判,州佐貳,4
鎭守廣州等處漢軍副都統,,unknown,4
楊河江防河務同知,同知,府佐貳,4
新開口鎭巡檢,巡檢,縣首領,4
和林格爾巡検,,unknown,4
棕薦漢整儀尉,,武職,4
棒鮓巡檢,巡檢,縣首領,4
检校,,京官,4
山盱通判,通判,府佐貳,4
刑部郎中,,京官,4
花園鎭巡檢,巡檢,縣首領,4
梁湖巡檢,巡檢,縣首領,4
方山堡巡検,,unknown,4
長芦批驗所大使,,雜職,4
鹽捕水利州判,州判,州佐貳,4
鎭守廣東廣州等處將軍統辖滿漢八旗水師营,,武職,4
刑部左侍郎兼管順天府府尹事務,,京官,4
樟林鎮巡檢,巡檢,縣首領,4
總管內務府大臣,,京官,4
茂暉塲塩課大使,,京官,4
麗江井塩課大使,,京官,4
黃岡司巡檢,巡檢,縣首領,4
黃家鎮巡檢,巡檢,縣首領,4
縣丞駐許湾,縣丞,縣佐貳,4
副理事官兼經歷司事,,京官,4
尼山書院學録,,unknown,4
草涼馹丞,,雜職,4
黃壩馹丞,,雜職,4
新設舊城司巡檢,巡檢,縣首領,4
縣丞駐馬村集,縣丞,縣佐貳,4
前所閒散滿整儀尉,,武職,4
前所閑散滿整儀尉,,武職,4
山东道监察御史,,京官,4
新設馬邑巡檢,巡檢,縣首領,4
鎭守巴里坤等處地方領隊大臣,,unknown,4
山旴通判,通判,府佐貳,4
欽命內閣學士兼禮部侍郎提督廣東全省學政,,省級,4
欣樂巡檢,巡檢,縣首領,4
署左侍郎,,unknown,4
刑部尚書管理戶部三庫事務正藍旗滿洲都統兼管太僕寺事務,,京官,4
裕溪河巡檢,巡檢,縣首領,4
老營堡巡檢,,武職,4
杭州織造七品筆帖式,,省級,4
鳳凰營直隷同知,,武職,4
長樂巡検,,unknown,4
聖惠鎭巡検,,unknown,4
分巡歸綏地方兵備道總理旗民蒙古事務駐綏遠,,unknown,4
鳳凰營巡檢,,武職,4
分巡歸綏馹傳兵備道總理旗民蒙古事務駐綏遠,,unknown,4
老营堡巡檢,,武職,4
巖門司巡檢,巡檢,縣首領,4
芒稍閘閘官,,雜職,4
木洞鎮巡檢,巡檢,縣首領,4
朝天鎭巡檢,巡檢,縣首領,4
翰林院改授主事,,京官,4
會寕巡檢,巡檢,縣首領,4
崇文門稅大使,,京官,4
翰林院侍讲,,京官,4
魏縣鄉漳河縣丞,縣丞,縣佐貳,4
鎭守浙江杭州等處地方副都統,,unknown,4
羅渡鎭巡檢,巡檢,縣首領,4
日講起居注官詹事府少詹事,,京官,4
山陽縣高家堰主簿,主簿,縣首領,4
分防同知巡検兼管司獄事,同知,府佐貳,4
旌節司掌印滿雲麾使,,武職,4
柳林鎭巡検,,unknown,4
鎭守甘肅西寕臨鞏等處地方統辖漢土番回掛印總兵官,,武職,4
船政通判,通判,府佐貳,4
鎭守廣東高雷廉三府等處地方水陸官兵控制土司守禦總兵官,,武職,4
舖前司巡檢,巡檢,縣首領,4
松柏司巡檢,巡檢,縣首領,4
刑部主事,,京官,4
東良海口巡檢,巡檢,縣首領,4
東臺管河縣丞駐西溪,縣丞,縣佐貳,4
東界場塩課大使,,京官,4
臺懐鎭巡検,,unknown,4
東廠大使,,京官,4
山陽外河主簿,主簿,縣首領,4
羅塘司巡檢,巡檢,縣首領,4
東山巡檢,巡檢,縣首領,4
分防通判巡檢兼管司獄事,巡檢,縣首領,4
縣丞駐美原鎮,縣丞,縣佐貳,4
縣丞駐羅漢門,縣丞,縣佐貳,4
副監督刑部郎中,,京官,4
文淵閣校理雲南正主考,,京官,4
寕化所巡檢,巡檢,縣首領,4
正敎序班,,京官,4
蘭儀同知,同知,府佐貳,4
正大營巡檢,,武職,4
正备赞协律郎,,unknown,4
蘇州織造烏林大,,省級,4
文淵閣校理翰林院侍講,,京官,4
縣丞管歸化城巡檢事,縣丞,縣佐貳,4
縣丞管河庫道大使事,,省級,4
小靖場塩課大使,,京官,4
文淵閣校里,,unknown,4
縣丞管管河主簿事,縣丞,縣佐貳,4
欽差管理寶源局監督吏部稽勳司郎中,,京官,4
鎭守四川建昌等處地方提調漢土官兵軍衛土司總兵官,,武職,4
蘆崇場塩課大使,,京官,4
斗六門縣丞,縣丞,縣佐貳,4
縣丞駐三滙場,縣丞,縣佐貳,4
斧銊司掌印滿雲麾使,,武職,4
寕化所巡検,,unknown,4
正教序,,unknown,4
兵部侍郎兼都察院右副都御史巡撫江西南昌等處地方提督軍務粮餉,,省級,4
縣丞管司獄事,縣丞,縣佐貳,4
宿遷中河縣丞移駐永濟橋,縣丞,縣佐貳,4
改設南槎巡檢,巡檢,縣首領,4
袁家口？梅閘閘官,,雜職,4
水利粮務縣丞,縣丞,縣佐貳,4
縣丞移駐星村,縣丞,縣佐貳,4
兵部主事,,京官,4
敕命總理直省山東等處塩法都轉塩運使司運使兼鹽法道,,省級,4
殺虎口巡検,,unknown,4
教习,,京官,4
教授管教谕事,教授,教職,4
教諭兼安居學,教諭,教職,4
虹梯関巡検,,unknown,4
武連驛丞,,雜職,4
北魏村巡検,,unknown,4
教諭管複設訓導事,教諭,教職,4
虢川巡検,,unknown,4
戶部員外郞,,京官,4
欽差監收打箭爐稅務,,unknown,4
兵部侍郎總督江南南河等處河道提督軍務兼都察院右副都御史,,省級,4
新城鎮巡檢,巡檢,縣首領,4
寶泉局大使,,京官,4
寺前鋪閘閘官,,雜職,4
駕庫漢整儀尉,,武職,4
縣丞駐木高,縣丞,縣佐貳,4
新設利國司巡檢,巡檢,縣首領,4
萬安寨巡檢兼白連馹,巡檢,縣首領,4
州判駐劄？嘉,州判,州佐貳,4
縣丞駐榆林湾,縣丞,縣佐貳,4
助馬口巡検,,unknown,4
兼辦庫務,,unknown,4
劉家隔巡檢,巡檢,縣首領,4
巡視東城掌雲南道監察御史,,京官,4
州判駐劄羅斛,州判,州佐貳,4
欽命督理杭州織造事務,,省級,4
新設岱岳站巡檢,巡檢,縣首領,4
黃沁通判,通判,府佐貳,4
員外郎兼考功司事,,京官,4
欽命督理九江関稅務兼管窑務,,unknown,4
州判駐平昌關,州判,州佐貳,4
縣丞駐平壇,縣丞,縣佐貳,4
北廠大使,,京官,4
新灘鎭巡檢,巡檢,縣首領,4
縣丞駐剳海口,縣丞,縣佐貳,4
北峽関巡檢,巡檢,縣首領,4
縣丞駐劄官村,縣丞,縣佐貳,4
北峡関巡檢,巡檢,縣首領,4
黃龍鎮巡檢,巡檢,縣首領,4
寨頭巡檢,巡檢,縣首領,4
縣丞駐垌家坊,縣丞,縣佐貳,4
縣丞駐大巖嶺,縣丞,縣佐貳,4
蕯拉齊巡檢,巡檢,縣首領,4
縣丞駐大鵬管理軍糧,縣丞,縣佐貳,4
新改里田舖巡檢,巡檢,縣首領,4
兵部尚書兼都察院右都御史總督雲貴等處地方提督軍務兼理粮餉,,省級,4
黃陂站巡檢,巡檢,縣首領,4
寶停司巡檢,巡檢,縣首領,4
北司司獄司,司獄,府首領,4
蔡店鎭巡檢,巡檢,縣首領,4
新港司巡檢駐東來菴,巡檢,縣首領,4
武城鄉巡檢,巡檢,縣首領,4
經筵日講起居注官御前大臣太子太保領侍衛內大臣文華殿大學士文淵閣提舉閣事管理吏部戶部刑部理藩院戶部三庫事務總管內務府大臣翰林院掌院學士教習庶吉士管理上駟院武備院御船處嚮導處事務鑲黄旗滿洲都統總理健銳營圓明園八旗內府三旗官兵大臣步軍統領,,京官,4
司仪序班,,京官,4
主事四川司行走,,京官,4
巡検駐鎭平,,unknown,4
通事官,,unknown,4
大安馹丞,,雜職,4
迪化城巡檢,巡檢,縣首領,4
管理江寧織造烏林大,,省級,4
郝穴口主簿,主簿,縣首領,4
豊中場塩課大使,,京官,4
塩漕水利通判駐南洋,通判,府佐貳,4
右寺承,,unknown,4
太子太保兵部尚書兼都察院右都御史總督陕甘等處地方軍務兼理粮餉管巡撫事兼理茶馬,,省級,4
右少卿,,京官,4
特用副指揮,,京官,4
管河通判,通判,府佐貳,4
主事兼辦經歷司事,,京官,4
粮捕同知駐南勝,同知,府佐貳,4
？？巡檢,巡檢,縣首領,4
塩池巡検,,unknown,4
大巴山巡検,,unknown,4
主事兼考功司事,,京官,4
三要司巡検,,unknown,4
管河主簿移駐北岸,主簿,縣首領,4
管河下汛縣丞,,武職,4
算學助教,,京官,4
大庄科巡検,,unknown,4
右所閑散滿整儀尉,,武職,4
右所閑散滿治儀正,,武職,4
鐘溪司巡檢,巡檢,縣首領,4
平刑巡検,,unknown,4
同知管粮鹽總捕水利事,同知,府佐貳,4
己醜科散館編修,,京官,4
右侍郎江西學政,,省級,4
己丑科散館檢討,,京官,4
粮捕同知駐偏関,同知,府佐貳,4
主事驗封司行走,,京官,4
督捕淸軍同知,同知,府佐貳,4
都察院副左都禦使,,京官,4
阿爾楚哈倉官,,京官,4
牛食？巡檢,巡檢,縣首領,4
巡視北城禮科掌印給事中,,京官,4
粤盈庫大使,,京官,4
通判駐劄魯甸,通判,府佐貳,4
睢寧管河縣丞,縣丞,縣佐貳,4
粉璧寨巡檢,巡檢,縣首領,4
睢寧管河主簿,主簿,縣首領,4
都坪正长官,,unknown,4
阿西井塩課大使,,京官,4
睢寕管河主簿,主簿,縣首領,4
待詔管孔目事,,京官,4
三座塔巡檢,巡檢,縣首領,4
睢南同知,同知,府佐貳,4
阿里港縣丞移駐下淡水,縣丞,縣佐貳,4
直隸等處承宣佈政使司布政使,,unknown,4
管粮同知,同知,府佐貳,4
石嶺關巡檢兼成晉馹,巡檢,縣首領,4
管理馹站正監督兵部員外郎,,京官,4
石橋場塩課大使,,京官,4
右侍郎正黄旗满洲副都統,,旗籍誤填,4
石橋塲塩課大使,,京官,4
右侍郎正黄旗蒙古副都統,,旗籍誤填,4
穆陵關巡檢,巡檢,縣首領,4
稽察中書科事務内閣學士兼禮部侍郎,,京官,4
廣武莊巡検,,unknown,4
府經借補縣丞,縣丞,縣佐貳,4
珠澍潭巡檢,巡檢,縣首領,4
邵伯巡檢,巡檢,縣首領,4
府經借補主簿,主簿,縣首領,4
邳睢河務同知,同知,府佐貳,4
府知借補典史,典史,縣首領,4
甪頭巡检,巡檢,縣首領,4
起居注主事,,京官,4
理事通判駐劄龍勝州,通判,府佐貳,4
庙湾場塩課大使,,京官,4
祿米倉監督工部郎中,,京官,4
甘蔗園巡檢,巡檢,縣首領,4
理問借補縣丞,縣丞,縣佐貳,4
貴德訓導,訓導,教職,4
甘草巡檢,巡檢,縣首領,4
甘肅等處提刑按察使司按察使統辖全省驛傳事務,,unknown,4
祥豊場塩課大使,,京官,4
？？？,,未填寫,4
神泉司巡檢,巡檢,縣首領,4
巡檢偕補典史,典史,縣首領,4
塩塲司巡検,,unknown,4
巡検兼管典史事,,unknown,4
理问,,unknown,4
塩場司巡檢,巡檢,縣首領,4
鎮守馬蘭関等處地方總兵官,,武職,4
巡検駐黄官嶺,,unknown,4
甘桃鋪馹丞管巡檢事,,雜職,4
吏目借補汾湖巡檢,巡檢,縣首領,4
鎮守黑龍江齊齊哈等處副都統,,unknown,4
府經備補主簿,主簿,縣首領,4
廣武城巡検,,unknown,4
珠場司巡檢,巡檢,縣首領,4
吉臨理事同知,理事同知,府佐貳,4
平圃司巡檢,巡檢,縣首領,4
踏石巡檢,巡檢,縣首領,4
秦川鄉巡檢,巡檢,縣首領,4
鎮守陝西延綏等處地方掛印總兵官,,武職,4
天津左所掌印守禦兼管河道,,省級,4
禹門鎭巡検,,unknown,4
霍爾果斯巡檢,巡檢,縣首領,4
鎮守陝西河州等處掛印總兵官,,武職,4
豐碭北岸通判,通判,府佐貳,4
白蝶磯巡檢,巡檢,縣首領,4
特調知州,知州,州正印,4
禮部堂主事,,京官,4
廟灣巡檢,巡檢,縣首領,4
廟灣場塩課大使,,京官,4
右翼步軍總尉協理三營,,武職,4
巡檢駐羅漢門,巡檢,縣首領,4
電茂塲塩課大使,,京官,4
硇洲巡檢,巡檢,縣首領,4
中所閑散滿整儀尉,,武職,4
吉寕鄉崇順里巡檢,巡檢,縣首領,4
象所閒散滿整儀尉,,武職,4
畢齊克齊巡検,,unknown,4
禦前侍衛,,武職,4
王家庄堡巡検,,unknown,4
司務兼文選司事,,京官,4
象輅漢整儀尉,,武職,4
大勝關巡檢,巡檢,縣首領,4
下河通判,通判,府佐貳,4
塩馹道庫大使,,京官,4
工部左侍郎兼管光祿寺事務,,京官,4
工部尚書,,京官,4
外河主簿,主簿,縣首領,4
湖州白糧領運千總,,武職,4
漢鑾儀使世襲一等輕車都尉正白旗漢軍副都統,,旗籍誤填,4
湖口司巡検,,unknown,4
粮鹽捕盜水利通判駐？,通判,府佐貳,4
鎮守浙江黄巖等處地方總兵官,,武職,4
鎮守浙江黃巖等處地方總兵官,,武職,4
陜西道監察御史,,京官,4
純奉皇貴妃園寝讀祝官,,京官,4
太平司巡検,,unknown,4
知事借補典史,典史,縣首領,4
知縣管學正事,知縣,縣正印,4
陪祀冠軍使掌步輦事兼佐領,,武職,4
粮道永敬倉大使,,省級,4
督糧道庫大使,,省級,4
九姓司州同,州同,州佐貳,4
循化廰復設訓導,復設訓導,教職,4
同知駐松桃,同知,府佐貳,4
总理塘务,,unknown,4
恒裕庫大使,,京官,4
隆井場塩課大使,,京官,4
恭議,,unknown,4
主簿駐炉橋,主簿,縣首領,4
七品小京官文選司行走,,京官,4
陝西道監察禦史,,unknown,4
七品小京官山西司行走,,京官,4
知县管？？？盐课大使事,知縣,縣正印,4
靜鞭漢治儀正,,武職,4
七品小京官陝西司行走,,京官,4
請旨分巡巡海汀漳龍等處兵備道,,unknown,4
通判駐烏魯木齊,通判,府佐貳,4
左侍郎廂白旗滿洲副都統,,旗籍誤填,4
七品乌林大,,unknown,4
悅城鄉巡檢,巡檢,縣首領,4
鎮守湖南綏靖等處地方總兵官,,武職,4
复设教諭,復設教諭,教職,4
滸黃鎮巡檢,巡檢,縣首領,4
滿冠軍使掌後所印,,武職,4
？？？？？？？？,,未填寫,4
城南稅課司大使,,雜職,4
知縣管信陽場鹽課大使,知縣,縣正印,4
渠寕巡検,,unknown,4
知縣借補經歷,經歷,府首領,4
粮捕水利州判駐雲城,州判,州佐貳,4
知縣管廣紹庫大使事,知縣,縣正印,4
阿勒楚哈倉官,,京官,4
通州大運西倉監督理藩院員外郎,,京官,4
？陽鎮巡檢兼管馹丞事,巡檢,縣首領,4
烈嶼場塩課大使,,京官,4
通州中倉監督理藩院員外郎,,京官,4
鄂爾土板巡檢,巡檢,縣首領,4
粮捕水利州判駐朱陽關,州判,州佐貳,4
請旨分巡霸昌道兼理屯田粮餉駐昌平州,,unknown,4
？？,,未填寫,4
三屯巡檢,巡檢,縣首領,4
請旨分巡山東兖沂曹濟兼管水利黄河等處地方兵備道,,unknown,4
隆井塲塩課大使,,京官,4
石城里巡検,,unknown,4
御醫管首領廳事,,京官,4
戴家湾閘閘官,,雜職,4
粮捕水利州判駐運城,州判,州佐貳,4
左少卿,,京官,4
督撲通判,通判,府佐貳,4
巡視南城兵科掌印給事中,,京官,4
粮捕水利通判駐張秋鎮,通判,府佐貳,4
粮捕州判駐樂平,州判,州佐貳,4
粮捕州同駐八逹,州同,州佐貳,4
土通判,通判,府佐貳,4
督捕清軍同知,同知,府佐貳,4
御前侍衛府主事,,京官,4
照磨管馹站事,照磨,府首領,4
減河主簿,主簿,縣首領,4
通判駐太和鎮,通判,府佐貳,4
士都巡檢,巡檢,縣首領,4
知縣管恒裕庫大使事,知縣,縣正印,4
趙嶴巡檢,巡檢,縣首領,3
景德鎭巡檢,巡檢,縣首領,3
新改黄陂站巡檢,巡檢,縣首領,3
平政司巡検,,unknown,3
老营堡巡検,,武職,3
新設德昌所巡検,,unknown,3
吉臨倉官,,京官,3
平州司巡検,,unknown,3
老隆巡検,,unknown,3
巡視西城掌廣西道監察御史,,京官,3
平山巡検,,unknown,3
新設彭家集巡檢,巡檢,縣首領,3
新設岱岳站巡検,,unknown,3
平樂鎭巡検,,unknown,3
雲南等處提刑按察使司按察使,,unknown,3
平山後帮領運千總,,武職,3
新改里田鋪巡檢,巡檢,縣首領,3
分湖司巡檢,巡檢,縣首領,3
葫芦溪塲塩課大使,,京官,3
新設山坡巡檢,巡檢,縣首領,3
新設但店鎮巡檢,巡檢,縣首領,3
平山司巡検,,unknown,3
分巡鳯邠等處地方塩法道兼管水利事務,,unknown,3
時堡司巡檢駐監？鎮,巡檢,縣首領,3
工部員外郎,,京官,3
工部侍郎仍兼鑾儀使事,,京官,3
晋康鄕巡檢,巡檢,縣首領,3
平陽城巡檢,巡檢,縣首領,3
平邑集巡检,巡檢,縣首領,3
駕儀漢治儀正,,武職,3
時堡司巡檢駐臨澤鎮,巡檢,縣首領,3
吉安司巡検,,unknown,3
通判？知縣,知縣,縣正印,3
晉康鄉巡檢,巡檢,縣首領,3
葵潭巡検,,unknown,3
鬰林鎭巡檢,巡檢,縣首領,3
新設哈密司巡檢,巡檢,縣首領,3
工部尚書廂白旗漢軍都統,,京官,3
平海巡検,,unknown,3
新設小里潭巡檢司？管水利,巡檢,縣首領,3
新設小里潭巡檢司兼管水利,巡檢,縣首領,3
吉寕郷崇順里巡検,,unknown,3
平樂鎮巡檢,巡檢,縣首領,3
新設宋河鎭巡檢,巡檢,縣首領,3
老岸鎭巡檢,巡檢,縣首領,3
平罔司巡検,,unknown,3
星子司巡検,,unknown,3
魏垻馹丞兼管巡檢事,,雜職,3
合河巡檢,巡檢,縣首領,3
平順鄉學訓導,訓導,教職,3
新設大淸堡巡検,,unknown,3
平罔司巡檢,巡檢,縣首領,3
易古巡検,,unknown,3
萬安巡檢兼白連馹,巡檢,縣首領,3
施甸司巡検,,unknown,3
平山前帮領運千總,,武職,3
舖前司巡検,,unknown,3
舊城巡檢,巡檢,縣首領,3
茂暉場塩課大使,,京官,3
興衣鄉巡檢,巡檢,縣首領,3
興平倉監督鴻臚寺鳴贊,,京官,3
范村鎭主簿,主簿,縣首領,3
迪化城巡検,,unknown,3
茅山鎭巡檢,巡檢,縣首領,3
利泊所所官,,unknown,3
左侍郎鑲黄旗漢軍副都統,,旗籍誤填,3
布政使經歷,經歷,府首領,3
左侍郎鑲紅旗漢軍副都統,,旗籍誤填,3
興化安豐巡檢,巡檢,縣首領,3
同知移駐？？,同知,府佐貳,3
茅田司巡検,,unknown,3
雙威寨巡検,,unknown,3
茭塘司巡検,,unknown,3
新設黄螂巡檢,巡檢,縣首領,3
舊太倉監督理藩院員外,,京官,3
新设州判,州判,州佐貳,3
新設新店巡檢,巡檢,縣首領,3
芹泉馹丞,,雜職,3
芒稻閘閘官,,雜職,3
通判駐南関,通判,府佐貳,3
左所閒散滿治儀正,,武職,3
旗手衛鐘鼓樓漢整儀尉,,武職,3
刑部員外郞,,京官,3
左春坊左庶子掌坊事,,unknown,3
良典司巡檢,巡檢,縣首領,3
通判駐剳黃角井,通判,府佐貳,3
芩港巡檢,巡檢,縣首領,3
日晶起居注官司經局洗馬,,京官,3
通判駐剳梅錄,通判,府佐貳,3
隴城司巡檢,巡檢,縣首領,3
左翼步軍總尉協理三營,,武職,3
雁石司巡檢移駐適中馹,巡檢,縣首領,3
雁石司巡檢駐適中馹,巡檢,縣首領,3
高仰司巡検,,unknown,3
日講官翰林院侍讀學士,,京官,3
分駐塩場堡縣丞,縣丞,縣佐貳,3
前帮千總,,武職,3
驾仪汉治仪正,,unknown,3
同知移駐吳城,同知,府佐貳,3
常豐倉大使,,京官,3
副备赞协律郎,,unknown,3
新設湯坑市巡検,,unknown,3
新設淮南儀所監製同知,同知,府佐貳,3
軍捕水利同知駐浙川知府銜,水利同知,府佐貳,3
副理事官兼辦庫務,,京官,3
軍捕水利同知駐浙川,水利同知,府佐貳,3
新設浮洋市巡検,,unknown,3
副理事官掌右司印,,京官,3
莆田場鹽課大使,,京官,3
通判駐涼金,通判,府佐貳,3
胥江司巡検,,unknown,3
新設水利通判,通判,府佐貳,3
新設桃山司巡檢,巡檢,縣首領,3
左侍郎兼內務府總管兼三庫事務,,京官,3
副監督刑部員外郞,,京官,3
陝西道監察御史稽察內務府事務,,京官,3
副備賛協律郎,,武職,3
剣門驛丞,,雜職,3
吉齋巡検駐鲁甸,,unknown,3
同知駐龍州,同知,府佐貳,3
雙橋司巡検,,unknown,3
常州帮領運千總,,武職,3
新設馬底鎭巡檢,巡檢,縣首領,3
荆門上下閘閘官,,雜職,3
常州白粮帮領運千總,,武職,3
新設迷易所巡検,,unknown,3
同知駐永？,同知,府佐貳,3
新設苦竹垻巡検,,unknown,3
前江團鹽課大使,,京官,3
左侍郎正黄旗滿洲副都統,,旗籍誤填,3
吉齋巡檢駐鲁甸,巡檢,縣首領,3
臨？鎮巡檢,巡檢,縣首領,3
左侍郎正紅旗漢軍副都統,,旗籍誤填,3
常州白糧幫領運千總,,武職,3
前所閒散滿治儀正,,武職,3
前所閒散滿雲麾使,,武職,3
苦竹壩巡檢,巡檢,縣首領,3
請旨分巡安肅等處地方兵俻道撫治番？兼管肅鎭屯田事務駐劄肅州,,unknown,3
北寨司巡検,,unknown,3
請旨分巡貴西兵備道兼管安南大遵等處馹務駐威寕州,,unknown,3
請旨分巡高廉等處地方兵備道駐劄高州府,,unknown,3
請旨分巡高亷等處地方兵備道駐劄高州府,,unknown,3
解塩中塲大使,,京官,3
解塩東塲大使,,京官,3
掌司事雲麾使,,武職,3
掌司事漢治儀正世襲恩騎尉,,武職,3
掌司事汗治儀正,,武職,3
县丞兼管水利,縣丞,縣佐貳,3
訓馬司掌印滿雲麾使,,武職,3
請旨分巡霸昌道兼理屯田馹傳粮餉駐昌平州,,unknown,3
請旨分巡迆東道管轄曲廣開東昭澂廣等處地方駐劄甸州,,unknown,3
請旨分巡衡永郴桂道管理衡山等處馹站駐劄衡州府,,unknown,3
請旨整飭分巡延榆綏等處地方兵備道駐榆林府,,unknown,3
詔安場鹽課大使,,京官,3
掌印郎中兼公中佐領,,武職,3
右侍郎兼管太常寺事務廂白旗滿洲副都統,,京官,3
額外侍郎貝勒,,unknown,3
額外侍郎正藍旗蒙古都統,,旗籍誤填,3
县丞管主簿事,縣丞,縣佐貳,3
县丞管典史事,縣丞,縣佐貳,3
復設訓導駐崇善,復設訓導,教職,3
德勝鎮巡檢,巡檢,縣首領,3
可渡巡檢兼？？二馹,巡檢,縣首領,3
掌印副理事官,,京官,3
額外郎中,,京官,3
從九品借補典史,典史,縣首領,3
新改大荆鎭巡檢,巡檢,縣首領,3
西黃村巡檢,巡檢,縣首領,3
提督四川全省軍務節制各鎭提調漢土官兵,,unknown,3
南湾司巡検,,unknown,3
南澗巡検,,unknown,3
掌雲南道事監察禦史,,unknown,3
西郷司巡検,,unknown,3
南翔司巡檢,巡檢,縣首領,3
彭家集巡檢,巡檢,縣首領,3
西陜口巡檢,巡檢,縣首領,3
彰汀司巡檢,巡檢,縣首領,3
掌陝西道事監察禦史,,unknown,3
請旨督理湖南塩法道管辖長寳二府兼管水利事務,,unknown,3
往流集巡檢,巡檢,縣首領,3
博茂場塩課大使,,京官,3
風陵渡巡檢管倉大使事,巡檢,縣首領,3
往流集巡檢事,巡檢,縣首領,3
右侍郎正黃旗滿洲副都統,,旗籍誤填,3
右侍郎正藍旗满洲副都統,,旗籍誤填,3
掌福建道監察御史廣西學政,,省級,3
後所閑散滿治儀正,,武職,3
觀音山巡檢,巡檢,縣首領,3
掌河南道事監察禦史,,unknown,3
右侍郎正紅旗满洲副都統,,旗籍誤填,3
請旨河東都轉塩運使司運使加勅管塩法道駐劄運城,,unknown,3
右侍郎文淵閣直閣事浙江學政,,省級,3
思吉鎮巡檢,巡檢,縣首領,3
思管巡檢,巡檢,縣首領,3
請旨分巡建昌上南馹務兵備道轄雅寕嘉三府眉卭二州駐劄雅州府,,unknown,3
懐鄕巡検,,unknown,3
拏口巡檢,巡檢,縣首領,3
抱母井塩課大使,,京官,3
請旨分守西延漢乾等處地方督粮道,,省級,3
慕德里巡検,,unknown,3
慶豐倉大使,,京官,3
請旨分巡川北兵備道轄保潼順等處地方,,unknown,3
請旨分巡上荆南道管辖荆宜施三府兼管水利事務駐荆州府,,unknown,3
扶溪司巡検,,unknown,3
古砦鎭巡検,,unknown,3
懐鄉巡檢,巡檢,縣首領,3
頭等侍衛上行走鎮守福建,,武職,3
懐鄕巡檢,巡檢,縣首領,3
題直隸永定等處地方河道駐剳固安,,省級,3
懷化司巡檢兼管馹務,巡檢,縣首領,3
古城巡検,,unknown,3
請旨分巡右江兵備道管辖思恩百色等處地方駐劄柳州府,,unknown,3
懷鄉巡檢,巡檢,縣首領,3
韩莊閘閘官,,雜職,3
戴家庙閘官,,雜職,3
戸部員外郎,,京官,3
請旨分巡四川通省淸軍塩茶道轄成綿等處地方,,unknown,3
户部侍郎兼管奉天府府尹,,unknown,3
順林馹丞,,雜職,3
戶部左侍郎兼管樂部,,京官,3
請旨分守粮儲道管轄雲武等處地方兼管馹堡屯田水利事務,,省級,3
請旨分守粮儲道管轄雲武等處地方兼管屯田水利事務,,省級,3
請旨分巡川東地方兵備道兼轄重夔二府忠逹酉三州,,unknown,3
招寕巡検,,unknown,3
掌京畿道事監察禦史,,unknown,3
思隆馹巡檢,巡檢,縣首領,3
思隆驛巡檢,巡檢,縣首領,3
題分巡迆南兵備道管轄普鎭元臨等處地方駐劄普洱府,,unknown,3
請旨分巡建昌上南地方兵備道轄雅寕嘉三府眉卭二州駐劄雅州府,,unknown,3
捕盗通判駐菴？,通判,府佐貳,3
捕盗通判駐菴塩鎭,通判,府佐貳,3
捕盗通判,通判,府佐貳,3
悦城鄕巡検,,unknown,3
請旨分守江南河庫道駐清江浦,,省級,3
題分巡湖南辰沅永靖兵備道管理界亭等處地方馹站,,unknown,3
悦城鄕巡檢,巡檢,縣首領,3
惠安場鹽課大使,,京官,3
惠寕城巡檢,巡檢,縣首領,3
古鎮巡檢,巡檢,縣首領,3
請旨分守河東平蒲解絳霍隰馹傳兵備道兼管水利事,,unknown,3
按照借補吏目,吏目,州首領,3
題分巡淮徐海河務兵備道轄邳宿銅豊桃源等處駐徐州府,,unknown,3
古蘭州巡検,,unknown,3
請旨分巡巡海汀漳龍等處馹傳兵備道,,unknown,3
請旨分守潼商等處地方兵備道,,unknown,3
題分巡古州兵備道轄黎都鎭思銅思等處地方按察使銜,,unknown,3
請旨分守登萊靑整飭海防兼管馹傳水利兵備道,,unknown,3
南津司巡検,,unknown,3
南河漕運提塘,,unknown,3
靑藍頭巡検,,unknown,3
電茂場塩課大使,,京官,3
北路捕盜駐沙河兼保定府同知分轄昌順懷密平延並宛大等八州縣,同知,府佐貳,3
駐劄永定河管河縣丞,縣丞,縣佐貳,3
北路理藩同知,同知,府佐貳,3
庫爾喀爾烏蘇等處地方領隊大臣,,unknown,3
虎頭閘巡檢兼管太平馹事,巡檢,縣首領,3
象所闲散满整仪尉,,unknown,3
戶部右侍郎正黄旗滿洲副都統管理光祿寺事務,,京官,3
康樂渡塩課大使,,京官,3
駐剳？清水利通判,通判,府佐貳,3
象所閑散滿整儀尉,,武職,3
廓鎭巡検,,unknown,3
馴锥里巡検,,unknown,3
撿校,,unknown,3
馴象所漢整儀尉,,武職,3
象岡司巡検,,unknown,3
馱廬巡檢,巡檢,縣首領,3
馱廬巡検,,unknown,3
震澤司巡檢,巡檢,縣首領,3
敎習兼吉士,,京官,3
廣南巡検,,unknown,3
敎授管敎諭事,教授,教職,3
廣啟庫大使,,京官,3
衡陽鎭巡檢,巡檢,縣首領,3
豐盈倉大使,,京官,3
駐劄渠通海防同知,同知,府佐貳,3
府縣偕補吏目,吏目,州首領,3
府經歷借補新橋巡檢,巡檢,縣首領,3
文德司巡検,,unknown,3
雲南等處提刑按察使司按察使統轄全省驛傳事務,,unknown,3
赤水司巡検,,unknown,3
新撫巡検,,unknown,3
新店馹丞,,雜職,3
赤杞團鹽課大使,,京官,3
藍口司巡検,,unknown,3
北峽門巡檢,巡檢,縣首領,3
赤杞圃塩課大使,,京官,3
雲安場塩課大使,,京官,3
贊禮郎兼十五善射樂部行走,,京官,3
新城鎭巡檢,巡檢,縣首領,3
藥選司巡検,,unknown,3
庙子角巡検,,unknown,3
蘆台場塩課大使,,京官,3
貴州等處提刑按察使司按察使統辖全省驛傳事務,,unknown,3
庙湾巡檢,巡檢,縣首領,3
蘆臺巡檢兼管河務,巡檢,縣首領,3
貴州等處提刑按察使司按察使統轄全省馹傳事務,,unknown,3
貴州等處提刑按察使司按察使,,unknown,3
蘇州巡検,,unknown,3
府經借補司獄,司獄,府首領,3
文淵閣校理教習庶吉士,,京官,3
蘇橋巡検,,unknown,3
馬邑鄉學訓導,訓導,教職,3
廣東等處提刑按察使司按察使,,unknown,3
提督廣東統轄全省水陸軍務節制各鎭總兵官,,武職,3
豊益倉監督大理寺司務,,京官,3
廣？庫大使,,京官,3
西山巡検,,unknown,3
右帮領運千總,,武職,3
馬口鎭巡檢,巡檢,縣首領,3
西廠大使,,京官,3
南新倉監督鴻臚寺鳴贊,,京官,3
西水驛丞,,雜職,3
西水驲丞,,unknown,3
西溪司巡検,,unknown,3
西溪稅司大使,,京官,3
提督河南学政,,省級,3
西界沱巡検,,unknown,3
廣東等處提刑按察使司按察使統轄全省馹傳事務,,unknown,3
廬洪司巡檢,巡檢,縣首領,3
香山司巡検,,unknown,3
豊厰郷巡検,,unknown,3
提督會同四譯舘禮部儀制司郎中兼鴻臚寺少卿,,京官,3
西興水驛丞,,雜職,3
提督廣西全省水陸等處地方軍務統辖漢土官兵總兵官,,武職,3
廻岐司巡検,,unknown,3
靑堤黄䂭二場大使,,京官,3
靑羊馹丞管巡検事,,雜職,3
提督廣東統轄全省水陸軍務節制各鎮總兵官,,武職,3
張家坦巡檢,巡檢,縣首領,3
西場海防同知駐海寧,同知,府佐貳,3
廣？倉大使,,京官,3
西場海防同知駐海寕,同知,府佐貳,3
豊財場塩課大使,,京官,3
馬踏口巡檢,巡檢,縣首領,3
廣東等處提刑按察使司按察使統辖全省驛傳事務,,unknown,3
廣東等處都轉塩運使司塩運使,,unknown,3
廣海寨巡検,,unknown,3
廣濟水？馹丞兼管巡檢,巡檢,縣首領,3
撫民通判駐漢隂？,通判,府佐貳,3
右所閒散滿治儀正,,武職,3
製造庫司庫,,京官,3
協辦侍讀事,,武職,3
右所閒散滿整儀尉,,武職,3
霸頭司巡検,,unknown,3
撫康司巡検,,unknown,3
豊鎮廰巡検駐？？？,,unknown,3
廣西等處提刑按察使司按察使,,unknown,3
西倉同知,同知,府佐貳,3
廣西等處提刑按察使司按察使統轄全省馹傳事務,,unknown,3
馬寧巡檢,巡檢,縣首領,3
南塘海防水利通判,通判,府佐貳,3
提督貴州全省軍務管轄漢土官兵控制苗彝總兵官,,武職,3
廣西等處提刑按察使司按察使統辖全省驛傳事務,,unknown,3
南岸左湾,,unknown,3
豊鎭廳司獄,司獄,府首領,3
馬寕巡検,,unknown,3
魏垻驛丞兼管巡検事,,雜職,3
壇落墟巡検,,unknown,3
書寫官,,unknown,3
粮捕同知駐劄波倉,同知,府佐貳,3
牛肚灣巡檢,巡檢,縣首領,3
主事軍需局行走,,京官,3
？？司巡检,巡檢,縣首領,3
特授兩淮都轉鹽運使,,unknown,3
特授分守潼商等處地方兵備道,,unknown,3
特授副指揮指揮,,京官,3
主事稽勳司行走,,京官,3
管糧水利縣丞,縣丞,縣佐貳,3
管糧水利州判,州判,州佐貳,3
主事湖廣司行走,,京官,3
管糧主簿駐劄？？鎮,主簿,縣首領,3
主事江西司行走,,京官,3
管粮縣丞駐曹崖,縣丞,縣佐貳,3
特授滄州分司運判,,unknown,3
？？城巡檢,巡檢,縣首領,3
牛肚湾巡検,,unknown,3
熱河巡檢,巡檢,縣首領,3
海防兼？塩補同知,同知,府佐貳,3
粮捕州同駐八陽,州同,州佐貳,3
潮連司巡検,,unknown,3
潯美場鹽課大使,,京官,3
粮補通判,通判,府佐貳,3
澄邁司巡検,,unknown,3
濛裹司巡検,,unknown,3
濮州所領運千總,,武職,3
濱江司巡検,,unknown,3
瀘溪市巡檢,巡檢,縣首領,3
火井漕巡検,,unknown,3
炎松巡検,,unknown,3
烈嶼場鹽課大使,,京官,3
烏林逹,,unknown,3
焦湖巡檢,巡檢,縣首領,3
？？……？？,,unknown,3
主簿移駐蚌埠集,主簿,縣首領,3
管理驛站正監督兵部郎中,,京官,3
管理雲貴全省塘務,,unknown,3
管理陝甘全省塘務,,unknown,3
管理銀庫事務,,unknown,3
特用管河盗捕同知,同知,府佐貳,3
特用郎中,,京官,3
管河主事駐劄北？,,京官,3
竹関村巡檢,巡檢,縣首領,3
竹関村巡検,,unknown,3
？？水利通判,通判,府佐貳,3
端？皇太子園寝讀祝官,,京官,3
端氏鎭巡検,,unknown,3
特簡州判管廣儲庫大使,州判,州佐貳,3
？？河務同知,同知,府佐貳,3
立將司巡検,,unknown,3
丹徒鎭巡檢,巡檢,縣首領,3
特簡松江批驗大使,,京官,3
穆樂墟巡検,,unknown,3
中霸塲巡検,,unknown,3
？？巡检,巡檢,縣首領,3
特用州同管副指揮事,州同,州佐貳,3
主事山東司行走,,京官,3
管理河南全省塘務,,unknown,3
管理通判,通判,府佐貳,3
特授縣丞,縣丞,縣佐貳,3
管理漕運塘務,,unknown,3
管理湖南全省塘務,,unknown,3
管理湖北全省塘務,,unknown,3
管理浙江全省塘務,,unknown,3
管理江西全省塘務,,unknown,3
管理四川全省塘務,,unknown,3
主事廣西司行走,,京官,3
管理江南全省塘務,,unknown,3
管理廣西全省塘務,,unknown,3
管理廣東全省塘務,,unknown,3
管理山西全省塘務,,unknown,3
管理宗人府事務,,京官,3
潭溪長官司吏目,,土司,3
潖江司巡検,,unknown,3
粮餉通判,通判,府佐貳,3
清源巡檢,巡檢,縣首領,3
淸河中河主簿,主簿,縣首領,3
淸河外河主簿,主簿,縣首領,3
淸河外河縣丞,縣丞,縣佐貳,3
淸波巡檢,巡檢,縣首領,3
經歷兼管税務,經歷,府首領,3
淸源鄉學訓導,訓導,教職,3
五官挈壶正,,unknown,3
淸道司巡検,,unknown,3
淸雒塲塩課大使,,京官,3
經歷兼管林原所大使事,經歷,府首領,3
經歷兼管批驗所大使,經歷,府首領,3
乾州直隷同知,同知,府佐貳,3
清河裡河主簿,主簿,縣首領,3
經歴借補照磨,照磨,府首領,3
乾埧巡檢,巡檢,縣首領,3
淸江閘閘官,,雜職,3
淸化邉巡検,,unknown,3
淡水廳屬新庄縣丞,縣丞,縣佐貳,3
海陵司巡檢,巡檢,縣首領,3
京山司巡検,,unknown,3
海防同知駐平潭,同知,府佐貳,3
海防塩捕同知,同知,府佐貳,3
海防塩捕水利同知,水利同知,府佐貳,3
亦？孔馹丞兼管巡檢事,,雜職,3
海防軍民同知駐？山寨,同知,府佐貳,3
海陵島巡検,,unknown,3
淡水廳屬新庄巡檢,巡檢,縣首領,3
亢村馹丞,,雜職,3
經歷駐安順州管巡檢事,經歷,府首領,3
淇澳司巡検,,unknown,3
五虎門巡檢駐南臺,巡檢,縣首領,3
淡水場塩課大使,,京官,3
經歷管馹塩道庫大使事,經歷,府首領,3
九？魯覲巡檢,巡檢,縣首領,3
九谿衛城巡檢,巡檢,縣首領,3
粮鹽水利縣丞,縣丞,縣佐貳,3
九疑魯觀司巡檢,巡檢,縣首領,3
湖潤寨巡檢,巡檢,縣首領,3
？水陸峒巡檢,巡檢,縣首領,3
糧道庫大使,,省級,3
湖鎭司巡檢,巡檢,縣首領,3
糧河主簿,主簿,縣首領,3
糧撲水利通判,通判,府佐貳,3
湛川司巡検,,unknown,3
糧撲州判,州判,州佐貳,3
溫水司巡檢,巡檢,縣首領,3
滑坡海防總捕同知,同知,府佐貳,3
滿冠軍使掌旗手衛印,,武職,3
糧務水利縣丞,縣丞,縣佐貳,3
糧務水利州判,州判,州佐貳,3
糧儲道庫大使,,省級,3
漢治儀正,,武職,3
湖樂司巡檢,巡檢,縣首領,3
湖州衞領運千總,,武職,3
紅梅司巡検,,unknown,3
綏定城巡檢,巡檢,縣首領,3
？撲同知,同知,府佐貳,3
清軍粮捕通判,通判,府佐貳,3
綏遠猺務州判,州判,州佐貳,3
清軍鹽政粮捕通判,糧捕通判,府佐貳,3
清道司巡檢,巡檢,縣首領,3
綏通猺務州判,州判,州佐貳,3
九江前帮領運千總,,武職,3
純回皇貴妃圓寢讚禮郎,,京官,3
渠寕巡檢,巡檢,縣首領,3
温水司巡検,,unknown,3
九峯司巡検,,unknown,3
紫泥巡検,,unknown,3
九品吏目管首領廳事,吏目,州首領,3
乍浦鎮巡檢,巡檢,縣首領,3
税課局管河泊所大使事,,unknown,3
稅課局管河泊所大使事,,unknown,3
特簡知縣管袁浦場塩課大使事,知縣,縣正印,3
石堤巡検,,unknown,3
石河塲塩課大使,,京官,3
？？？？州判,州判,州佐貳,3
三洲司巡検,,unknown,3
監督戶部員外,,京官,3
三河巡検,,unknown,3
監督禮部員外郎,,京官,3
盤蛇巡檢,巡檢,縣首領,3
三江司巡検,,unknown,3
三水司巡検,,unknown,3
石橋鎭巡檢,巡檢,縣首領,3
石嶺関巡檢兼成晉馹,巡檢,縣首領,3
直隸州判借補縣丞,縣丞,縣佐貳,3
直隸提刑按察使司按察使,,unknown,3
三林庄巡檢,巡檢,縣首領,3
直？同知,同知,府佐貳,3
盛京户部侍郎兼管奉天府府尹事務,,京官,3
盛京戶部侍郎兼管奉天府尹事務,,京官,3
盛京刑部侍郎兼管奉天府尹事務,,京官,3
上下？巡檢,巡檢,縣首領,3
石頭巡檢,巡檢,縣首領,3
白石寨巡検,,unknown,3
上士市巡檢,巡檢,縣首領,3
上四莊巡檢,巡檢,縣首領,3
石門巡檢,巡檢,縣首領,3
百丈巡検,,unknown,3
百順司巡検,,unknown,3
盗捕水利通判,通判,府佐貳,3
石角营巡検,,武職,3
皇姑巡檢,巡檢,縣首領,3
三都汛巡検,,武職,3
石潯巡檢司兼管廈門司獄事,巡檢,縣首領,3
三角巡檢,巡檢,縣首領,3
石湾司巡検,,unknown,3
睢宁管河主簿,主簿,縣首領,3
三岔馹丞兼巡檢事,,雜職,3
上淸鎭巡檢,巡檢,縣首領,3
三岔馹丞兼巡検事,,雜職,3
知縣管？？塲塩课大使事,知縣,縣正印,3
知縣管？？塲塩課大使事,知縣,縣正印,3
七品烏林逹,,unknown,3
知縣管？？場塩課大使,知縣,縣正印,3
知县？？？？盐课大使事,知縣,縣正印,3
七品小京官武選司行走,,京官,3
丁溪閘閘官,,雜職,3
知縣管複設教諭事,知縣,縣正印,3
知縣管大鹽池理事事,知縣,縣正印,3
知縣管州同事,知縣,縣正印,3
知縣管州同事駐高沙市,州同,州佐貳,3
？？？？？？？？？？,,未填寫,3
丁丑科？？编修,,unknown,3
？？？？？？？？？？官,,unknown,3
知縣管復設教諭事,知縣,縣正印,3
知县管教谕事,知縣,縣正印,3
知县改授经历,經歷,府首領,3
七品通官,,京官,3
七级上下閘閘官,,雜職,3
督捕通判駐劄東明,通判,府佐貳,3
督捕通判駐劄？關,通判,府佐貳,3
督標中軍左營叅將,,武職,3
督理浙江沿海鈔關,,unknown,3
三官堡巡検,,unknown,3
督粮總巡通判,通判,府佐貳,3
督糧州判,州判,州佐貳,3
知县改授教授,教授,教職,3
督糧水利同知,同知,府佐貳,3
督糧總巡通判,通判,府佐貳,3
督糧道廣盈庫大使,,省級,3
知事兼管？造織染局,知事,府首領,3
知事移駐昭通府,知事,府首領,3
知印官,,unknown,3
白湖振巡檢,巡檢,縣首領,3
白沙司巡检,巡檢,縣首領,3
秦川鄕巡檢,巡檢,縣首領,3
两廣和收塲地塩課大使,,京官,3
？？訓導,訓導,教職,3
玉環淸軍總捕同知,同知,府佐貳,3
玉輅漢整儀尉,,武職,3
王家岡塲塩課大使,,京官,3
？？贵妃園寝？？,,unknown,3
中垻場巡檢,巡檢,縣首領,3
福清場鹽課大使,,京官,3
福永司巡検,,unknown,3
珠揚司巡検,,unknown,3
珠揚司巡檢,巡檢,縣首領,3
福建道監察禦史,,unknown,3
琅井塩課提舉司提舉,,unknown,3
琅塩井課提舉司提舉,,unknown,3
福建等處提刑按察使司按察使,,unknown,3
福建等處承宣佈政使司布政使,,unknown,3
？？縣丞駐七寶鎮,縣丞,縣佐貳,3
獅嶺司巡検,,unknown,3
猫霧巡檢,巡檢,縣首領,3
禮部尚書兼管樂部太常寺鴻臚寺事務,,京官,3
秦川鄕巡検,,unknown,3
秣陵鎮巡檢,巡檢,縣首領,3
中河主簿,主簿,縣首領,3
禹門渡巡檢,巡檢,縣首領,3
特設知府,知府,府正印,3
禮部尚書兼管樂部太常寺鴻臚寺事務正紅旗滿洲都統,,京官,3
中村司巡檢,巡檢,縣首領,3
猛統司巡検,,unknown,3
禮部尚書,,京官,3
禮部右侍郎兼管樂部事務,,京官,3
特？知府,知府,府正印,3
禮部右侍郎兼管太常寺事務廂白旗滿洲副都統,,京官,3
禮部侍郎兼管威遠堡六關口事務,,京官,3
中所閑散滿雲麾使,,武職,3
两廣招收場地塩課大使,,京官,3
禄步司巡檢,巡檢,縣首領,3
白水司巡検,,unknown,3
禄步司巡検,,unknown,3
甘肅等處提刑按察使司按察使統轄全省馹傳事務,,unknown,3
確口司巡檢,巡檢,縣首領,3
下曆巡檢,巡檢,縣首領,3
生米鎭巡檢,巡檢,縣首領,3
界牌司巡検,,unknown,3
界牌司巡檢,巡檢,縣首領,3
碧甲司巡検,,unknown,3
界碑司巡檢,巡檢,縣首領,3
碑西嶺口上巡檢,巡檢,縣首領,3
碑兩嶺口上巡檢,巡檢,縣首領,3
當瓊道庫大使,,京官,3
上里平河村巡検,,unknown,3
癸未科編修,,京官,3
登寕場塩課大使,,京官,3
登寕塲塩課大使,,京官,3
？？？巡檢,巡檢,縣首領,3
下河水利通判駐剳武城,通判,府佐貳,3
下河水利通判駐劄武城,通判,府佐貳,3
丙戌科散館編修,,京官,3
祿米倉監督户部員外郎,,京官,3
理土督捕同知,同知,府佐貳,3
理猺同知駐劄江華,同知,府佐貳,3
理猺軍民同知,同知,府佐貳,3
理藩院尚書,,京官,3
神宜驛巡検,,unknown,3
理藩院尚書鑲紅旗漢軍都統,,京官,3
磨刀寨巡檢,巡檢,縣首領,3
神安司巡検,,unknown,3
下里場鹽課大使,,京官,3
下莊司巡檢,巡檢,縣首領,3
瓜埠司巡检,巡檢,縣首領,3
下淡水巡檢駐鳳山？城,巡檢,縣首領,3
磨刀巡檢,巡檢,縣首領,3
海防同知駐南？,同知,府佐貳,3
海晏？？二塲塩課大使,,京官,3
翰林院侍读,,京官,3
欽命掌雲南道監察御史巡察天津倉漕事務,,京官,3
欽命提督兩窑厰工部營善司員外郎,,京官,3
欽命提督兩窑厰工部營繕司員外郎,,京官,3
欽命提督兩窑厰工部製造庫郎中,,京官,3
欽命提督兩窑厰工部都水司郎中,,京官,3
黃山館巡檢,巡檢,縣首領,3
黃岡巡檢,巡檢,縣首領,3
欽命日講起居注官翰林院編修提督陕甘全省學政,,省級,3
欽命木柴監督工部都水司郎中,,京官,3
縣丞駐祖菴鎮,縣丞,縣佐貳,3
黃橋巡檢,巡檢,縣首領,3
欽命江西道監察御史巡視濟寕漕務協辦河道事務,,省級,3
縣丞駐石橋舖,縣丞,縣佐貳,3
欽命督理两淮塩漕察院辖江南江西湖廣河南汝寕等處地方,,unknown,3
黃沁同知,同知,府佐貳,3
縣丞駐白市驛,縣丞,縣佐貳,3
冠軍使掌左所印,,武職,3
縣丞駐金嶺鎭,縣丞,縣佐貳,3
海晏矬峒二場塩課大使,,京官,3
欽命掌福建道監察御史提督廣西全省學政,,省級,3
凌厝巡檢,巡檢,縣首領,3
總捕同知駐銅？营,,武職,3
凌勝司巡検,,unknown,3
總捕同知理船政,同知,府佐貳,3
凉山巡檢,巡檢,縣首領,3
欽命吏部郎中監督張家口抽分,,京官,3
欽命太常寺少卿提督安徽全省學政,,省級,3
欽命工科給事中巡視南漕協辦一應事務,,武職,3
麻池溝巡檢,巡檢,縣首領,3
欽命布政使管龍江西新二關,,unknown,3
黃坂巡檢,巡檢,縣首領,3
黃坡司巡檢,巡檢,縣首領,3
縣丞駐関山鎮,縣丞,縣佐貳,3
欽命掌江南道監察御史巡察天津倉漕事務,,京官,3
冠軍使掌左所印兼佐領,,武職,3
黃沙馹丞,,雜職,3
内外管理巡検,,unknown,3
縣丞駐淸江鎭,縣丞,縣佐貳,3
冀村巡検,,unknown,3
縣丞駐寶灣兼管水利,縣丞,縣佐貳,3
縣丞駐富村驛兼管驛務,縣丞,縣佐貳,3
縣丞駐富村馹兼管馹務,縣丞,縣佐貳,3
欽命通政使司副使提督湖南全省學政,,省級,3
縣丞駐大鵬鎭管理軍粮,縣丞,縣佐貳,3
黃顥口巡檢,巡檢,縣首領,3
縣丞駐大荆,縣丞,縣佐貳,3
縣丞駐大刑,縣丞,縣佐貳,3
兵部尚書兼都察院右都御史總督湖北湖南等處地方軍務兼理粮餉,,省級,3
欽天監監正加三品職銜食俸,,京官,3
兵部尚書,,京官,3
縣丞駐劄羅溪,縣丞,縣佐貳,3
縣丞駐劄峯市,縣丞,縣佐貳,3
縣丞駐剳瑞洪,縣丞,縣佐貳,3
黄家鎭巡檢,巡檢,縣首領,3
欽命翰林院修撰提督雲南學政,,省級,3
欽命翰林院侍讀學士提督雲南學政,,省級,3
黃茅司巡檢,巡檢,縣首領,3
黃湾場塩課大使,,京官,3
欽命督理長蘆塩課兼轄馹傳河道轄山東河南開歸彰衡懐慶,,省級,3
縣丞駐永豊市,縣丞,縣佐貳,3
縣丞駐歸德所,縣丞,縣佐貳,3
縣丞駐正大營,,武職,3
兼興平倉監督,,unknown,3
縣丞駐楊材街,縣丞,縣佐貳,3
黃溪口巡檢,巡檢,縣首領,3
欽命總督倉塲户部右侍郎,,省級,3
兼理員外郞,,京官,3
縣丞駐東里店,縣丞,縣佐貳,3
兼兴平仓监督,,unknown,3
欽命總理七省漕務兼管糧儲河道稅務又兼管銅務戶部坐糧廳戶部員外郞,,省級,3
欽命總理七省漕務兼管糧儲河道稅務又兼管銅務戶部坐糧廳戶部郎中,,省級,3
兵部郎中,,京官,3
凌祿司巡檢,巡檢,縣首領,3
欽命兵部右侍郎提督江西全省學政,,省級,3
凌？司巡檢,巡檢,縣首領,3
東鄉鎭巡檢,巡檢,縣首領,3
李陽河巡檢,巡檢,縣首領,3
羊塲塘巡検,,unknown,3
羊二莊巡檢,巡檢,縣首領,3
杭州織造烏林大,,省級,3
鳳凰營通判,,武職,3
羅渡鎭巡検,,unknown,3
羅岡司巡検,,unknown,3
東塲司巡検,,unknown,3
東安司巡検,,unknown,3
東山司巡檢,巡檢,縣首領,3
東泉鎭巡検,,unknown,3
東泉鎮巡檢,巡檢,縣首領,3
東臺管河縣丞駐西？,縣丞,縣佐貳,3
署給事中,,京官,3
東路捕盜駐通州兼永平府同知分轄通三武寳薊大香等七州縣,同知,府佐貳,3
李浪場主簿,主簿,縣首領,3
杉木和巡檢,巡檢,縣首領,3
鳯嶺巡檢,巡檢,縣首領,3
朝天鎖巡檢,巡檢,縣首領,3
曹娥巡檢兼東関馹,巡檢,縣首領,3
曹？新建兼東關馹,,unknown,3
分巡漢黃德等處地方道兼管水利事務駐黃州府,,unknown,3
鮀浦司巡検,,unknown,3
會通税課司大使,,雜職,3
望亭巡檢,巡檢,縣首領,3
朝天鎭巡検,,unknown,3
朱岡司巡検,,unknown,3
木河鎭巡検,,unknown,3
木河鎭巡檢,巡檢,縣首領,3
翰林院侍講教習庶吉士,,京官,3
木輅漢整儀尉,,武職,3
朱仙鎭巡檢,巡檢,縣首領,3
翰林院侍講學士掌考功司印,,京官,3
東路捕盜駐通州兼永平府同知分轄通三武貴薊大香等七州縣,同知,府佐貳,3
鵝埠嶺巡檢,巡檢,縣首領,3
欽命內閣學士兼禮部侍郎提督山東全省學政,,省級,3
松栢司巡検,,unknown,3
梁家鄕閘閘官,,雜職,3
梅坵鎭巡檢,巡檢,縣首領,3
梅寨司巡検,,unknown,3
楊武鎭巡検,,unknown,3
楊武鎭巡檢,巡檢,縣首領,3
鹽茶同知,同知,府佐貳,3
经歴司,,unknown,3
樂安汛巡検,,武職,3
樂平鄉學敎喻,,unknown,3
樟林鎭巡検,,unknown,3
横浦場塩課大使,,京官,3
橫查司巡檢,巡檢,縣首領,3
鹿角司巡檢,巡檢,縣首領,3
麻地溝巡検,,unknown,3
麻柳塲巡検,,unknown,3
梁家沙巡検,,unknown,3
署五官挈壺正,,unknown,3
桃林司管上門司巡檢,巡檢,縣首領,3
署日講起居注官翰林院侍讀,,京官,3
署理掌印給事中,,京官,3
松江白粮帮領運千總,,武職,3
松江白糧幫領運千總,,武職,3
署理右侍郎事務,,unknown,3
署理侍郎事務,,unknown,3
林墟司巡検,,unknown,3
署日講起居注官廣西學政,,省級,3
桃山司巡檢,巡檢,縣首領,3
柸山司巡檢,巡檢,縣首領,3
栢井馬馹丞监管巡檢事,,雜職,3
桂山司巡検,,unknown,3
鹽務通判,通判,府佐貳,3
桂源司巡檢,巡檢,縣首領,3
桃園司巡檢,巡檢,縣首領,3
黄家鎮巡檢,巡檢,縣首領,3
縣丞駐五滧鎮,縣丞,縣佐貳,3
黄岡司巡検,,unknown,3
儲濟倉監督内閣侍讀,,京官,3
江陰團鹽課大使,,京官,3
江？稅課司大使,,雜職,3
池州帮領運千總,,武職,3
經筵講官議政大臣禮部尚書兼管樂部太常寺鴻臚寺事務總管內務府大臣廂黄旗漢軍都統,,京官,3
經筵講官禮部尚書文淵閣直閣事,,京官,3
沈家鎭巡檢,巡檢,縣首領,3
沈邱鎭巡檢,巡檢,縣首領,3
沔州塩大使,,京官,3
沙岡司巡検,,unknown,3
沙木和巡檢,巡檢,縣首領,3
沙村司巡検,,unknown,3
經筵講官御前大臣太子太保議政大臣領侍衛内大臣文華殿大學士管理户部事務文淵閣提舉閣事兼管吏部理藩院總管内務府大臣管理上駟院武備院御船處嚮導處事務正白旗满洲都統總理健鋭营圆明園八旗内府三旗官兵大臣步軍統領,,京官,3
沙河寨巡検,,unknown,3
光祿寺典簿,,京官,3
經筵講官左侍郎正紅旗滿洲副都統,,旗籍誤填,3
江防粮捕同知,同知,府佐貳,3
龍灣山巡檢,巡檢,縣首領,3
內閣學士兼禮部侍郎仍兼管鴻臚寺事務,,京官,3
江浦司巡検,,unknown,3
內閣掌印典籍兼舊太倉監督,,京官,3
龍坪鎮巡檢,巡檢,縣首領,3
江口鎮巡檢,巡檢,縣首領,3
縣丞兼水利駐容奇,縣丞,縣佐貳,3
龍川江司巡検,,unknown,3
內閣學士兼禮部侍郎江西學政,,省級,3
內閣學士兼禮部侍郎文淵閣直閣事,,京官,3
江西通省督糧道兼巡南撫建等處地方,,省級,3
江淮司巡检,巡檢,縣首領,3
江蘇等處提刑按察使司按察使,,unknown,3
龍泉巡検,,unknown,3
江西等處承宣佈政使司布政使,,unknown,3
龍溪司巡検,,unknown,3
江西通省塩法道兼管瑞袁臨等處地方,,unknown,3
沙瑯巡検,,unknown,3
儀徵帮領運千總,,武職,3
江南蘇松常鎮太倉等處承宣佈政使司布政使,,unknown,3
龔灘巡検,,unknown,3
洙泗書院學錄,,unknown,3
洙泗書院學録,,unknown,3
經筵講官內大臣都察院左都御史鑲黄旗蒙古都統,,京官,3
洪白園鹽課大使,,京官,3
洪白團塩課大使,,京官,3
洸口司巡検,,unknown,3
？下司巡検,,unknown,3
流溪司巡検,,unknown,3
他郎督捕通判,督捕通判,府佐貳,3
浙江等處督理通省糧儲漕務道,,unknown,3
浙江道事監察禦史,,unknown,3
浦邊浦巡檢,巡檢,縣首領,3
浪滄江巡検,,unknown,3
浯洲場塩大使,,京官,3
浯洲場鹽課大使,,京官,3
經筵講官兵部尚書兼管國子監事務,,京官,3
洋溪鎭巡検,,unknown,3
經筵講官兵部尚書正藍旗滿洲都統,,京官,3
信陽塲塩課大使,,京官,3
河南等處承宣佈政使司布政使,,unknown,3
偏橋司右司,,unknown,3
河南開歸等處督理通省塩法水利粮務道,,unknown,3
河州水利同知駐循化,水利同知,府佐貳,3
倉大使,,京官,3
河田巡検,,unknown,3
（土+乍）坪司巡検,,unknown,3
經筵講官右侍郎,,unknown,3
信都郷巡檢,巡檢,縣首領,3
經筵講官吏部尚書管理國子監事務,,京官,3
油坊？巡檢,巡檢,縣首領,3
沿海司巡検,,unknown,3
泇河水利通判,通判,府佐貳,3
（氵+丙）州場鹽課大使,,京官,3
龍勝州巡檢,巡檢,縣首領,3
江南蘇松常鎭太倉等處承宣布政使司布政使,,unknown,3
欽差監督張家口抽分,,unknown,3
縣丞移駐朱橋鎭,縣丞,縣佐貳,3
步輦漢雲麾使兼佐領,,武職,3
武城鄕巡検,,unknown,3
武城鄕巡檢,巡檢,縣首領,3
武羅郷巡検,,unknown,3
黄泥湾巡検,,unknown,3
武陽司巡検,,unknown,3
武陽鎭巡検,,unknown,3
武隆巡検,,unknown,3
兵部侍郎兼都察院右副都御史巡撫山西太原等處地方提督雁門等関軍務兼理雲鎭,,省級,3
歲曹同知駐川沙,同知,府佐貳,3
兵部侍郎兼都察院右副都御史巡撫山東等處地方督理營田兼理軍務,,省級,3
兵部侍郎兼都察院右副都御史巡撫安徽等處地方提督軍務粮餉,,省級,3
母亨巡検,,unknown,3
水利县丞,縣丞,縣佐貳,3
兵部侍郎兼督察院右都御史總督閩浙等處地方提督軍務兼理粮餉,,省級,3
兵部侍郎兼都察院右副都御史巡撫河南等處地方提督軍務兼理河道督理营田,,省級,3
黄沙馹丞,,雜職,3
黄沙坑巡検,,unknown,3
黄梁都巡検,,unknown,3
欽差監督殺虎口抽分禮部郎中,,京官,3
縣丞駐三匯場,縣丞,縣佐貳,3
欽差管理三座塔稅務理藩院主事,,京官,3
欽差管理八溝稅務理藩院主事,,京官,3
欽差管理八溝稅務理藩院員外郎,,京官,3
欽差管理街道步軍統領員外郎,,京官,3
縣丞管河主簿事,縣丞,縣佐貳,3
黄沁通判,通判,府佐貳,3
欽差？？？？？,,unknown,3
兵部侍郎兼都察院右副都御史巡檢山西太原等處地方提督雁門等關軍務兼理雲鎮,,京官,3
黄池鎮巡檢,巡檢,縣首領,3
正備賛協律郎,,武職,3
兵部侍郎兼都察院右副都御史巡撫湖南等處地方提督軍務粮餉,,省級,3
正指挥,,unknown,3
縣丞移駐東里店,縣丞,縣佐貳,3
縣丞移駐星材,縣丞,縣佐貳,3
縣丞兼管粮務分駐五堡,縣丞,縣佐貳,3
水利縣丞駐牛臯灘,縣丞,縣佐貳,3
永寧司巡檢,巡檢,縣首領,3
永平司巡検,,unknown,3
永平寨巡検,,unknown,3
八尺寨巡検,,unknown,3
黑龍江銀庫主事,,京官,3
永綏訓導,訓導,教職,3
縣丞分駐大旺,縣丞,縣佐貳,3
永豐巡檢,巡檢,縣首領,3
永通閘官,,雜職,3
永陽鎭巡檢,巡檢,縣首領,3
縣丞兼管驛務分駐五堡,縣丞,縣佐貳,3
縣丞兼管馹務分駐五堡,縣丞,縣佐貳,3
江南安徽等處提刑按察使司按察使,,unknown,3
江南江淮揚徐海通等處承宣佈政使司布政使,,unknown,3
兩浙嘉興松江鹽運分司運判,,unknown,3
永寕司巡検,,unknown,3
縣丞分駐温井関,縣丞,縣佐貳,3
永安倉大使,,京官,3
六品通官,,京官,3
縣丞移駐店張鎮,縣丞,縣佐貳,3
水利縣丞駐石峪鎭,縣丞,縣佐貳,3
水利通判駐王橋鎮,通判,府佐貳,3
縣丞接駐星村,縣丞,縣佐貳,3
黄？司巡検,,unknown,3
六塘墟巡検,,unknown,3
水尾巡検,,unknown,3
永壽司巡檢,巡檢,縣首領,3
縣丞分駐鄧井関,縣丞,縣佐貳,3
水西巡検,,unknown,3
八鳯嶺巡檢,巡檢,縣首領,3
永利場鹽課大使,,京官,3
永利塲塩課大使,,京官,3
八鳯嶺巡検,,unknown,3
通政使司副使湖南學政,,省級,3
晋康鄕巡検,,unknown,3
鎮守貴州古州等處地方總兵官,,武職,3
國子監祭酒湖北學政,,省級,3
鎭守熊岳等處副都統,,unknown,3
州同管通濟閘閘官事,州同,州佐貳,3
巡撫山西太原等處兼理提督統辖全省等處地方軍務節制各鎭,,省級,3
大產司巡檢,巡檢,縣首領,3
土魯番同知,同知,府佐貳,3
郁山鎭巡検,,unknown,3
州判駐劄羅？,州判,州佐貳,3
州判駐劄草垻,州判,州佐貳,3
山角司巡検,,unknown,3
塩城縣丞,縣丞,縣佐貳,3
鎭守甘肅肅州等處地方掛印總兵官,,武職,3
邵伯鎭巡檢,巡檢,縣首領,3
宿遷中河縣丞？駐開？城,縣丞,縣佐貳,3
太平浦巡検,,unknown,3
州判駐劄諤嘉,州判,州佐貳,3
金城寨巡検,,unknown,3
州判管南岸主簿事,州判,州佐貳,3
長吉里巡検,,unknown,3
山西等處提刑按察使司按察使,,unknown,3
巡撫西安等處地方督理軍務兼理粮餉兵部侍郎兼都察院右副都御史,,省級,3
鎮守阿勒楚喀地方副都統,,unknown,3
鎮守江西南瑞撫建饒等處地方總兵官,,武職,3
郁山鎮巡檢,巡檢,縣首領,3
固江鎭巡檢,巡檢,縣首領,3
金利司巡検,,unknown,3
大灘巡検,,unknown,3
城口場主簿,主簿,縣首領,3
吏科驛丞管巡検事,,雜職,3
巡撫兼理提督統轄全省等處地方軍務節制各鎭,,省級,3
州判駐三角澱,州判,州佐貳,3
吏目偕補汾湖巡檢,吏目,州首領,3
野三關巡檢,巡檢,縣首領,3
郎中兼福建江蘇司事,,京官,3
鎭守寕古塔地方副都統,,unknown,3
鎮守察哈爾等處地方副都統,,unknown,3
塩運使司運同,,unknown,3
塩捕同知駐南鄉縣,同知,府佐貳,3
山陽縣富家堰主簿,主簿,縣首領,3
鎮守錦州等處地方副都統兼管庄粮捕牲馹站大凌河牧羣總管事務,,unknown,3
善政司巡検,,unknown,3
鎭守安義統轄長安普永等處地方總兵官,,武職,3
塩補州同,州同,州佐貳,3
夜護司巡検,,unknown,3
長安鎭巡検,,unknown,3
寧化所巡檢,巡檢,縣首領,3
鎮守四川松潘等處地方提調漢土官兵控制苗彝總兵官,,武職,3
商虞浦通判,通判,府佐貳,3
太子少保刑部尚書,,京官,3
金沙江巡検,,unknown,3
巡檢駐鎭平,巡檢,縣首領,3
巡視中城兵科掌印給事中,,京官,3
巡視中城吏科掌印給事中,,京官,3
鎮守廣西右江隆思上等處地方統轄漢土官兵總兵官,,武職,3
大関塩井渡巡検,,unknown,3
遷龍寨巡検,,unknown,3
道士？巡檢,巡檢,縣首領,3
吏目？補典史,典史,縣首領,3
吏目駐剳？門,吏目,州首領,3
复设訓導,復設訓導,教職,3
州判駐昌平関,州判,州佐貳,3
運粮州判移駐南甸,州判,州佐貳,3
門関司巡檢,巡檢,縣首領,3
鎭守四川建昌等處地方提調漢土官兵軍衞土司總兵官,,武職,3
鎮守奉天等處副都統,,unknown,3
太平塲巡検,,unknown,3
垛莊巡檢,巡檢,縣首領,3
巡視北城兵科給事中,,京官,3
寕陵主簿,主簿,縣首領,3
山棗巡検,,unknown,3
四品官土知州,知州,州正印,3
镶蓝旗,,unknown,3
鎮守阿爾楚喀地方副都統,,unknown,3
如昔司巡検,,unknown,3
邳宿運河通判,通判,府佐貳,3
鎭守白都訥地方副都統,,unknown,3
巡檢備補典史,典史,縣首領,3
太平汛司巡検,,武職,3
太僕寺卿兼理鴻臚寺事務,,京官,3
宿遷糧河縣丞,縣丞,縣佐貳,3
唐縣鎭巡檢,巡檢,縣首領,3
四名驲丞兼管巡檢事,,unknown,3
巡檢兼管吏目事,巡檢,縣首領,3
那陳司巡検,,unknown,3
四川等處提刑按察使司按察使,,unknown,3
州判駐彭城鎮,州判,州佐貳,3
巡檢分駐？？？？,巡檢,縣首領,3
小淸塲塩課大使,,京官,3
州判駐新興衛,州判,州佐貳,3
陕西等處提刑按察使司按察使統轄全省馹傳事務,,unknown,3
州判駐新興衞,州判,州佐貳,3
守備,,武職,3
金山帮領運千總,,武職,3
金山馹丞,,雜職,3
鎭守湖北荆州等處地方左翼副都統,,unknown,3
鎭守察哈爾等處地方都統仍管阿爾軍臺事務,,unknown,3
奉宸院朝閘閘官駐園明園,,雜職,3
城綏猺務州判,州判,州佐貳,3
鎭守廣東高廉羅三府州等處地方水陸官兵控制土司守禦總兵官,,武職,3
奉天府尹,,unknown,3
寕太帮領運千總,,武職,3
鎮守福建等處地方兼管綠旗都統將軍,,unknown,3
州判管戴家廟閘官事,州判,州佐貳,3
宗人府宗令,,京官,3
鎮守巴里坤等處地方總兵官,,武職,3
阜寧羊寨巡檢,巡檢,縣首領,3
鎭守廣東碣石衞等處地方總兵官,,武職,3
鑾儀衛鑾儀使兼佐領,,京官,3
大島城巡検,,unknown,3
都察院左都御史,,京官,3
州同駐剳始陽,州同,州佐貳,3
鎭守廣東廣州等處漢軍副都統,,unknown,3
寶亭司巡檢,巡檢,縣首領,3
鎭守廣東廣州等處滿州副都統,,unknown,3
州同駐龍駒寨,州同,州佐貳,3
鎮守廣州等處地方左翼副都統統轄八旗四營官兵,,武職,3
官富司巡検,,unknown,3
鑾儀衛鑾儀使兼鑲紅旗滿洲副都統,,京官,3
寳應管河縣丞,縣丞,縣佐貳,3
寳應管河主簿,主簿,縣首領,3
四氏學錄,,unknown,3
防城司巡検,,unknown,3
宗學教習正白旗,,旗籍誤填,3
都察院左副都御史福建學政,,省級,3
宗学教习镶黄旗,,京官,3
城門？巡檢,巡檢,縣首領,3
寧鄉巡檢,巡檢,縣首領,3
鎮守京口等處副都統,,unknown,3
吳塔巡檢,巡檢,縣首領,3
鎭守廣西左江南太潯梧鬱上等處地方統轄漢土官兵總兵官,,武職,3
宗学教习正黄旗,,旗籍誤填,3
宗學教習正藍旗,,旗籍誤填,3
塩法盗捕同知,同知,府佐貳,3
州同駐河基鎮,州同,州佐貳,3
宗學教習正黃旗,,旗籍誤填,3
宗学教习正蓝旗,,京官,3
州同駐新安,州同,州佐貳,3
寳停司巡検,,unknown,3
阜寧馬邏巡檢,巡檢,縣首領,3
吳淞巡檢,巡檢,縣首領,3
宗学教习正白旗,,旗籍誤填,3
吏目管典史,典史,縣首領,3
鑾儀衛鑾儀使兼鑲藍旗漢軍副都統兼佐領,,京官,3
鎮守廣東右翼南韶等處地方總兵官,,武職,3
鎮峽寨巡檢,巡檢,縣首領,3
鄭家馹丞,,雜職,3
安邊理事同知,理事同知,府佐貳,3
太子太保兵部尚書兼都察院右都御史總督兩江等處地方提督軍務粮餉操江統轄南河事務,,省級,3
鎭守山東靑州等處地方副都統,,unknown,3
鎭守山東登州等處地方駐劄登州總兵官,,武職,3
鎮守山東兗州等處地方總兵官,,武職,3
鎭守山東兖州等處地方總兵官,,武職,3
大洲場塩課大使,,京官,3
鎮守貴州鎮遠等處地方總兵官,,武職,3
鄭家店巡檢兼管馹務,巡檢,縣首領,3
鎭守湖北荆州等處地方右翼副都統,,unknown,3
鎭守山西大同統辖雁門三関等處地方掛印總兵官,,武職,3
鎮守福建延建等處地方總兵官駐劄福寧府,,武職,3
郎中掌？封司印,,京官,3
鎮守浙江金衢嚴處等處地方總兵官,,武職,3
鎮守福建延建等處地方總兵官駐劄福寕府,,武職,3
喇峒巡検,,unknown,3
岑港司巡檢,巡檢,縣首領,3
鎮守福州等處副都統,,unknown,3
郎中兼驗封司事,,京官,3
長安镇巡檢,巡檢,縣首領,3
寧海司巡檢,巡檢,縣首領,3
郝穴口巡檢,巡檢,縣首領,3
鎮守浙江衢嚴楓嶺等處地方總兵官,,武職,3
崑都崙巡検,,unknown,3
因遠巡検,,unknown,3
阜寧廟灣大套巡檢,巡檢,縣首領,3
都匀司長官司,,土司,3
鎭守河南南陽等處地方總兵官,,武職,3
崔家鎮巡檢,巡檢,縣首領,3
都亭司巡検,,unknown,3
鄂爾士板巡檢,巡檢,縣首領,3
長楓夾鎮巡檢,巡檢,縣首領,3
鑾輿司掌印滿雲麾使,,武職,3
州判管荊門上下閘官事,州判,州佐貳,3
峒峿司巡檢,巡檢,縣首領,3
宜善司巡検,,unknown,3
鑾駕內庫漢整儀尉,,武職,3
喜峰口巡檢,巡檢,縣首領,3
峽口馹丞兼管巡檢事,,雜職,3
大同鎭巡檢,巡檢,縣首領,3
鎭守浙江衢州等處地方總兵官,,武職,3
長行郷巡検,,unknown,3
鑾駕外庫漢整儀尉,,武職,3
吏部司務,,京官,3
金絲堂啓事,,unknown,3
鎮守伊犁等處地方總兵官,,武職,3
墰落墟巡檢,巡檢,縣首領,3
山東等處提刑按察使司按察使,,unknown,3
哈密司巡檢,巡檢,縣首領,3
鎭守吉林地方副都統,,unknown,3
鎮守墨爾根城副都統,,unknown,3
開順鎭巡檢,巡檢,縣首領,3
坑埠司巡檢,巡檢,縣首領,3
州同管南陽閘閘官事,州同,州佐貳,3
大黄江口巡検,,unknown,3
鋪前司巡檢,巡檢,縣首領,3
鎭守阿勒楚喀地方副都統,,unknown,3
鎮守陝西西安等處地方統轄滿兵都統將軍,,unknown,3
山東前帮領運千總,,武職,3
山東道檢察禦史,,unknown,3
鎮守烏魯木齊等處地方都統領隊大臣,,unknown,3
富池鎭巡檢,巡檢,縣首領,3
巡視東城工科掌印給事中,,京官,3
山東等處承宣佈政使司布政使,,unknown,3
鎭守吉林烏喇等處將軍,,unknown,3
巡視南城吏科給事中,,京官,3
安居巡検,,unknown,3
國子監司業兼佐領,,京官,3
居庸關稅課大使,,京官,3
大鳥墟巡檢,巡檢,縣首領,3
太安驛丞兼巡検事,,雜職,3
镇守陕西西安等处地方副都统,,unknown,3
鎮守湖南永州統轄衡寶二協臨武宜章桂陽武岡等處地方控制瑤彜總兵官,,武職,3
巡視東城兵科給事中,,京官,3
山東後帮領運千總,,武職,3
鎮守湖南永州統轄衡寶二協臨武宜章桂陽武岡等處地方控制猺彜總兵官,,武職,3
安城鎮巡檢,巡檢,縣首領,3
鎭守古城等處地方領隊大臣,,unknown,3
員外武選司行走,,unknown,3
州同備補縣丞,州同,州佐貳,3
鎭守三姓地方副都統,,unknown,3
員外郎兼廣東司事,,京官,3
安平郷巡検,,unknown,3
州同管廣盈庫大使事,州同,州佐貳,3
鎮守四川重慶等處地方提調漢土官兵總兵官,,武職,3
寕遠復营子村巡検,,武職,3
閒散治儀正,,武職,3
威遠堡巡検,,unknown,3
州同兼管水利,州同,州佐貳,3
通道鎮巡檢,巡檢,縣首領,3
州同管外河縣丞事,州同,州佐貳,3
鉛厰司巡檢,巡檢,縣首領,3
和舍巡検,,unknown,3
通衢司巡檢,巡檢,縣首領,3
吏目管金山馹丞事,吏目,州首領,3
州同移駐灰埠鎭,州同,州佐貳,3
巡視南城工科給事中,,京官,3
州判駐龍關鎮,州判,州佐貳,3
鎮守江南江北壽春等處地方總兵官,,武職,3
州同改授縣丞,縣丞,縣佐貳,3
寕古塔學正,學正,教職,3
通清閘閘官,,雜職,3
閑散滿治儀正,,武職,3
寕海司巡検,,unknown,3
新設石城里巡檢,巡檢,縣首領,2
縣丞駐劄冕山,縣丞,縣佐貳,2
馬踏巡檢,巡檢,縣首領,2
主事兼文？司事,,京官,2
特用湖南等處提刑按察使司按察使,,unknown,2
管河盗捕同知,同知,府佐貳,2
州同借補司獄,司獄,府首領,2
縣丞駐劄丙妹,縣丞,縣佐貳,2
縣丞駐冷水市,縣丞,縣佐貳,2
新設黃邪所巡檢,巡檢,縣首領,2
清化馬馹丞,,雜職,2
馬？觀巡檢,巡檢,縣首領,2
中所闲散满整仪尉,,unknown,2
寧條渠巡檢,巡檢,縣首領,2
主事兼都水司屯田司事,,京官,2
驾库汉整仪尉,,unknown,2
袁家口閘官,,雜職,2
敕命總理直省山東等處塩法都轉塩運使司運使兼塩法道,,unknown,2
管河州判駐胡家庄,州判,州佐貳,2
州判管经历事,州判,州佐貳,2
縣丞管寬仁里巡檢事,縣丞,縣佐貳,2
鎮守四川川北等處總兵官,,武職,2
特用府丞提督學政,,省級,2
茅山巡檢,巡檢,縣首領,2
主事屯田司行走,,京官,2
主事奉天司行走,,京官,2
縣丞駐仰？,縣丞,縣佐貳,2
剣門馹丞,,雜職,2
新设县丞,縣丞,縣佐貳,2
清水河理事通判,理事通判,府佐貳,2
管河縣丞駐曲坊鎭,縣丞,縣佐貳,2
欽差戶部分司督理大通橋運務滿監督,,京官,2
？？寺丞,,京官,2
新設？？桃山巡檢,巡檢,縣首領,2
茫稻閘閘官,,雜職,2
街口巡檢,巡檢,縣首領,2
新設當慶道庫大使,,京官,2
新設？坊巡檢,巡檢,縣首領,2
主事兼？？？？,,京官,2
管河縣丞駐三角澱,縣丞,縣佐貳,2
新設知事,知事,府首領,2
特用湖廣司額外主事管掌廳事,,京官,2
鎮守陝西興安漢羌等處掛印總兵官,,武職,2
淇潭？巡檢,巡檢,縣首領,2
新設高廉？庫大使,,京官,2
州同借補河捕州判駐？臨鎮,州判,州佐貳,2
新設縣丞駐南口溪,縣丞,縣佐貳,2
縣丞駐剳南溪,縣丞,縣佐貳,2
新設蘭儀同知,同知,府佐貳,2
前所闲散满整仪尉,,unknown,2
馬館監督,,unknown,2
吏目管？州巡檢事,吏目,州首領,2
縣丞駐剳杜安,縣丞,縣佐貳,2
馬馱沙新港巡檢,巡檢,縣首領,2
經歷駐劄巧家營,,武職,2
十八寨巡検,,unknown,2
鎮守陝西興安漢羗等處地方掛印總兵官,,武職,2
州判管？？塲塩課大使事,州判,州佐貳,2
州同借補經歷兼管司獄,司獄,府首領,2
敎授管教諭事,教授,教職,2
二等侍侍衞,,武職,2
新設縣丞駐西火鎭,縣丞,縣佐貳,2
草堰口巡檢,巡檢,縣首領,2
州判管？？大使事,州判,州佐貳,2
新設縣丞駐象牙庄,縣丞,縣佐貳,2
欽賜翰林院檢討訓導,,京官,2
馬馱新港巡檢,巡檢,縣首領,2
鎭守山海関等處地方副都統,,省級,2
土木馹丞兼管巡檢事,,雜職,2
十八盤巡検,,unknown,2
新設經歷,經歷,府首領,2
鎮守陝西西安地方副都統,,unknown,2
新設高廉道庫大使,,京官,2
新設高亷道庫大使,,京官,2
止馬市巡檢駐棠溪,巡檢,縣首領,2
止馬市巡檢,巡檢,縣首領,2
鎮守貴州威寧等處地方總兵官,,武職,2
馬邑郷學訓導,訓導,教職,2
？惠皇？妃圓寢讀祝官,,京官,2
前江團塩課大使,,京官,2
鎮守陝西西安右翼等處地方副都統,,unknown,2
鎭守廣州等處滿州副都統,,unknown,2
主事兼考功司,,京官,2
縣丞駐剳灣潭,縣丞,縣佐貳,2
新設雷瓊道庫大使,,京官,2
草堰巡檢,巡檢,縣首領,2
新設縣丞駐南勝,縣丞,縣佐貳,2
新設雲霄照磨兼司獄事,照磨,府首領,2
敎喻借補訓導,訓導,教職,2
十三都巡検,,unknown,2
中所閒散滿整儀尉,,武職,2
寕遠後營子村巡檢,,武職,2
特簡糧捕州同駐石門,州同,州佐貳,2
州判管縣丞事分防水貢,州判,州佐貳,2
吳城鎮巡檢,巡檢,縣首領,2
管理福建全省塘務,,unknown,2
協辦付請？？州副主？,,武職,2
管理直隸全省塘務,,unknown,2
褆舉司提舉,,unknown,2
高廉道庫大使,,京官,2
欽差兵部右侍郎督理崇文門税務,,京官,2
鎮守綏遠城左翼副都統,,unknown,2
特授總理福建通省糧儲驛傳道兼轄分巡福州等處地方,,省級,2
太子太保協辦大學士吏部尚書仍管陜甘總督,,省級,2
太子太保協辦大學士吏部尚書仍管陕甘縂督,,京官,2
鎭守廣西左江南太潯梧鬰上等處地方統辖漢土官兵總兵官,,武職,2
吳,,unknown,2
太子太保刑部尚書,,京官,2
欽差内務府員外郎督理山海鈔関,,京官,2
船溪司巡檢,巡檢,縣首領,2
高山城巡檢,巡檢,縣首領,2
兵部尚書兼都察院右副都御史總督河南山東河道提督軍務,,省級,2
縣丞駐周敦,縣丞,縣佐貳,2
縣丞駐周敏,縣丞,縣佐貳,2
日講官,,unknown,2
刑部員外,,京官,2
州同務駐渣津,州同,州佐貳,2
州判管小鹽池場大使,州判,州佐貳,2
高家鎭巡檢,巡檢,縣首領,2
縣丞駐周墩,縣丞,縣佐貳,2
協辦侍讀中書,,武職,2
特授福建等處提刑按察使司按察使,,unknown,2
旗手衛閒散滿治儀正,,武職,2
舊太倉監督刑部員外郎,,京官,2
日講官起居注詹事府事兼翰林院侍讀學士,,京官,2
欽天監左監副加三品銜食俸,,京官,2
日講官起居注翰林院修撰,,京官,2
玉山汛巡檢,,武職,2
馬溪河巡檢駐楊店,巡檢,縣首領,2
太醫院院使加鴻臚寺卿銜,,京官,2
清河理河主簿,主簿,縣首領,2
圭市巡檢,巡檢,縣首領,2
馬當巡檢,巡檢,縣首領,2
撫標中軍參將,,武職,2
日講官起居注翰林院侍讀,,京官,2
黄圃巡検,,unknown,2
鎮守福建閩粵漳潮南澳等處地方總兵官,,武職,2
經歷駐安順州管巡検事,經歷,府首領,2
头等侍卫,,武職,2
鎭守廣西左江南太潯梧鬱上等處地方統辖漢土官兵總兵官,,武職,2
縣丞管大灘巡檢事,縣丞,縣佐貳,2
獨流鎭巡檢,巡檢,縣首領,2
縣丞管威海巡檢事,縣丞,縣佐貳,2
馬腦觀巡檢,巡檢,縣首領,2
縣丞管安陵巡檢事,縣丞,縣佐貳,2
錢淸場鹽課大使,,京官,2
複設學録,,unknown,2
縣丞駐周？,縣丞,縣佐貳,2
日講官起居注官詹事府詹事兼翰林院侍讀學士,,京官,2
製造庫司匠,,京官,2
兵部尚書兼管國子監事務,,京官,2
新设小池潭巡檢司兼管水利,巡檢,縣首領,2
特用仁和場鹽課大使,,京官,2
特用分守西乾鄜等處地方督粮道,,省級,2
縣丞駐劄郎洞,縣丞,縣佐貳,2
黄沁同知,同知,府佐貳,2
縣丞駐劄赤水,縣丞,縣佐貳,2
新设？？桃山巡检,巡檢,縣首領,2
州判管管河縣丞事,州判,州佐貳,2
特用分巡左江兵備道駐劄南寧府,,unknown,2
管理內倉正監督兵部員外郎,,京官,2
芹泉驛丞兼管巡検事,,雜職,2
淇潭堡巡検,,unknown,2
縣丞駐劄舊縣,縣丞,縣佐貳,2
特用分巡延建邵三府等處地方道,,unknown,2
鎮守吉臨地方副都統,,unknown,2
兵部尚书,,京官,2
主事廣州司行走,,京官,2
縣丞駐劄澳門,縣丞,縣佐貳,2
塔子溝通判,通判,府佐貳,2
袁家閘閘官,,雜職,2
縣丞駐劄湾潭,縣丞,縣佐貳,2
新设知事,知事,府首領,2
特用學正,學正,教職,2
縣丞駐劄江滸山,縣丞,縣佐貳,2
太子太保兵部尚書兼都察院右都御史總督淮揚漕運等處地方海防軍務兼理粮餉,,省級,2
鎮守四川川北等處地方總兵官,,武職,2
特用州同駐高沙市,州同,州佐貳,2
特用分守衡永郴桂等處地方道駐劄衡州府,,unknown,2
州判管海安批鹽所大使事,州判,州佐貳,2
州同分駐？駒寨,州同,州佐貳,2
主事廣東司廣西司行走,,京官,2
撫？通判,通判,府佐貳,2
旗手衛滿闲散治儀正,,武職,2
特授長蘆都轉鹽運使司運使加敕管鹽法道事,,省級,2
猫霧？巡檢,巡檢,縣首領,2
刑部尚書正白旗漢軍都統,,京官,2
色爾登山巡檢,巡檢,縣首領,2
鎮守署理山西太原等處地方總兵官,,武職,2
猫霧粮捕,,unknown,2
長興司巡檢,巡檢,縣首領,2
吐鲁番等處地方領隊大臣,,unknown,2
裕豊倉監督刑部堂主事,,京官,2
协办主事？佐领,,武職,2
半洋沙巡檢,巡檢,縣首領,2
州同分駐三旺,州同,州佐貳,2
裕溪河鎭巡檢,巡檢,縣首領,2
經歷借補典史,典史,縣首領,2
鎮守臺灣等處掛印總兵官,,武職,2
方泽坛奉祀,,unknown,2
清江閘閘官,,雜職,2
吏目管龔灘巡檢事,吏目,州首領,2
縣丞駐劄？洪,縣丞,縣佐貳,2
猛？司巡検,,unknown,2
管理山東全省塘務,,unknown,2
州判管沙頭場？課大使事,州判,州佐貳,2
長蘆天津分司運同知,同知,府佐貳,2
？捕水利同知駐吳城,水利同知,府佐貳,2
禮部右侍郎兼管太常寺事務鑲白旗滿洲副都統,,京官,2
土州判州同職衛,州判,州佐貳,2
秀嶺巡檢,巡檢,縣首領,2
整飭甘肅驛傳道兼轄蘭州管理屯田茶馬事務,,省級,2
寛仁里巡検,,unknown,2
整飭鞏秦階等處地方督理茶馬屯田道,,省級,2
蔡？巡檢,巡檢,縣首領,2
寕遠復营子村巡檢,,武職,2
蘭北山領運千總,,武職,2
蕩寇山巡檢,巡檢,縣首領,2
淳化鎮巡檢,巡檢,縣首領,2
特簡長盈庫大使,,京官,2
蘭儀巡檢,巡檢,縣首領,2
州判駐晋州,州判,州佐貳,2
特簡提舉司提舉,,unknown,2
經歷兼管馹塩道庫大使事,經歷,府首領,2
駐臨洛通判,通判,府佐貳,2
太仆寺卿,,unknown,2
淩祿司巡檢,巡檢,縣首領,2
新改海口巡檢,巡檢,縣首領,2
鎭守墨爾根城副都統,,unknown,2
欽差管理寶源局監督都水司郎中,,京官,2
？？皇太子圓寢讀祝官,,京官,2
薄沙汛司巡検,,武職,2
淳化巡检,巡檢,縣首領,2
？？皇貴妃陵寝讀祝官,,京官,2
薄沙汛巡檢,,武職,2
經歷兼管馹鹽道庫大使事,經歷,府首領,2
特簡運？嘉興批驗所大使,,雜職,2
淮？？？？同知,同知,府佐貳,2
穿山巡検,,unknown,2
欽差萬安倉監督兵部主事,,京官,2
縣丞駐二十八都,縣丞,縣佐貳,2
五斗司巡検,,unknown,2
新設主簿分駐？湖,主簿,縣首領,2
特簡州判管盛家池鹽課事,州判,州佐貳,2
新設三座？巡檢,巡檢,縣首領,2
員外郎？？？？,,京官,2
特簡州同,州同,州佐貳,2
欽差管理八溝税務,,unknown,2
駐？家村管粮主簿,主簿,縣首領,2
駐龍？？？通判,通判,府佐貳,2
蒲門巡檢,巡檢,縣首領,2
欽差管理寳源局監督工部營繕司郎中,,京官,2
五虎門巡檢駐南台,巡檢,縣首領,2
淥口司巡檢,巡檢,縣首領,2
整飭分巡口外熱河等處按察使司管兵備道事,,unknown,2
整飭分巡延榆綏等處地方道駐榆林府,,unknown,2
蒲？批騐所大使,,京官,2
新港巡檢駐東來菴,巡檢,縣首領,2
駐劄泊頭管？通判,通判,府佐貳,2
整飭平慶等處驛鹽兵備道駐固原州,,unknown,2
新港司巡檢駐東來？,巡檢,縣首領,2
蓟永分司運判,,unknown,2
欽差管理寶源局工部營繕司郎中,,京官,2
淸化司巡檢兼管馹務,巡檢,縣首領,2
北厰大使,,京官,2
欽差通州中倉監督內閣侍讀,,京官,2
特簡廣積庫大使事,,京官,2
整飭江南通省驛傳塩法道分巡江寕兼管水利事務,,unknown,2
州判駐新興街,州判,州佐貳,2
中霸塲巡檢,巡檢,縣首領,2
縣丞管管粮主簿事,縣丞,縣佐貳,2
特簡知縣管三江場鹽課大使事,知縣,縣正印,2
稽查中書科事務内閣學士兼禮部侍郎,,京官,2
員外郞掌稽勳司印,,京官,2
五山汛巡検,,武職,2
欽差管理街道掌福建道監察御史,,京官,2
斗門鎭主簿,主簿,縣首領,2
蘇松常鎮淮揚徐州等處提刑按察使司按察使,,unknown,2
斗六門巡檢移駐大武郷,巡檢,縣首領,2
特簡知縣管雲？場事,知縣,縣正印,2
北新倉監督戶部員外郎,,京官,2
文淵閣校理廣東學政,,省級,2
北新倉監督禮部員外郎,,京官,2
秦陵郎中,,京官,2
蘇州織造七品烏林大,,省級,2
秦陵妃圓寢讀祝官,,京官,2
文渊閣校理左春坊左庶子廣西學政,,省級,2
堂主事西副考,,京官,2
州判駐長安鎭,州判,州佐貳,2
鎮守陝西寧夏等處地方副都統,,unknown,2
鎮守陝西寧夏等處地方總兵官,,武職,2
欽差管理街道製造庫郎中,,京官,2
秦川邨巡檢,巡檢,縣首領,2
五帮领运千总,,unknown,2
秣陵巡檢,巡檢,縣首領,2
蘇家橋主簿,主簿,縣首領,2
北路捕盗駐沙河兼保定府同知分辖昌順懐密平延併宛大等八州縣,同知,府佐貳,2
門関巡検,,unknown,2
縣丞管熱河巡檢事,縣丞,縣佐貳,2
鎮守陝西寧夏等處地方都統將軍,,unknown,2
駐劄蕪湖同知,同知,府佐貳,2
經歷兼糧道庫大使事,,省級,2
蘄家口閘官,,雜職,2
税课司大使,,雜職,2
州判駐沙尼驛兼司水利,州判,州佐貳,2
特簡知縣管學正事,知縣,縣正印,2
鎮守陝西寧夏右翼等處地方副都統,,unknown,2
欽差管理街道吏科給事中,,京官,2
薩拉齊通判,通判,府佐貳,2
駐歸化營通判,,武職,2
税课局大使,,京官,2
州判駐沙？驛兼司水利,州判,州佐貳,2
欽差管理街道工部營繕司郎中,,京官,2
蘇溪巡檢,巡檢,縣首領,2
北峽巡檢,巡檢,縣首領,2
州判駐津市鎭,州判,州佐貳,2
新安巡檢,巡檢,縣首領,2
駐劄漷縣州判,州判,州佐貳,2
縣丞管管河主簿,主簿,縣首領,2
經歷兼管？豊倉大使事,經歷,府首領,2
欽差管理街道工部郎中,,京官,2
稅課局管河泊所,,unknown,2
北路捕盜駐沙河兼保定府同知分轄昌順懐密平延併宛大等八州縣,同知,府佐貳,2
州判駐白馬關,州判,州佐貳,2
欽差管理街道工部都水司員外郎,,京官,2
欽差管理街道掌京畿道監察御史,,京官,2
欽差管理街道掌四川道監察御史,,京官,2
特簡軍捕同知,同知,府佐貳,2
北新倉監督工部員外郎,,京官,2
縣丞管石佛閘閘官事,縣丞,縣佐貳,2
新設主簿管巡檢事,主簿,縣首領,2
太僕寺卿兼管鴻臚寺事務,,京官,2
欽差管理三座塔税務,,unknown,2
鍋底湾巡檢,巡檢,縣首領,2
教授管學正事,教授,教職,2
鎮守錦州等處地方副都統兼管庄粮捕牲馹站大淩河牧業總管事務,,unknown,2
奉宸？朝閘閘官駐園圆眀園,,雜職,2
教授管復設教諭事,教授,教職,2
州判駐剳草霸,州判,州佐貳,2
兵部侍郎兼都察院右副都御史總督江南南河等處河道提督軍務,,省級,2
莫離鎮巡檢,巡檢,縣首領,2
欽賜庶起士,,京官,2
州判駐劄中後所,州判,州佐貳,2
管按察司照磨事,,省級,2
兵部侍郎兼都察院右副都御史總督淮揚漕運等處海防軍務监理粮餉,,省級,2
欽賜國子監學正管學正事,,京官,2
經歷駐劄安順州兼管巡檢事,經歷,府首領,2
長？鎮巡檢,巡檢,縣首領,2
欽差督理山海鈔關,,unknown,2
淸軍同知駐劄樊城,同知,府佐貳,2
教習兼吉士,,京官,2
州判駐劄普淵,州判,州佐貳,2
副監督工部郎中,,京官,2
委習主事,,京官,2
副都統,,unknown,2
新設州判分駐五？,州判,州佐貳,2
教習？？？,,京官,2
新設州判分駐五嶆,州判,州佐貳,2
淸源巡檢,巡檢,縣首領,2
土同知,同知,府佐貳,2
新設岱岳鎮巡檢,巡檢,縣首領,2
管河主事駐劄北？？,,京官,2
？？教諭,教諭,教職,2
欽差監督殺虎口抽分宗人府理事官,,京官,2
？州巡檢,巡檢,縣首領,2
欽賜翰林院検討訓導,,京官,2
管河千總,,武職,2
新設湖潤寨巡檢,巡檢,縣首領,2
管河主簿？駐北岸,主簿,縣首領,2
鎮守浙江杭州等處地方統轄滿漢官兵都統將軍,,unknown,2
管河主簿駐？村,主簿,縣首領,2
特简州同,州同,州佐貳,2
縣丞駐丙殊,縣丞,縣佐貳,2
蘇州帮領運千總,,武職,2
吏目管？遷巡檢事,吏目,州首領,2
寧太幫領運千總,,武職,2
新設淮北監製同知,同知,府佐貳,2
欽賜檢讨,,unknown,2
鎭守安義統辖長安普永等處地方總兵官,,武職,2
教授管复设教谕事,教授,教職,2
寧古塔學正,學正,教職,2
管河主簿駐劄北羅,主簿,縣首領,2
新設江寧司巡檢,巡檢,縣首領,2
新設江寕司巡檢,巡檢,縣首領,2
特调知縣,知縣,縣正印,2
鎭守定海舟山等處地方總兵官,,武職,2
教授管学正事,教授,教職,2
副監督內閣學士兼禮部侍郎,,京官,2
淸軍捕盜同知,捕盜同知,府佐貳,2
淸軍捕盗？堂同知,同知,府佐貳,2
特调知府,知府,府正印,2
特简知縣,知縣,縣正印,2
州判駐劄梅彔,州判,州佐貳,2
新設九道梁巡檢,巡檢,縣首領,2
鎭守安籠統轄長安普永等處地方總兵官,,武職,2
萬安倉監督國子監助教,,京官,2
新設四十八溪主簿,主簿,縣首領,2
欽差稽查興平倉掌江西道監察禦史,,unknown,2
吏目？？？？,吏目,州首領,2
欽差稽查萬安倉掌福建道監察禦史,,unknown,2
北鄉巡檢,巡檢,縣首領,2
鎮守陝西涼州等處地方副都統,,unknown,2
禮部尚書文淵閣直閣事,,京官,2
北運河過？？楊村,,unknown,2
主事典属司行走,,京官,2
奔牛巡檢,巡檢,縣首領,2
團風巡檢,巡檢,縣首領,2
虎頭関巡檢兼管太平馹丞事,巡檢,縣首領,2
淡水廳屬竹塹巡檢,巡檢,縣首領,2
葛沽巡撿,,unknown,2
端氏鎮巡檢,巡檢,縣首領,2
新設但店鎭巡檢,巡檢,縣首領,2
主事儀制司行走,,京官,2
經歷管塩道庫大使事,經歷,府首領,2
敦里八甲巡検,,unknown,2
新設仁義鎮巡檢,巡檢,縣首領,2
駐劄楊村縣丞,縣丞,縣佐貳,2
端氏巡檢,巡檢,縣首領,2
駕儀漢雲麾使,,武職,2
欽差管理三座塔稅務理藩院員外郎,,京官,2
特簡同知管知州事,同知,府佐貳,2
經歷兼管銀億庫事,經歷,府首領,2
新設土魯番巡檢,巡檢,縣首領,2
新設城口塲主簿,主簿,縣首領,2
教諭管調導事,教諭,教職,2
新設孱陵鎭巡檢,巡檢,縣首領,2
縣丞管？？巡檢事,縣丞,縣佐貳,2
門闢巡檢,巡檢,縣首領,2
中書改授總巡水利通判,通判,府佐貳,2
新設小里潭巡檢兼管水利,巡檢,縣首領,2
太子太保兵部侍郎兼都察院右副都御史巡撫河南等處地方提督軍務兼理河道？等營田,,省級,2
淸泥司巡檢,巡檢,縣首領,2
縣丞管？？主簿事,縣丞,縣佐貳,2
縣丞管？河主簿事,縣丞,縣佐貳,2
鎭守奉天錦州等處地方副都統,,unknown,2
淸河馬頭巡檢,巡檢,縣首領,2
淡水塲塩課大使,,京官,2
淸河閘閘官,,雜職,2
符簡知縣,知縣,縣正印,2
鎮守陝西肅州等處地方掛印總兵官,,武職,2
？？水利州判駐剳朱陽關,州判,州佐貳,2
新設威遠堡巡檢,巡檢,縣首領,2
欽差稽查太平倉掌山東道監察禦史,,unknown,2
淸河管河縣丞,縣丞,縣佐貳,2
淸河管河主簿,主簿,縣首領,2
吏目管？？事,吏目,州首領,2
萬夀巡檢,巡檢,縣首領,2
馴馬司掌印滿雲麾使,,武職,2
鎭守三姓等處地方副都統,,unknown,2
特簡分守冀寧道管理驛傳事務轄太汾潞澤四府遼沁二州,,unknown,2
特簡分巡兵備道轄安徽寧池太五府廣德州等處地方駐劄蕪湖縣,,unknown,2
鎭守奉天等處地方副都統,,unknown,2
新設呂堰鎭巡檢,巡檢,縣首領,2
特授淮南批驗所大使,,雜職,2
興平倉監督理藩院主事,,京官,2
梁湖壩巡檢,巡檢,縣首領,2
縣丞駐石牌管水利,縣丞,縣佐貳,2
鹽捕通判,通判,府佐貳,2
小黃巡檢,巡檢,縣首領,2
粮補水利通判駐周家口,通判,府佐貳,2
分巡兵備道轄高廉等處地方駐劄高州府,,unknown,2
縣丞駐石？兼管水利,縣丞,縣佐貳,2
太平巡檢,巡檢,縣首領,2
山淸外河同知,同知,府佐貳,2
鎭守陜西西安等處地方統辖滿兵將軍,,unknown,2
粮運通判駐張家湾,通判,府佐貳,2
缺口鎮巡檢,巡檢,縣首領,2
？石磯頭巡檢,巡檢,縣首領,2
鹽樸通判,通判,府佐貳,2
缺口鎭巡検,,unknown,2
縣丞駐石牌兼管水利,縣丞,縣佐貳,2
梁垛場塩課大使,,京官,2
内阁典籍,,京官,2
鹽捕州同駐石門,州同,州佐貳,2
署兵部侍郎兼都察院右副都御史巡撫廣西等處地方提督軍務兼理粮餉,,省級,2
澳龍巡檢,巡檢,縣首領,2
粮捕通判駐？？,通判,府佐貳,2
分巡大順廣等處地方兵備道兼管水利河道事務,,省級,2
？茶同知駐南部,同知,府佐貳,2
小靖塲塩課大使,,京官,2
縣丞駐石橋鋪,縣丞,縣佐貳,2
署五官挈靈正,,unknown,2
内阁中书,,京官,2
欽命監督張家口抽分,,unknown,2
桃源安濟中河通判,通判,府佐貳,2
欽命湖廣道監察御史巡察濟寕漕務協辦河道事務,,省級,2
澎湖通判,通判,府佐貳,2
分巡古州兵備道轄黎平都勻等處地方,,unknown,2
欽命江寕織造兼龍江西新関税務,,省級,2
黃橋司巡檢,巡檢,縣首領,2
鹽捕同知駐桃園？,同知,府佐貳,2
欽命木倉監督工部節慎司郎中,,京官,2
？理長官司,,土司,2
？曹同知駐川沙,同知,府佐貳,2
主簿管通流閘官事,主簿,縣首領,2
主簿管鄭家坊巡檢事,主簿,縣首領,2
湖北等處提刑按察使司按察使,,unknown,2
主簿管門？巡檢事,主簿,縣首領,2
楊村驛丞管巡検事,,雜職,2
漾濞司巡検,,unknown,2
漱城巡檢,巡檢,縣首領,2
漢闲散治儀正,,武職,2
楊武垻巡檢,巡檢,縣首領,2
黃岩場鹽課大使,,京官,2
鎭守陜西興安漢羗等處地方掛印總兵官,,武職,2
山東等處督糧道兼管德常臨清倉事務,,省級,2
九品吏目官首領廳事,吏目,州首領,2
検校,,unknown,2
鎭守陜西西安左翼等處地方副都統,,unknown,2
分守蒼梧道駐劄梧州府兼理通省驛鹽事務,,unknown,2
主簿管管河巡檢事,主簿,縣首領,2
鎭守陜西西安右翼等處地方副都統,,unknown,2
？知事借補？？？鎮巡檢,巡檢,縣首領,2
欽命木柴監督工部營繕司員外郎,,京官,2
欽命木廠監督工部都水司郎中,,京官,2
梅渚河巡檢,巡檢,縣首領,2
黃旭巡檢,巡檢,縣首領,2
经筳讲官？？保和殿大学士？？？内务府大臣？？事务御前大臣兼管？？院事务？？统领一等忠勇公？？？八级军功,,unknown,2
山棗司巡檢,巡檢,縣首領,2
分守糧儲道兼屯田水利事務,,省級,2
？白塲塩課大使,,京官,2
鎭守福建延建等處地方總兵官駐劄福寕府,,武職,2
内阁掌印典？？？？会监？,,unknown,2
主簿管萬家關事,主簿,縣首領,2
署兵部尚書兼都察院右都禦使總督？楊漕運等處地方海防軍務兼理糧餉,,省級,2
欽命督理九江関税務兼管窑務,,unknown,2
鎭守甘肅西寕臨鞏等處地方統轄漢土番回掛印總兵官,,武職,2
欽命督理蘇州織造事,,省級,2
欽命督理長蘆塩課兼轄馹傳河道轄山東河南開歸彰衡懷慶,,省級,2
署浙江道事監察禦史,,unknown,2
土魯番巡檢,巡檢,縣首領,2
分巡山東通省運河兵備道兼管河庫事務,,unknown,2
林廟守衛司百户,,unknown,2
鎭守黑龍江等處副都統,,unknown,2
署日講起居注官詹事府詹事兼翰林院侍讀學士江西學政,,省級,2
兾村巡檢,巡檢,縣首領,2
渠寧巡檢,巡檢,縣首領,2
？陵主事,,京官,2
小河巡檢,巡檢,縣首領,2
署日講起居注官翰林院侍講學士,,京官,2
署日講起居注官翰林院侍講,,京官,2
九帮领运千总,,unknown,2
枇杷所巡檢,巡檢,縣首領,2
主簿管司獄事,主簿,縣首領,2
粮捕水利通判駐張秋鎭,通判,府佐貳,2
山西等處承宣佈政使司布政使,,unknown,2
欽命禮科掌印給事中巡視南漕協辦一應事務,,武職,2
欽命禮科掌印給事中巡察通州倉漕事務,,京官,2
減河主簿駐劄大？家莊,主簿,縣首領,2
烏山巡檢,巡檢,縣首領,2
兼？？倉監督,,unknown,2
分巡嶺西兵備道轄肇羅等處地方,,unknown,2
鸿胪寺正卿,,unknown,2
九幫領領運千總,,武職,2
欽命督理鳳陽關稅務分巡廬鳳道,,unknown,2
垜庄巡檢,巡檢,縣首領,2
鹅埠嶺巡検,,unknown,2
縣丞駐油坊鎮,縣丞,縣佐貳,2
署理內閣學士兼禮部侍郎,,京官,2
鎭守甘肅西寕臨鞏等處地方統辖漢土番囘掛印總兵官,,武職,2
柘臯巡檢,巡檢,縣首領,2
柯橋巡檢,巡檢,縣首領,2
署右侍郎,,unknown,2
縣丞駐白市驲,縣丞,縣佐貳,2
小溪水馬驛丞,,雜職,2
黃沙坑巡檢,巡檢,縣首領,2
桃園中河主簿,主簿,縣首領,2
桃園北岸主簿,主簿,縣首領,2
鎭守雲南騰越等處地方控制土司苗彛轄衛所總兵官,,武職,2
欽命督理山西河東鹽課陝西大小二池轄河南等處汝州直隸潼關,,unknown,2
欽命督理兩淮鹽漕察院轄江南江西湖廣河南汝寧等處地方,,unknown,2
土鲁番同知,同知,府佐貳,2
桃園河務同知,同知,府佐貳,2
内閣學士兼禮部侍郎管理太常寺事務,,京官,2
鎮守浙江黃嚴等處地方總兵官,,武職,2
粮捕通判駐石馬鎮,通判,府佐貳,2
欽命督理九江關稅務兼管窑務,,unknown,2
鹽場関巡檢,巡檢,縣首領,2
？賢皇后圓寢郎中,,京官,2
鎭守盛京等處副都統盛京工部侍郎,,京官,2
瀘定？巡檢,巡檢,縣首領,2
欽命督理淮宿等関税務,,unknown,2
瀘定橋巡検,,unknown,2
鎮守甘肅蘭州等處地方掛印總兵官,,武職,2
縣丞駐澳門,縣丞,縣佐貳,2
濵江司巡檢,巡檢,縣首領,2
濵樂分司運同駐濵州,,unknown,2
粮捕水利通判駐？？？,通判,府佐貳,2
内閣學士兼禮部侍郎公中佐領,,京官,2
署掌印給事中四川學政,,省級,2
署日講官起居注官翰林院侍講,,京官,2
欽命督理浙江杭州織造,,省級,2
栢井馬驛丞监管巡檢事,,雜職,2
栲栲島巡檢,巡檢,縣首領,2
署掌福建道監察御史廣西學政,,省級,2
小溪水馬馴永,,unknown,2
分守濟東泰武道兼理通省驛傳水利事務轄高濮平三州,,unknown,2
山東等處督粮道兼管德常臨清倉事務,,省級,2
欽命木倉監督工部營善司主事,,京官,2
冷水關巡檢,巡檢,縣首領,2
鎭守福建閩粤漳潮南澚等處地方總兵官,,武職,2
凌厝巡検,,unknown,2
湖坊鎭巡檢,巡檢,縣首領,2
冠軍使掌右所印署佐領,,武職,2
尼山書院學錄,,unknown,2
總捕同知駐亭傍,同知,府佐貳,2
鎭守錦州等處地方副都統兼管庄粮捕牲馹站大淩河牧羣總管事務,,unknown,2
總捕水利同知駐？？,水利同知,府佐貳,2
糧撲水利州判,州判,州佐貳,2
欽命吏部右侍郎提督江蘇全省學政,,省級,2
欽命吏部右侍郎提督順天等處地方學政,,省級,2
欽命吏部員外郎兼翰林院檢討提督四川全省學政,,省級,2
縣丞駐金門,縣丞,縣佐貳,2
縣丞駐金？鎮,縣丞,縣佐貳,2
員外郎兼文選司,,京官,2
總捕海防同知,同知,府佐貳,2
冠軍使掌後所印兼佐領,,武職,2
减河吏目管風化巡檢事,吏目,州首領,2
糧捕水利通判駐樟樹鎮,通判,府佐貳,2
總理屯田烏魯木齊副都統,,unknown,2
冠軍使掌前所印兼佐領,,武職,2
總理哈密事務大臣,,unknown,2
鎭守福建福州等處地方將軍,,unknown,2
主簿管？？？事,主簿,縣首領,2
欽命內閣學士兼禮部侍郎提督江西全省學政,,省級,2
糧捕通判駐石馬鎮,通判,府佐貳,2
湖口巡檢,巡檢,縣首領,2
欽命兵科掌印給事中巡視南漕協辦一應事務,,武職,2
鎭守福建金門等處地方總兵官,,武職,2
溫家？巡檢,巡檢,縣首領,2
欽命兵部左侍郎提督江蘇全省學政,,省級,2
麻柳塲巡檢,巡檢,縣首領,2
糧河縣丞,縣丞,縣佐貳,2
欽命國子監祭酒提督湖北全省學政,,省級,2
欽命木倉監督工部屯田司主事,,京官,2
縣丞駐魏縣,縣丞,縣佐貳,2
欽命户部員外郎監督張家口抽分,,京官,2
湖汶巡檢,巡檢,縣首領,2
縣丞駐？州,縣丞,縣佐貳,2
太常寺卿稽查右翼覺羅學,,京官,2
糧鹽水利縣丞,縣丞,縣佐貳,2
山东提塘兼管河東事務,,unknown,2
欽命布政使管江寧織造兼龍江西新關稅務,,省級,2
欽命戸部員外郎兼翰林院編修提督貴州全省學政,,省級,2
鎭守綏遠城等處地方將軍,,unknown,2
黃圃司巡檢,巡檢,縣首領,2
縣丞駐韓城鎭,縣丞,縣佐貳,2
欽命戶科掌印給事中巡察通州倉漕事務,,京官,2
湖广道监察御史,,京官,2
鎭守臺湾等處地方掛印總兵官,,武職,2
糧餉通判,通判,府佐貳,2
欽命巡道管理蘇州織造兼管滸墅鈔關,,省級,2
糧運通判駐張家灣,通判,府佐貳,2
黃姑屯巡檢,巡檢,縣首領,2
镇守叶尔奇木都统驻扎哈密,,unknown,2
欽命太常寺卿提督湖北全省學政,,省級,2
縣丞駐關山鎮,縣丞,縣佐貳,2
縣丞駐阿城鎭,縣丞,縣佐貳,2
太常寺卿湖北學政,,省級,2
縣丞？周？,縣丞,縣佐貳,2
欽命宗人府府丞提督福建全省學政,,省級,2
冷水関巡檢,巡檢,縣首領,2
湖藥司巡檢,巡檢,縣首領,2
湖蒙司巡檢,巡檢,縣首領,2
太常寺卿福建學政,,省級,2
湖潤寨巡検,,unknown,2
欽命掌京畿道監察御史提督安徽全省學政,,省級,2
縣丞駐？？兼管水利,縣丞,縣佐貳,2
欽命內務府郎中兼佐領督理淮宿等關稅務,,京官,2
鎭守福建福州等處地方副都統,,unknown,2
糧捕水利通判駐張秋鎮,通判,府佐貳,2
榛子鎭巡檢,巡檢,縣首領,2
漕河提塘,,unknown,2
鹽運司運同,,省級,2
榆林驛丞,,雜職,2
鎭守福建建寕等處地方總兵官,,武職,2
欽命文淵閣校理翰林院編修提督廣東全省學政,,省級,2
縣丞駐興永坪,縣丞,縣佐貳,2
欽命提督雲南全省學政兼翰林院編修,,省級,2
分守江南河庫道,,省級,2
欽命提督貴州全省學政翰林院侍講,,省級,2
縣丞駐舟直,縣丞,縣佐貳,2
分守廣東粮驛道管通省民屯錢粮帶催料價兼管驛傳水利等處地方,,unknown,2
紅海司巡檢,巡檢,縣首領,2
山東等處提刑按察使司按察使統辖全省馹傳事務,,unknown,2
？木長官司,,土司,2
鎭守陕西西安等處地方統辖滿兵將軍,,unknown,2
楓亭巡檢兼驲丞事,巡檢,縣首領,2
主簿管？？驛巡檢事,主簿,縣首領,2
漢口鎭禮智巡檢,巡檢,縣首領,2
黃岡洞巡檢,巡檢,縣首領,2
经筳讲官左侍郎,,unknown,2
鎭守陜西河州等處掛印總兵官,,武職,2
縣丞駐羗北鎭,縣丞,縣佐貳,2
主簿管雙橋司巡檢事,主簿,縣首領,2
湖北等處提刑按察使司按察使統辖全省馹傳事務,,unknown,2
漢口鎭仁義巡檢,巡檢,縣首領,2
鹽運使經歷,經歷,府首領,2
鹽運使司鹽運同,,unknown,2
漢口鎭仁義司巡檢,巡檢,縣首領,2
太子少保鎭守四川成都等處地方將軍,,unknown,2
漢冠軍使掌旗手衛事,,武職,2
漢冠軍使,,武職,2
鎭守陜西延綏等處地方掛印總兵官,,武職,2
？河通判,通判,府佐貳,2
樂平郷學敎喻,,unknown,2
镇守黑龙江齐齐哈等处地方副都统,,unknown,2
欽命候補四品京堂提督山西全省學政,,省級,2
久山鎮巡檢,巡檢,縣首領,2
滨江司巡检,巡檢,縣首領,2
橫越閘官,,雜職,2
鎭守福建漳州浦詔雲霄等處地方總兵官,,武職,2
滕沛閘閘官,,雜職,2
冠軍使掌中所印,,武職,2
欽命光祿寺卿提督福建全省學政,,省級,2
滿冠軍使掌訓象所印,,武職,2
鎮守湖南永州統轄衡寶二協臨武寧筸桂陽武岡等處地方控制瑤彝總兵官,,武職,2
欽命光禄寺少卿提督四川全省學政,,省級,2
總督倉塲戶部右侍郎,,省級,2
總督倉場戶部右侍郎署廂紅旗漢軍副都統,,省級,2
减河李村巡検,,unknown,2
縣丞駐謝家坊,縣丞,縣佐貳,2
縣丞駐营前,,武職,2
滸黄鎭巡檢,巡檢,縣首領,2
橋頭鎮巡檢,巡檢,縣首領,2
鹿步司巡検,,unknown,2
滸黄鎮巡檢,巡檢,縣首領,2
滿冠軍使掌中所印,,武職,2
滿冠軍使掌中所印兼佐領,,武職,2
横查司巡検,,unknown,2
滿冠軍使掌前所印,,武職,2
總辦堂務事件後所冠軍使,,武職,2
滿冠軍使掌右所印,,武職,2
湖南等處承宣佈政使司布政使,,unknown,2
黃山司巡檢,巡檢,縣首領,2
分守常鎮揚通等處地方道,,unknown,2
和溪司巡檢,巡檢,縣首領,2
欽命提督山西全省學政,,省級,2
湖南正主考,,unknown,2
分巡川北道管轄順慶保寧等處地方,,unknown,2
黃泗浦港巡檢,巡檢,縣首領,2
日講官起居注詹事府詹事兼翰林院侍讀學士,,京官,2
景和巡檢,巡檢,縣首領,2
鎭守江西南瑞撫建廣饒等處地方總兵官,,武職,2
鎭守江西南贑吉袁臨寕等處地方總兵官,,武職,2
管？庫郎中,,京官,2
分巡雷瓊等處地方兵備道,,unknown,2
晋康鄉巡檢,巡檢,縣首領,2
壇落墟巡檢,巡檢,縣首領,2
特授太醫院院使管院判事,,京官,2
分巡霸昌道兼理屯田驛傳糧餉事務駐劄昌平州,,unknown,2
鬰林鎮巡檢,巡檢,縣首領,2
鎭守河南河北等處地方總兵官,,武職,2
呂梁洪巡檢,巡檢,縣首領,2
魏城馹丞兼管巡檢事,,雜職,2
景陵妃？寢讀祝官,,京官,2
特授國子監司業,,京官,2
？授知府,知府,府正印,2
特授州判,州判,州佐貳,2
景陵？？寝？？官,,unknown,2
高郵管河州同,州同,州佐貳,2
長楓鎭巡檢,巡檢,縣首領,2
老崖鎮巡檢,巡檢,縣首領,2
分水關巡檢,巡檢,縣首領,2
黃陂司巡檢,巡檢,縣首領,2
鎭守江南江寕京口等處地方將軍,,unknown,2
鎭守江南江寕等處副都統,,unknown,2
老吳市巡檢,巡檢,縣首領,2
寶家寨巡檢,巡檢,縣首領,2
欽命翰林院編修提督安徽全省學政,,省級,2
主事福建司行走,,京官,2
特授州同借補副指揮,,京官,2
春坊左贊善,,unknown,2
分巡鳳邠等處地方鹽驛道,,unknown,2
特授州同,州同,州佐貳,2
分巡迤西道,,unknown,2
主事管夏官正事,,京官,2
特授左院判,,unknown,2
特授分守雁平道管轄大朔寧三府忻保代三州等處地方,,unknown,2
曹？同知,同知,府佐貳,2
縣丞駐平潭,縣丞,縣佐貳,2
九溪司巡檢,巡檢,縣首領,2
翰林院侍讀廣東學政,,省級,2
員外郎武選司行走,,京官,2
縣丞駐店張鎮,縣丞,縣佐貳,2
特授分守督理湖南等處地方糧儲道,,省級,2
鎭守浙江杭州等處地方轄滿洲官兵將軍,,unknown,2
欽命織造管理滸墅鈔關,,省級,2
欽命織造府督理南北二關,,省級,2
？？司巡檢,巡檢,縣首領,2
鯰魚口巡檢,巡檢,縣首領,2
鎭守浙江金衢處等處地方總兵官,,武職,2
員外郎武庫司行走,,京官,2
特授分巡川東道兼轄重夔二府等處地方,,unknown,2
清軍撲盜同知,同知,府佐貳,2
城子鎭巡檢,巡檢,縣首領,2
特授分巡湖南辰沅永靖等處地方兵備道,,unknown,2
縣丞駐平城,縣丞,縣佐貳,2
特授副指挥,,unknown,2
魏家湾巡檢,巡檢,縣首領,2
镇守福建福州等处地方副都统,,unknown,2
分巡貴西兵備道管貴安土兵黔威等處地方兼轄各土司控制雲南鎮雄照通東川等處地方,,unknown,2
鎭守浙江乍浦等處地方副都統,,unknown,2
曹儀通判,通判,府佐貳,2
特授分巡河南陜汝道駐劄陜州,,unknown,2
分巡蘇松等處地方兵備道,,unknown,2
曹娥垻巡檢駐東閣驛,巡檢,縣首領,2
欽命翰林院侍讀學士提督廣西全省學政,,省級,2
翰林院侍读学士,,京官,2
曹娥巡檢兼東關馹,巡檢,縣首領,2
欽命翰林院侍講提督貴州全省學政,,省級,2
特授州？？？指揮,,京官,2
鎭守歸化城等處地方統轄東哨官兵都統,,unknown,2
太平汛巡檢,,武職,2
欽命鎮守京口地方兼管水師三營掌印副都統,,武職,2
高梁場巡檢,巡檢,縣首領,2
鎭守拉林阿爾楚卡等處地方副都統,,unknown,2
欽命鎮守署理江南江北壽春等處地方總兵官,,武職,2
兵部尚書兼都察院右都御史總督直隸等處兼管河道提督軍務粮餉紫荊密雲等關隘兼管巡撫事,,省級,2
日講起居注官文淵閣校理翰林院侍讀學士,,京官,2
日講起居注官文淵閣直閣事翰林院侍講學士,,京官,2
特授督理湖南驛傳鹽法道兼轄長寶二府等處地方,,省級,2
分駐古州理苗照磨,照磨,府首領,2
高橋司吏目管巡檢事,吏目,州首領,2
土知县,知縣,縣正印,2
分防社壇經歷,經歷,府首領,2
清源司巡檢,巡檢,縣首領,2
特授直隸永定等處地方河道駐劄固安,,省級,2
寳家寨巡検,,unknown,2
主事武選司武庫司行走,,京官,2
欽命馬館監督兵部職方司員外郎,,京官,2
分防同知駐漁洋,同知,府佐貳,2
興國場大使,,京官,2
分駐？？鎭督捕同知,同知,府佐貳,2
興平倉監督吏部堂主事,,京官,2
高才阪巡檢,巡檢,縣首領,2
管理？？？,,unknown,2
日講起居注官右春坊右庶子兼翰林院侍講,,京官,2
經歴兼管司獄事,,unknown,2
分駐江北？撲同知,同知,府佐貳,2
分駐塩塲里縣丞,縣丞,縣佐貳,2
興國場塩課大使,,京官,2
欽天監右監副加三品職銜食俸,,京官,2
分駐江北鎮理氏督捕同知,同知,府佐貳,2
分駐江北鎭理民督捕同知,同知,府佐貳,2
管界巡檢,巡檢,縣首領,2
乾壩巡檢,巡檢,縣首領,2
欽命都察院左副都御史提督福建全省學政,,省級,2
分防同知駐孝義川,同知,府佐貳,2
管糧縣丞駐漕？,縣丞,縣佐貳,2
特授敎授,教授,教職,2
欽命詹事府詹事兼翰林院侍讀學士提督江西全省學政,,省級,2
聚寶門宣課司大使,,京官,2
縣丞駐夹浦鎭,縣丞,縣佐貳,2
城門巡檢,巡檢,縣首領,2
黃雒司巡檢,巡檢,縣首領,2
聖惠鎮巡檢,巡檢,縣首領,2
日讲官起居注翰林院侍读,,京官,2
特授河南開歸等處督理通省驛鹽水利糧務道,,unknown,2
日讲官起居注翰林院侍读学士,,京官,2
特授廣東等處都轉鹽運使司鹽運使,,unknown,2
主事直隷司安徽司行走,,京官,2
日讲官起居注詹事府詹事兼翰林院侍读学士,,京官,2
清花逕巡檢,巡檢,縣首領,2
分理番民南坪巡検,,unknown,2
日講起居注官詹事府詹事山東學政,,省級,2
日講起居注官詹事府詹事,,京官,2
日講起居注官翰林院侍讀學士兼吏部考功司掌印事務,,京官,2
管粮水利通判,通判,府佐貳,2
分防同知駐劄中甸,同知,府佐貳,2
吳淞江巡檢,巡檢,縣首領,2
欽命都察院左副都御史提督山東全省學政,,省級,2
日講起居注官翰林院侍讀學士教習庶吉士,,京官,2
鎭守查哈爾等處地方副都統,,unknown,2
？？同知？？？？,同知,府佐貳,2
鎮守福建等處地方将军兼管綠旗事务,,unknown,2
主事浙江司行走,,京官,2
員外郎車鴐司行走,,京官,2
州判分駐五？,州判,州佐貳,2
胖子店巡検,,unknown,2
日講起居注官詹事府少詹事兼翰林院侍講學士,,京官,2
縣丞駐太滿,縣丞,縣佐貳,2
管粮縣丞駐漕？,縣丞,縣佐貳,2
分巡湖北等處地方督糧道,,省級,2
兵部尚書總督江南南河等處河道提督軍務兼都察院右都御史,,省級,2
翰林院侍講贵州學政,,省級,2
鎭守齊齊哈爾等處副都統,,unknown,2
熊嶽倉官,,京官,2
主簿兼管龍坪鎮巡檢,主簿,縣首領,2
太子少保兵部尚書兼都察院右都御史總督湖北湖南等處地方軍務兼理粮餉,,省級,2
鎭安司巡檢,巡檢,縣首領,2
鎭守熱河等處地方副都統,,unknown,2
鎮守直隸宣化府統轄十二城堡等處地方掛印總兵官,,武職,2
署鎭守直隸宣化府統轄十二城堡等處地方掛印總兵官,,武職,2
欽命經筳講官都察院左都御史提督順天等處地方學政,,省級,2
長安巡檢,巡檢,縣首領,2
照磨駐？丹？,照磨,府首領,2
鴻臚寺卿兼理,,京官,2
照磨駐樟樹鎭,照磨,府首領,2
東臺水利同知,水利同知,府佐貳,2
渌口司巡檢,巡檢,縣首領,2
署镇守山西太原等处地方总兵官,,unknown,2
欽命經筵官工部左侍郎提督順天等處地方學政,,省級,2
縣丞駐楊巷鎭,縣丞,縣佐貳,2
分巡延建邵等地方道,,unknown,2
分巡延建邵等處地方馹傳道,,省級,2
周同管主簿事,,unknown,2
山陽管河縣丞,縣丞,縣佐貳,2
太子太師東閣大學士兼兵部尚書仍管陝甘總督事務,,省級,2
東塲司巡檢,巡檢,縣首領,2
鎭守湖廣襄陽等處地方總兵官,,武職,2
羅家渡巡檢,巡檢,縣首領,2
分巡廣東惠潮嘉等處地方兵備道,,unknown,2
？？內閣侍讀,,京官,2
羅塘巡檢,巡檢,縣首領,2
鎭守湖廣鎭筸統轄辰沅二協永保五筸各土司等處地方總兵官,,武職,2
東岱北？巡檢,巡檢,縣首領,2
欽命縂督倉塲户部右侍郎,,unknown,2
粮捕同知駐陽高,同知,府佐貳,2
黃浦司巡檢,巡檢,縣首領,2
周羅寨巡検,,unknown,2
粉壁寨巡檢,巡檢,縣首領,2
欽命禮部左侍郎提督江蘇全省學政,,省級,2
分巡川南永寕地方道轄叙瀘資等府州駐劄瀘洲,,unknown,2
鎭守黑龍江齊齊哈爾等處地方副都統,,unknown,2
焦糊巡檢,巡檢,縣首領,2
東？水利同知,水利同知,府佐貳,2
署理給事,,unknown,2
東？？？所大使駐？？,,京官,2
欽命禮部右侍郎提督浙江全省學政,,省級,2
分巡川南永寕馹務道轄叙瀘資等府州駐劄瀘洲,,unknown,2
山西等處提刑按察使司按察使統辖全省馹傳事務,,unknown,2
鎭守黑龍江等處將軍,,unknown,2
縣丞駐永和裏,縣丞,縣佐貳,2
松江批驗大使,,京官,2
烏魯木齊同知,同知,府佐貳,2
粮捕水利州判駐？？関,州判,州佐貳,2
分巡川南永寕馹務道轄叙瀘資等府州駐劄瀘州,,unknown,2
小徵村巡檢,巡檢,縣首領,2
粮捕水利同知,同知,府佐貳,2
鎭守黑龍江齊齊哈等處地方副都統,,unknown,2
太子少保兵部尚書兼都察院右都御史總督直隸等處兼管河道提督軍務粮餉紫荊密雲等關隘兼管巡撫事,,省級,2
粮捕水利同知駐淅川,同知,府佐貳,2
署經筵講官内閣學士兼禮部侍郎正藍旗蒙古副都統兼管太常寺稽察中書科事務,,京官,2
黃泥灣巡檢,巡檢,縣首領,2
綏定城巡検,,unknown,2
主簿移駐西埠鎮,主簿,縣首領,2
照磨兼管廣育倉事,照磨,府首領,2
東阿屯屯田,,unknown,2
長墩司巡検,,unknown,2
署理鎮守烏魯木齊等處地方都統副都統銜,,unknown,2
鎮守直隸天津統轄永薊通河涿州營路等處地方總兵官,,武職,2
欽命管理福建關稅務都統將軍,,unknown,2
山西道监察御史,,京官,2
分巡川南永寧道轄敘瀘資等府州駐永寧衛,,unknown,2
？撲通判,通判,府佐貳,2
兼理员外郎,,京官,2
分巡建昌上南等處地方道,,unknown,2
鎮守直隸熱河等處地方副都統,,unknown,2
粮务水利县丞,縣丞,縣佐貳,2
主事車鴐司行走,,京官,2
鳯凰营巡檢,,武職,2
縣丞駐斜塘鎭,縣丞,縣佐貳,2
鳳凰城通事關,,unknown,2
分巡河陜汝道駐劄陜州,,unknown,2
主事銜主簿,主簿,縣首領,2
縣丞駐愉林灣,縣丞,縣佐貳,2
分巡河陜汝地方兼水利道駐劄陝州,,unknown,2
鎭江府水利通判,通判,府佐貳,2
杉木和巡検,,unknown,2
主事陝西司行走,,京官,2
李浪塲主簿,主簿,縣首領,2
李淸店巡檢,巡檢,縣首領,2
岢橋馹丞兼巡檢事,,雜職,2
鳯凰城通事官,,unknown,2
東厰大使,,京官,2
粉？寨巡検,,unknown,2
欽命總督倉場戶部右侍郎,,省級,2
分巡清河道轄保定正定等處,,省級,2
鳯中帮領運千總,,武職,2
九江後帮領運千總,,武職,2
分巡清河道兼轄保定正定等處地方,,省級,2
城口塲主簿,主簿,縣首領,2
木洞鎭巡檢,巡檢,縣首領,2
分巡淸河道轄保定正定等處地方,,省級,2
岳山巡検,,unknown,2
鎭守湖北彝陵宜昌等處地方管辖營衛土司總兵官,,武職,2
鎮守福建延建等處地方駐劄福寧府總兵官,,武職,2
鎭遠司巡検,,unknown,2
典籍兼新建？？？监督,,京官,2
本裕倉監督刑部員外,,京官,2
分巡河陜汝兼水利道駐劄陝州,,unknown,2
李渡塲主簿,主簿,縣首領,2
鎮守直隸熱河等處副都統,,unknown,2
清軍鹽政糧捕通判,糧捕通判,府佐貳,2
分巡松茂道等處地方駐劄茂州,,unknown,2
清軍總捕水利同知,水利同知,府佐貳,2
山陽裡河縣丞,縣丞,縣佐貳,2
主事？？司行走,,京官,2
山陽裡河主簿,主簿,縣首領,2
太湖同知司獄,司獄,府首領,2
羅防司巡檢,巡檢,縣首領,2
欽命總理七省漕務兼管糧儲河道稅務又兼管銅務戶部坐糧廳吏部郎中,,省級,2
主簿借補北鄉司巡檢,巡檢,縣首領,2
黃盧巡檢,巡檢,縣首領,2
山陽縣？家堰主簿,主簿,縣首領,2
山陽縣高家？主簿,主簿,縣首領,2
鳳凰經歴,,unknown,2
兼理南河塘務,,unknown,2
粮塩捕通判,通判,府佐貳,2
羊口巡檢,巡檢,縣首領,2
分巡歸綏兵備道總理旗民蒙古事務,,unknown,2
清軍糧捕通判,通判,府佐貳,2
羊塲塘巡檢,巡檢,縣首領,2
兼主事,,京官,2
鎮守直隸山海關等處地方副都統,,省級,2
分巡歸綏兵備道總理旗民蒙古事務駐綏遠,,unknown,2
粮塩捕盜水利通判駐？？？,通判,府佐貳,2
鎭守湖廣㐮陽等處地方總兵官,,武職,2
縣丞駐新城,縣丞,縣佐貳,2
粮塩捕盜水利通判駐？,通判,府佐貳,2
鎭守湖南永州統轄衡寳二協臨武宜章桂陽武岡等處地方控制猺彝總兵官,,武職,2
典籍兼新建？？？監督,,京官,2
翰林改授同知,同知,府佐貳,2
分巡河南開歸陳許等處兼理河務兵備道,,unknown,2
鳳凰廳訓導,訓導,教職,2
撫州所守禦,,武職,2
縣丞駐顧家？,縣丞,縣佐貳,2
揚河通判駐高郵州,通判,府佐貳,2
？丘坛奉祀,,unknown,2
石坡司巡檢,巡檢,縣首領,2
郎中軍功,,京官,2
镇守浙江杭州等处地方副都统,,unknown,2
廬洪市巡檢,巡檢,縣首領,2
督標中軍副將軍兼管左營事,,武職,2
豊沽庫大使,,京官,2
鎮守江南蘇松等處地方總理沿海水師總兵官,,武職,2
龍江関塩課大使,,京官,2
豊國鎭巡檢,巡檢,縣首領,2
三山司巡检,巡檢,縣首領,2
嘎拉河屯？？通判,通判,府佐貳,2
巡抚兼理提督统辖全省等处地方军务节制各镇,,省級,2
龍池司巡檢,巡檢,縣首領,2
右司掌印滿雲麾使,,武職,2
靈爾根城倉官,,京官,2
維摩州同駐劄邱北,州同,州佐貳,2
督理永州通判,通判,府佐貳,2
豊鎭厛巡檢駐劄張？？,巡檢,縣首領,2
右所掌所事漢雲麾使署佐領,,武職,2
靈壁管河主簿,主簿,縣首領,2
流河駟丞管巡檢事,,unknown,2
郎中掌文選司印,,京官,2
廣西等處提刑按察使司按察使統辖全省馹傳事務,,unknown,2
郎中司行走,,京官,2
郎中兼？？？,,京官,2
郎中兼？封？,,京官,2
廣西正考官,,unknown,2
豊鎮廰巡檢駐張？兒,巡檢,縣首領,2
督理江西通省塩法道兼管瑞袁臨等處馹務,,unknown,2
廣西副主考,,unknown,2
巡撫兼理塩課海防轄蘇松常鎭徽五府廣德州江西廣信等處,,省級,2
督撲同知,同知,府佐貳,2
州？？？大使事,,京官,2
靑州分司運同駐天津府,,unknown,2
鎮守廣東廣州等處將軍統轄滿漢八旗水師營？旗四營官兵,,武職,2
省溪長官司州同,,土司,2
靑鎮司巡檢,巡檢,縣首領,2
州同？？州判事,州判,州佐貳,2
請旨督理蘇松常鎭太粮儲道分巡蘇州兼管水利事務,,省級,2
右侍郎正黄旗滿洲副都統兼理光祿寺事務,,京官,2
鎮守廣東廣州等處將軍統轄滿漢八旗水師四營官兵,,武職,2
請旨督理蘇松常鎮太糧儲道分巡蘇州兼管水利事務,,省級,2
請旨督理貴州淸軍粮儲道兼管貴平石仁等處地方,,省級,2
請旨督理貴州淸軍粮儲道兼管貴平石仁等處馹務,,省級,2
右侍郎江蘇學政,,省級,2
郭店驛丞,,雜職,2
請旨督理貴州淸軍粮儲道管貴平石仁等處地方,,省級,2
縣丞借補司獄,司獄,府首領,2
大埠理苗州同,州同,州佐貳,2
？？？？總撲同知,同知,府佐貳,2
經筵日講起居注官御前大臣太子太保領侍衛內大臣文華殿大學士文淵閣提舉閣事管理吏部戶部刑部理藩院戶部三庫事務總管內務府大臣翰林院掌院學士教習庶吉士管理御船處上駟院武備院嚮導處事務鑲黄旗滿洲都統總理健銳營圓明園八旗內府三旗官兵大臣步軍統領,,京官,2
州同？？？？盐课大使事,州同,州佐貳,2
請旨福建等處塩法道兼理福厰船工事務,,unknown,2
右侍郎署兵部左侍郎,,京官,2
龍江關宣課大使,,京官,2
縣丞借補主簿,主簿,縣首領,2
睢寧管河同知,同知,府佐貳,2
安陵巡檢,巡檢,縣首領,2
三岔馹丞管巡檢事,,雜職,2
靑石関閲檢,,unknown,2
請旨長蘆都轉塩運使司運使加敕管塩法道事,,unknown,2
鑾駕內庫漢整儀尉世襲恩騎尉,,武職,2
学録,,unknown,2
經筵日講起居注官御前大臣太子太保領侍衛內大臣文華殿大學士文淵閣提舉閣事管理吏部戶部刑部理藩院戶部三庫事務總管內務府大臣翰林院掌院學士教習庶吉士管理上駟院武備院御船處？導處事務鑲黃旗滿洲都統總理健銳營圓明園八旗內府三旗官兵大臣步軍統領,,京官,2
讀祝官筆帖式兼樂部行走,,京官,2
巡撫兼理塩課海防轄蘇松常鎮徽五府廣德州江西廣信等處,,省級,2
巡撫兼理塩課轄山西河東塩課陜西大小二池兼河南等處汝州直隷潼関,,省級,2
廣濟？兼巡檢事駐？？,巡檢,縣首領,2
巡撫山西太原等處地方兼理提督統轄全省等處地方軍務節制各鎮,,省級,2
廟湾大？巡檢,巡檢,縣首領,2
任城衛領運千總,,武職,2
內閣中書科中書,,京官,2
七級上下閘官,,雜職,2
洪州伯甲長官司州同,,土司,2
廓鎮巡檢,巡檢,縣首領,2
廊鎮巡檢,巡檢,縣首領,2
右衛領運千總,,武職,2
巡撫山西太原等處兼理提督統轄全省等處地方軍務節制各鎮,,省級,2
廂黃旗,,旗籍誤填,2
督運千總,,武職,2
經筵講官起居注太子太保東閣大學士兼管吏部刑部事務仍兼管翰林院掌院學士事教習庶吉士,,京官,2
廂紅旗,,旗籍誤填,2
康？？塩課大使,,京官,2
巡撫山西太原等處地方兼理提督統辖全省軍務節制各鎮,,省級,2
嚴門司巡檢,巡檢,縣首領,2
知縣？？？？？大使事,知縣,縣正印,2
知縣？？？？鹽課大使事,知縣,縣正印,2
象所闲散满治仪正,,unknown,2
康店巡檢,巡檢,縣首領,2
知縣？？？？大使,知縣,縣正印,2
康家渡塩課大使,,京官,2
象桐寨巡檢,巡檢,縣首領,2
司务厅司务,,京官,2
內閣中書兼管司經局正字,,京官,2
知縣？？？井場鹽課事,知縣,縣正印,2
府？管吏目事,,unknown,2
知事兼管庫務事,知事,府首領,2
府赶借補典史,典史,縣首領,2
經筵講官內大臣都察院左都御史鑲黃旗蒙古都統,,京官,2
督糧同知,同知,府佐貳,2
郎中兼佐領,,武職,2
豊？鄉巡檢,巡檢,縣首領,2
巡撫兼理提督統轄全省等處地方軍務節制各鎮兼中公佐領,,省級,2
督理江西通省驛傳鹽法道兼巡瑞袁臨等處地方,,省級,2
右所闲散满整仪尉,,unknown,2
右所闲散满治仪正,,unknown,2
鎮守江南江寧等處副都統,,unknown,2
郎中兼考功司事,,京官,2
江西道监察御史,,京官,2
廣武庄巡檢,巡檢,縣首領,2
廣武巡檢,巡檢,縣首領,2
右春坊右贊善兼翰林院檢討,,京官,2
巡撫兼理提督統轄全省等處地方軍務節制各鎭並駐防滿营官兵,,省級,2
右春坊右贊善兼翰林院檢討湖北學政,,省級,2
豐國鎮巡檢,巡檢,縣首領,2
知？？？？？？大使事,,京官,2
廣東等處提刑按察使司按察使統辖全省馹傳事務,,unknown,2
四明馹丞管巡檢事,,雜職,2
督粮道库大使,,省級,2
豐濟倉大使,,京官,2
三官寨巡檢,巡檢,縣首領,2
郎中兼江西司事,,京官,2
知？？？？场盐课大使事,,京官,2
廣東學政,,省級,2
安豊巡檢,巡檢,縣首領,2
巡撫兼理提督統轄全省軍務節制各鎭,,省級,2
豐縣主簿,主簿,縣首領,2
三品执事官,,unknown,2
吏目偕補司巡檢,吏目,州首領,2
經筵日講起居注官領侍衛內大臣文華殿大學士文淵閣提舉閣事管理吏部戶部刑部理藩院御前大臣太子太保戶部三庫事務總管內務府大臣翰林院掌院學士教習庶吉士管理上駟院武備院御船處嚮導處事務鑲黄旗滿洲都統總理健銳營圓明園八旗內府三旗官兵大臣步軍統領,,京官,2
經筵日講起居注官領侍衛內大臣文華殿大學士文淵閣提舉閣事管理吏部戶部刑部理藩院御前大臣太子太保戶部三庫事務總管內務府大臣翰林院掌院學士教習庶吉士管理御船處上駟院武備院？導處事務鑲黃旗滿洲都統總理健銳營圓明園八旗內府三旗官兵大臣步軍統領,,京官,2
大井塩課大使,,京官,2
廣信所守禦,,武職,2
鎮守廣東廣州等處地方左翼總兵官,,武職,2
彭家鎮巡檢,巡檢,縣首領,2
學習鳴贊,,京官,2
請旨分巡直隷天津河間等處地方兼管河務兵備道,,unknown,2
宗学教习正红旗,,京官,2
都察院左副都御史山東學政,,省級,2
御醫官首領？事,,京官,2
御醫管首領㕔事,,京官,2
青橋馹丞兼巡檢事,,雜職,2
復姓知事,知事,府首領,2
青石関巡檢,巡檢,縣首領,2
鎮守廣東廣州等處地方副都統,,unknown,2
宗学教习镶红旗,,京官,2
浮山司巡檢,巡檢,縣首領,2
盐运司经历,,省級,2
宗学教习镶蓝旗,,京官,2
盐课提举司提举,,unknown,2
青藍頭巡檢,巡檢,縣首領,2
青州分司運同駐天津府,,unknown,2
石浦巡撿,,unknown,2
盗捕海防同知,同知,府佐貳,2
御前行走總管內務府大臣正白旗漢軍都統正黄旗護軍統領管理太僕寺事務固倫額附,,京官,2
御前行走內務府大臣正白旗漢軍都統正黄旗護軍統領管理太僕寺事務崇文門正監督固倫額附,,京官,2
三義巡檢,巡檢,縣首領,2
請旨分巡蘭州道専管蘭州管理屯田茶馬事務駐蘭州,,省級,2
請旨分巡蘭州道専轄蘭州管理屯田茶馬事務駐蘭州,,省級,2
大嵩場鹽課大使事,,京官,2
右侍郎兼管太常寺樂部廂藍旗满洲副都統公中佐領,,京官,2
？？？？大使,,京官,2
青州分司運同駐劄天津府,,unknown,2
镇守归化城等处地方副都统,,unknown,2
大島？巡檢,巡檢,縣首領,2
請旨分巡迆東道管轄曲廣開東昭澂廣等處地方駐劄尋甸州,,unknown,2
御前大臣太子少保領侍衛内大臣恊辦大學士提統伊犁等處地方將軍三等？？公,,武職,2
御前大臣太子少保領侍衛內大臣戶部尚書總管內務府大臣管理？？？事務正白旗滿洲都統公中佐領,,京官,2
州同駐美良,州同,州佐貳,2
請旨分巡温處兵備道兼管水利事務駐温州府,,unknown,2
史村馹丞,,雜職,2
青龍渡巡檢,巡檢,縣首領,2
州同駐奠良,州同,州佐貳,2
盆亭巡檢駐廟湾,巡檢,縣首領,2
亭座漢整儀尉兼佐領,,武職,2
总捕海防同知,同知,府佐貳,2
經筵日講起居注官太子太保文淵閣大學士文淵閣領閣事兼吏部尚書翰林院掌院學士管理稽查上諭事件處,,京官,2
州同駐彛良,州同,州佐貳,2
益塘水利通判,通判,府佐貳,2
州同駐彝良,州同,州佐貳,2
縣丞分防貢水,縣丞,縣佐貳,2
江南副主考,,unknown,2
思管？巡檢,巡檢,縣首領,2
海口巡檢,巡檢,縣首領,2
思管鎭巡檢,巡檢,縣首領,2
三角澱管河通判,通判,府佐貳,2
縣丞兼管？通？事,縣丞,縣佐貳,2
龍勝州巡検,,unknown,2
石灣司巡檢,巡檢,縣首領,2
忠俼里巡検,,unknown,2
青陽鎮巡檢,巡檢,縣首領,2
宗學教習正紅旗,,旗籍誤填,2
請旨分巡海汀漳龍等處馹傳兵備道,,unknown,2
請旨分巡海興泉永等處兵備道監放兵餉管轄海政駐廈門,,unknown,2
縣丞兼管興田馹,縣丞,縣佐貳,2
盐捕通判,通判,府佐貳,2
德勝巡檢,巡檢,縣首領,2
德勝坡巡檢,巡檢,縣首領,2
請旨分巡淸河道轄保定正定等處地方,,省級,2
循化廳復設訓導,復設訓導,教職,2
循化廰訓導,訓導,教職,2
吏目管呂城巡檢事,吏目,州首領,2
州同駐陽平關,州同,州佐貳,2
兩嶺口上？巡檢,巡檢,縣首領,2
經筵日講起居注官太子太保議政大臣武英殿大學士文淵閣領閣事管理兵部刑部戶部三庫事務翰林院掌院學士教習庶吉士御前大臣領侍衛內大臣管理廂黄旗满洲都統誠謀英勇公,,京官,2
四氏學敎授,教授,教職,2
右侍郎廂白旗漢軍副都統,,旗籍誤填,2
州同駐？慶州,州同,州佐貳,2
右侍郎廂紅旗漢軍副都統,,旗籍誤填,2
浙江道监察御史,,京官,2
石嶺関巡檢兼成晋馹,巡檢,縣首領,2
右侍郎廂黃旗滿洲副都統,,旗籍誤填,2
江寕司巡检,巡檢,縣首領,2
孟村巡撿,,unknown,2
徐州帮領運千總,,武職,2
州同駐？東三岔鎭,州同,州佐貳,2
右侍郎文淵閣直閣事浙江正主考,,unknown,2
安？理事同知,理事同知,府佐貳,2
江寜鎭巡檢,巡檢,縣首領,2
鎮守廣東廣州等處副都統,,unknown,2
鑾儀衞鑾儀使,,京官,2
江安糧道庫大使,,省級,2
镇守归化城等处地方统辖东哨官兵都统,,unknown,2
後所閑散滿整儀尉,,武職,2
右侍郎正紅旗滿洲副都統,,旗籍誤填,2
江寧織造筆帖式,,省級,2
請旨督理江西通省驛傳塩法道兼巡瑞袁臨等處地方,,unknown,2
江峪塘巡檢,巡檢,縣首領,2
待诏,,unknown,2
請旨督理浙江通省糧儲漕務道,,unknown,2
？？？？照磨,照磨,府首領,2
直隸等處提刑按察使司按察使,,unknown,2
大塩池塩課大使,,京官,2
往流集巡检,巡檢,縣首領,2
彰潮分界巡檢,巡檢,縣首領,2
江村司巡検,,unknown,2
三橋鎭巡檢,巡檢,縣首領,2
石景山同知專司河務,同知,府佐貳,2
御前大臣太子少保領侍衛內大臣恊辦大學士吏部尚書正黄旗漢軍都統伊犁將軍,,京官,2
縣丞兼管大通驛站事,縣丞,縣佐貳,2
請旨分巡迆西兵備道管轄大楚永景順麗蒙永等處地方按察使銜,,unknown,2
御前大臣太子少保領侍衛內大臣吏部尚書廂黃旗漢軍都統伊犁將軍,,京官,2
御前大臣太子少保內大臣領侍衞內大臣協辦大學士吏部尚書正黄旗漢軍都統伊犁將軍,,京官,2
經筵日講起居注官太子太保議政大臣武英殿大學士文淵閣領閣事管理兵部刑部户部三庫事務翰林院掌院學士教習庶吉士御前大臣領侍衛内大臣管理廂黄旗满洲都統,,京官,2
請旨分巡迆西馹堡兵備道管辖大楚永景順麗蒙永等處地方,,unknown,2
揚河通判駐高邮州,通判,府佐貳,2
經筵日講起居注官太子太保議政大臣武英殿大學士文淵閣領閣事管理兵部刑部户部三庫事務翰林院掌院學士教習庶吉士御前大臣領侍衛内大臣管理廂黄旗滿洲都统,,京官,2
御前大臣太子太保文華殿大學士兼管兵部尚書事務,,京官,2
龍坪鎭巡檢,巡檢,縣首領,2
鎮守山西太原等處總兵官,,武職,2
監督户部員外郎,,京官,2
御前大臣内大臣議政大臣工部尚書署兵部尚書總管内務府大臣管理銮儀衛事務公中佐領,,京官,2
三河司巡檢,巡檢,縣首領,2
孝陵禮部奉祀掌關防郎中,,京官,2
龍山鎭巡檢,巡檢,縣首領,2
？？？？授知州,知州,州正印,2
吏目管下河寨巡檢,吏目,州首領,2
右侍郎兼管錢法堂事務,,unknown,2
盧？？？？？大使,,京官,2
御前侍衛議政大臣工部尚書和碩額駙掌鑾儀衛大臣署理兵部尚書事務,,京官,2
請旨分巡高廉等處地方兵俻道駐劄高州府,,unknown,2
阿城上下閘官,,雜職,2
御前侍衛正紅旗滿洲副都統管理光祿寺事務,,京官,2
大學士署理刑部尚書,,京官,2
縣丞兼管大通馹事,縣丞,縣佐貳,2
請旨山東等處督粮道兼管德常臨淸倉事務,,省級,2
浙江道監察禦史,,unknown,2
石梁巡檢,巡檢,縣首領,2
青山司巡檢,巡檢,縣首領,2
右侍郎兼鑲白旗滿洲副都統,,旗籍誤填,2
巡撫廣西等處地方提督軍務兼理粮餉兵部侍郎兼都察院右副都御史,,省級,2
雲落？巡検,,unknown,2
盆亭巡檢駐庙湾,巡檢,縣首領,2
左宗人奉恩輔國公,,unknown,2
左司掌印滿雲麾使,,武職,2
同知駐朗岱,同知,府佐貳,2
通判駐小鎮安,通判,府佐貳,2
經筵講官太子少保東閣大學士管理禮部事務仍兼戶部事務管理稽查欽奉上諭事件處,,京官,2
陳陽巡檢,巡檢,縣首領,2
同知駐太義鎮,同知,府佐貳,2
知縣管富國場塩課大使,知縣,縣正印,2
儲濟倉監督太常寺贊禮郎,,京官,2
通判駐安海,通判,府佐貳,2
左帮領運千總,,武職,2
陜西等處承宣布政使司布政使,,unknown,2
同知駐劄？？,同知,府佐貳,2
（土乍）坪司巡檢,巡檢,縣首領,2
左所掌所事漢雲麾使,,武職,2
知縣管縣丞事駐？？？,知縣,縣正印,2
巡視南城吏科掌印給事中,,京官,2
左侍郎镶白旗满洲副都統,,unknown,2
左侍郎鑲黄旗滿洲副都統,,旗籍誤填,2
左侍郎鑲黃旗滿洲副都統,,旗籍誤填,2
鎮守歸化城等處地方副都統,,unknown,2
左侍郎鑲白旗漢軍副都統,,旗籍誤填,2
通判駐正陽鎭,通判,府佐貳,2
通衢巡検,,unknown,2
經筵講官吏部左侍郎兼管欽天監監正事務,,京官,2
知縣管崇明巡塩大使事,知縣,縣正印,2
？？？？？？？？？官,,unknown,2
左侍郎正黃旗滿洲副都統,,旗籍誤填,2
巡視南城掌陝西道監察御史,,京官,2
陪祀冠軍使,,武職,2
左侍郎廂黄旗滿洲副都統,,旗籍誤填,2
左侍郎廂黃旗滿洲副都統,,旗籍誤填,2
河南學政,,省級,2
同知駐劄耶岱,同知,府佐貳,2
河南后帮领运千总,,unknown,2
左春坊左贊善兼翰林院編修,,京官,2
己醜科散館檢討,,京官,2
沙灣司巡檢,巡檢,縣首領,2
波羅里大崗巡検,,unknown,2
巨流河巡檢,巡檢,縣首領,2
巨流河口巡檢,巡檢,縣首領,2
左院判,,unknown,2
通判移駐南昭,通判,府佐貳,2
巡視北城工科掌印給事中,,京官,2
經筵講官協辦大學士吏部尚書监管國子監事務,,京官,2
复设敎諭,復設教諭,教職,2
鎮守江北狼山統轄盧鳳淮揚滁和等處地方總兵官,,武職,2
通判駐五曹,通判,府佐貳,2
通判駐剳水城,通判,府佐貳,2
知縣管西路場塩課大使,知縣,縣正印,2
知縣管西路場塩課事,知縣,縣正印,2
左所閒散滿治儀尉,,unknown,2
左春坊左贊善兼翰林院檢討,,京官,2
知縣管大塩池塩課大使事,知縣,縣正印,2
同知駐剳？卓,同知,府佐貳,2
左春坊左中允兼翰林院編修,,京官,2
通判駐劄馬家林,通判,府佐貳,2
隆廟巡檢,巡檢,縣首領,2
通遠驛丞兼管巡檢事,,雜職,2
河南前帮领运千总,,unknown,2
知縣管大洲？鹽課事,知縣,縣正印,2
通判駐劄？江口,通判,府佐貳,2
巡視北城禮科給事中,,京官,2
同知駐劄烏鎭,同知,府佐貳,2
左所闲散满云麾使,,unknown,2
經筵講官工部尚書兼管順天府府尹事務,,京官,2
左侍郎廂藍旗蒙古副都統,,旗籍誤填,2
左侍郎廂藍旗滿洲副都統,,旗籍誤填,2
壬戌科编修,,unknown,2
通州分司鹽運判,,unknown,2
經筵講官太子太保武英殿大學士文淵閣領閣事管理兵部刑部事務禦前大臣領侍衛內大臣管理廂黃旗滿洲都統,,京官,2
工部侍郎盛京副都統,,京官,2
經筵講官太保保和殿大學士兼管吏部戶部理藩院事務管理三庫事御前大臣議政大臣領侍衛內大臣總理步軍統領事總管內務府大臣事,,京官,2
經筵講官太子太保東閣大學士兼管工部尚書事務,,京官,2
陝西等處提刑按察使司按察使司按察使,,unknown,2
陝西等處提刑按察使司按察使,,unknown,2
䭾廬巡檢,巡檢,縣首領,2
知縣管清泉場鹽課大使事,知縣,縣正印,2
通判？？岸門大？？,通判,府佐貳,2
陝西等處承宣布政使司布政使,,unknown,2
河神同知,同知,府佐貳,2
信陽巡檢駐泊子鎭,巡檢,縣首領,2
巡視西城禮科掌印給事中,,京官,2
陝西等處承宣佈政使司布政使,,unknown,2
巡視西城掌貴州道監察御史,,京官,2
工部員外郞,,京官,2
知縣管海砂場塩課大使,知縣,縣正印,2
通州大運西倉監督户部員外郎,,京官,2
經筵講官太子太保御前大臣議政大臣文華殿大學士兼管兵部尚書事務,,京官,2
經筵講官太子太保工部尚書兼正紅旗滿洲都統,,京官,2
巡視西城掌京畿道監察御史,,京官,2
巡視東城掌廣東道監察御史,,京官,2
河溶鎭巡檢,巡檢,縣首領,2
經筵講官太子太保吏部尚書協辦大學士事務,,京官,2
河泊所官,,雜職,2
巡視西城兵科掌印給事中,,京官,2
通政使司副使仍兼鴻臚寺卿,,京官,2
知縣管水師營？大使事,,武職,2
河東解塩西塲塩大使,,京官,2
知縣管永嘉場鹽課大使,知縣,縣正印,2
知縣管戊腳場鹽課事,知縣,縣正印,2
工部尚书,,京官,2
左侍郎廂紅旗漢軍副都統,,旗籍誤填,2
丁丑科编修,,unknown,2
鎮守拉林阿爾楚卡等處地方副都統,,unknown,2
陪祀冠军使,,武職,2
知縣管康家渡鹽課事,知縣,縣正印,2
左侍郎安徽學政,,省級,2
河南等處提刑按察使司按察使,,unknown,2
通判駐緬寧,通判,府佐貳,2
左侍郎兼管順天府府尹,,unknown,2
經筵講官太保保和殿大學士一等忠勇公兼管吏部戶部理藩院事務管理三庫事禦前大臣議政大臣領侍衙內大臣協理步軍統領事總管內務府大臣事,,京官,2
河南道事监察御史,,京官,2
左侍郎兼管樂部事務,,unknown,2
同知駐？？？,同知,府佐貳,2
通判駐臨落關,通判,府佐貳,2
左侍郎兼管太常寺正卿中佐領,,京官,2
通判駐西寨,通判,府佐貳,2
左侍郎兼管光祿寺事務兼管火藥局正白旗满洲副都統公中佐領,,京官,2
知縣管復設敎諭事,知縣,縣正印,2
知縣管廣積倉大使,知縣,縣正印,2
通清倉大使,,京官,2
左侍郎兼內務府總管,,京官,2
知縣管廣積庫,知縣,縣正印,2
河南道事監察御史兼巡察通州漕務,,京官,2
鎮守普洱沅威等處總兵官,,武職,2
通判駐龍州,通判,府佐貳,2
經筵講官太保保和殿大學士一等忠勇公兼管吏部戶部理藩院事務管理三庫事禦前大臣議政大臣領衙所內大臣協理步軍統領事總？內務府大臣,,京官,2
河陰縣學教諭,教諭,教職,2
工部尚書鑲白旗漢軍都統,,京官,2
工部尚書管理奉宸苑事務總管内務府大臣,,京官,2
通判駐？渡,通判,府佐貳,2
河陰司巡檢,巡檢,縣首領,2
通判駐？？,通判,府佐貳,2
巡視北城吏科給事中,,京官,2
儲濟倉監督戶部員外郎,,京官,2
安興司巡檢,巡檢,縣首領,2
洋溪鎮巡檢,巡檢,縣首領,2
知縣管？？場鹽課,知縣,縣正印,2
赤石巡檢,巡檢,縣首領,2
吏目借補正陽鎮巡檢,巡檢,縣首領,2
陕西提刑按察使司按察使統轄全省馹傳事務,,unknown,2
四叨縣丞兼管巡檢事,縣丞,縣佐貳,2
經筵講官稽察中書科事務內閣學士兼禮部侍郎,,京官,2
雲安厰塩課大使,,京官,2
陜西提刑按察使司按察使統轄全省馹傳事務,,unknown,2
夏陽巡檢,巡檢,縣首領,2
沂蒙海贛同知,同知,府佐貳,2
巡检管典史事,巡檢,縣首領,2
洑牛司巡检,巡檢,縣首領,2
邳北河務同知,同知,府佐貳,2
知縣管？？？大使事,知縣,縣正印,2
鎮守江南江北狼山統轄廬鳳淮揚四府滁和二州等處地方總兵官,,武職,2
光福鎭巡檢,巡檢,縣首領,2
平靖関三里店巡檢,巡檢,縣首領,2
赫穴口巡檢,巡檢,縣首領,2
吉安崇順巡檢,巡檢,縣首領,2
？？？？？？同知,同知,府佐貳,2
知县管？？库大使事,知縣,縣正印,2
平邢巡檢,巡檢,縣首領,2
四品官,,unknown,2
巡檢分駐思茅兼管司獄事,巡檢,縣首領,2
巡檢官典史事,典史,縣首領,2
光福巡檢,巡檢,縣首領,2
吉安所守禦,,武職,2
經筵講官兵部尚書正藍旗满洲都統,,京官,2
巡檢管吏目事,巡檢,縣首領,2
鎮守廣東高雷廉三府等處地方水陸官兵控制土司守禦總兵官,,武職,2
泰陵？？？？？？,,unknown,2
知县管县丞事,知縣,縣正印,2
汾湖司巡檢,巡檢,縣首領,2
鎮守江南江寕京口等處地方將軍兼管漢軍綠旗事,,unknown,2
安福所守禦,,武職,2
貓霧巡檢,巡檢,縣首領,2
吏目借補高泉司巡檢,巡檢,縣首領,2
知縣？墩場塩課大使,知縣,縣正印,2
貴州副主考主事,,京官,2
知事移駐？通府,知事,府首領,2
洛口批騐所大使,,京官,2
雲落鄉巡檢,巡檢,縣首領,2
知事粮馬通判駐劄通州,知事,府首領,2
府經借補典史,典史,縣首領,2
知事駐牛街,知事,府首領,2
貴州正主考,,unknown,2
知事？？白塔河巡檢,巡檢,縣首領,2
司員,,unknown,2
府丞兼奉天等處提督學正,學正,教職,2
七帮领运千总,,unknown,2
雲州縣丞,縣丞,縣佐貳,2
司官,,unknown,2
庚辰科散館檢討,,京官,2
鎮守廣東碣石鎮等處總兵官,,武職,2
七家？同知管巡檢事,同知,府佐貳,2
貴州等處提刑按察使司按察使統辖全省馹傳事務,,unknown,2
鎮守廣東雷瓊水陸等處地方總兵官,,武職,2
庙子角巡檢,巡檢,縣首領,2
巡撫貴州全省等處地方提督軍務節制通省兵馬兵部侍郎兼都察院右副都御史,,省級,2
經筵講官議政大臣禮部尚書兼管樂部太常寺鴻臚寺事務兼鑲紅旗漢軍都統佐領,,京官,2
經筵講官議政大臣禮部尚書兼管樂部太常寺鴻臚寺事務兼鑲紅旗漢軍都統世襲三等輕車都尉左領,,京官,2
賍罸庫司庫,,京官,2
賒旗佑巡檢,巡檢,縣首領,2
四川等處提刑按察使司按察使統轄全省驛傳事務,,unknown,2
司狱管經歷事,司獄,府首領,2
知县？？？？大使,知縣,縣正印,2
吉拱同知,同知,府佐貳,2
龍門巡檢,巡檢,縣首領,2
知縣改授州判,州判,州佐貳,2
知縣借補州同,州同,州佐貳,2
泰州分司鹽運判,,unknown,2
同理巡檢,巡檢,縣首領,2
吏目借補十二都巡檢,巡檢,縣首領,2
辛巳科編修,,京官,2
經筵講官御前大臣太子太保議政大臣領侍衛内大臣文華殿大學士兼吏部尚書管理户部事務文淵閣提舉閣事兼管吏部尚書事務管理理藩院總管内務府大臣管理上駟院武備院御船處嚮道處事務正白旗满洲都統總理健鋭营圆明園八旗内府三旗官兵大臣步軍統領,,京官,2
巡視中城禮科掌印給事中,,京官,2
龍陵鎮巡檢兼管司獄事,巡檢,縣首領,2
沙湾司巡検,,unknown,2
陜甘提塘,,unknown,2
布政司理问,,省級,2
同知管水利事,同知,府佐貳,2
知縣備補縣丞,知縣,縣正印,2
泥？河巡檢,巡檢,縣首領,2
經筵講官左侍郎順天學政,,省級,2
常丰仓大使,,京官,2
運漕鎭巡檢,巡檢,縣首領,2
經筵講官左侍郎鑲黄旗满洲副都統公中佐領,,武職,2
龍？司巡檢,巡檢,縣首領,2
布政使司经历,經歷,府首領,2
布政使司經歷,經歷,府首領,2
布政使倉大使,,京官,2
知縣管雙德場鹽課大使事,知縣,縣正印,2
知縣管雙德場鹽課,知縣,縣正印,2
市漢巡檢,巡檢,縣首領,2
同知管粮塩總捕水利事,同知,府佐貳,2
吏目借補典史事,典史,縣首領,2
沙溪巡檢,巡檢,縣首領,2
巴河鎭巡檢,巡檢,縣首領,2
巡視北城刑科給事中,,京官,2
知縣借補州判,州判,州佐貳,2
鎮守廣西左江南太泗梧思明等處地方轄漢土官兵總兵官,,武職,2
平晴陽？興店巡檢,巡檢,縣首領,2
知縣管龍頭場鹽課大使事,知縣,縣正印,2
經筵講官東閣大學士兼禮部尚書管理禮部事務教習庶吉士,,京官,2
光禄寺卿,,unknown,2
知州留任知縣,知州,州正印,2
平岡司巡檢,巡檢,縣首領,2
經筵講官文淵閣直閣事禮部尚書,,京官,2
知州管州同事,知州,州正印,2
吏目借補同安司巡檢,巡檢,縣首領,2
何舍巡檢,巡檢,縣首領,2
巡檢？林水馹丞事,巡檢,縣首領,2
巡視中城京畿道監察御史,,京官,2
泰陵妃圓寢讀祝官,,京官,2
趙？司巡檢,巡檢,縣首領,2
七品小京官祠祭司行走,,京官,2
吉臨右翼助教,,京官,2
七品小京官湖廣司行走,,京官,2
巡視中城河南道監察御史,,京官,2
知州駐剳明州,知州,州正印,2
巡視中城刑科給事中,,京官,2
吉臨左翼助教,,京官,2
經筵講官户部尚書,,unknown,2
泰陵妃園寝陵讀祝官,,京官,2
沙木巡檢,巡檢,縣首領,2
陕西道監察御史,,京官,2
佳里寨巡檢,巡檢,縣首領,2
知府管同知事,知府,府正印,2
巡視中城户科給事中,,京官,2
常年倉大使,,京官,2
光祿寺少卿四川學政,,省級,2
軍粮州判駐南甸,州判,州佐貳,2
常州帮领运千总,,unknown,2
总理屯田乌鲁木齐副都统,,unknown,2
內閣掌印典籍誥勅撰文中書舍人,,京官,2
永隆太平巡檢,巡檢,縣首領,2
阜寕庙湾大套巡檢,巡檢,縣首領,2
下邾司巡檢,巡檢,縣首領,2
社水陸？巡検,,unknown,2
塘樓鎮巡檢,巡檢,縣首領,2
提督四川全省軍務節制各鎮提調漢士官兵,,unknown,2
掌印中書合人力,,京官,2
関陽鎭巡檢,巡檢,縣首領,2
喀喇河屯巡檢,巡檢,縣首領,2
社水鎮巡檢,巡檢,縣首領,2
縣丞管兩淮白塔河巡檢事,縣丞,縣佐貳,2
瓜州鎭巡検,,unknown,2
縣丞移駐平海,縣丞,縣佐貳,2
鎮守鶴麗永北嚴蘭等處控制漢土官兵總兵官,,武職,2
州同管縣丞事駐四女寺,州同,州佐貳,2
两淮白塔河巡検,,unknown,2
州同管州？事,州同,州佐貳,2
礶口巡檢,巡檢,縣首領,2
黄龍鎭巡檢,巡檢,縣首領,2
請旨分守安㐮鄖兵備道兼管水利事務駐劄㐮陽府,,unknown,2
州同管縣丞駐羌北？,州同,州佐貳,2
理上督捕同知駐明江,同知,府佐貳,2
黄龍鎮巡檢,巡檢,縣首領,2
掌云南道事监察御史,,京官,2
題直隷永定等處地方河道駐劄固安,,省級,2
黄？口巡檢,巡檢,縣首領,2
社水陸？巡檢,巡檢,縣首領,2
理事同知駐剳乍浦,同知,府佐貳,2
西溪税課司大使,,雜職,2
調整飭巴里坤分巡鎭迪粮務兵備道兼轄哈密関展烏魯木齊木壘等處事務,,unknown,2
鎮守雲南永北等處地方提調漢土官兵控制蠻彛總兵官,,武職,2
掌印经历,經歷,府首領,2
鎮守雲南騰越等處地方控制土司苗彝轄衛所總兵官,,武職,2
水利淸軍同知駐王封村,同知,府佐貳,2
採石巡檢,巡檢,縣首領,2
詹事府詹事,,京官,2
西路捕盗駐蘆溝橋兼保定府同知分辖涿房良宛等四州縣,同知,府佐貳,2
提牢,,unknown,2
黄陂站巡檢,巡檢,縣首領,2
吏目管澱山巡檢事,吏目,州首領,2
鎮守安龍統轄長安普永等處地方總兵官,,武職,2
南湯鎭巡檢,巡檢,縣首領,2
鎮守雲南鶴麗永北嚴蘭等處地方控制漢土官兵總兵官,,武職,2
西路同知司？？？？？,同知,府佐貳,2
掌印理事官兼佐領,,武職,2
唐？鎭巡檢,巡檢,縣首領,2
額外主簿,主簿,縣首領,2
水利糧務縣丞,縣丞,縣佐貳,2
額外主事管理督？所,,京官,2
理？軍民同知,同知,府佐貳,2
調整飭巴里坤分巡鎭迪粮務兵備道兼轄哈密闢展烏魯木齊木壘等處事務,,unknown,2
鎮守江西南贛吉袁臨寕等地方總兵官,,武職,2
掌印员外郎,,京官,2
鉛山所守禦,,武職,2
請旨分守常鎭通等處地方道,,unknown,2
六帮领运千总,,unknown,2
捕盜通判駐？？？？？,通判,府佐貳,2
題分巡松茂等處地方兵備道駐劄茂州,,unknown,2
甘草司巡撿,,unknown,2
掌福建道事监察御史,,京官,2
海防同知駐沙州,同知,府佐貳,2
州同管銅山縣丞事,州同,州佐貳,2
福建道监察御史,,京官,2
縣丞分駐？？,縣丞,縣佐貳,2
班劍司掌印滿雲麾使,,武職,2
婁順巡檢,巡檢,縣首領,2
題分巡松茂等處地方馹務兵備道駐劄茂州,,unknown,2
塩捕同知駐南部縣,同知,府佐貳,2
国子监司业,,unknown,2
題分巡松茂等處地方兵備道按察使銜駐劄茂州,,unknown,2
塩務通判,通判,府佐貳,2
塩捕同知駐南郷縣,同知,府佐貳,2
請旨分守濟東泰武臨道兼管所屬馹傳水利事務辖濮平高三州,,unknown,2
大龍馬馹丞,,雜職,2
海防同知駐劄紹興,同知,府佐貳,2
甲子巡検,,unknown,2
按察使司经历,經歷,府首領,2
州同管長樂司巡檢事,州同,州佐貳,2
水師提督兼管福建台湾等處地方掛印總兵官,,武職,2
大理寺右寺丞,,京官,2
經歷？？？？事,經歷,府首領,2
請旨分守登萊靑整飭海防兼管水利兵備道,,unknown,2
鎮守黑龍江齊齊哈爾等處副都統,,unknown,2
富新倉監督吏部員外郞,,京官,2
甘肅等處提刑按察使司按察使統辖全省馹傳事務,,unknown,2
鎮守黑龍江齊齊哈爾市等處地方副都統,,unknown,2
関展巡檢,巡檢,縣首領,2
饒州所守禦,,武職,2
捕盜同知駐？？？,同知,府佐貳,2
捕盜同知駐麥嶺,同知,府佐貳,2
吏目管薩拉？巡檢事,吏目,州首領,2
理上明江同知,同知,府佐貳,2
兵部侍郎兼都察院右副都御史巡撫江西南昌等處地方提督軍務兼理粮餉,,省級,2
海防同知駐金山,同知,府佐貳,2
琅井鹽課提舉司提舉,,unknown,2
縣丞甲馬營巡檢事,,武職,2
首領㕔,,unknown,2
題分巡貴東古州兵備道轄黎都鎭思銅思等處馹務,,unknown,2
縣丞改授教諭,教諭,教職,2
六塘河務同知駐高家溝,同知,府佐貳,2
提督會同四譯館禮部郎中兼鴻臚寺少卿,,京官,2
塩塲司巡檢,巡檢,縣首領,2
捕盗同知駐建南鎭,同知,府佐貳,2
富新倉監督吏部員外郎,,京官,2
捕盗同知駐劄麥嶺,同知,府佐貳,2
亦？孔驛丞兼管巡檢事,,雜職,2
州同管豐縣主簿,主簿,縣首領,2
提督江南全省等處地方軍務,,unknown,2
甘肅等處地方提刑按察使司按察使,,unknown,2
大鎗岺巡檢,巡檢,縣首領,2
闲散满整仪尉,,unknown,2
請旨分巡廣饒九南兼管水利馹傳兵備道駐劄饒州府,,unknown,2
掌江南道事监察御史,,京官,2
大黃江口巡檢,巡檢,縣首領,2
掌貴州道監察禦史,,unknown,2
掌江西道事監察禦史,,unknown,2
南里郷巡検,,unknown,2
海防船政同知,同知,府佐貳,2
西？場塩課大使,,京官,2
掌江西道事监察御史,,京官,2
掌江南道監察禦史,,unknown,2
兵部侍郎兼都察院右副都御史巡撫山東等處地方督理管田兼理軍務兼公巾佐將,,省級,2
兵部侍郎兼都察院右副都御史巡撫山東等處地方督理管田兼理軍務,,省級,2
理事軍民同知,同知,府佐貳,2
福建副主考,,unknown,2
富岡場鹽課大使,,京官,2
福建學政,,省級,2
塔爾巴哈台大臣,,unknown,2
掌陕西道監察御史,,京官,2
角斜場鹽課大使,,京官,2
歸化場鹽課大使,,京官,2
州同管杜勝集巡檢事,州同,州佐貳,2
縣丞移駐金門,縣丞,縣佐貳,2
威遠清餉同知,同知,府佐貳,2
理氏督捕同知駐江北鎮,同知,府佐貳,2
理事督捕同知,同知,府佐貳,2
理民通判,通判,府佐貳,2
祿米倉監督兵部員外郎,,京官,2
掌江西道監察禦史,,unknown,2
掌河南道事监察御史,,京官,2
武？同知兼管水利駐武？,同知,府佐貳,2
理事？？,,unknown,2
吏目管舊州巡檢事,吏目,州首領,2
掌湖廣道事監察禦史,,unknown,2
掌湖廣道事監察御史稽察正藍旗蒙古旗務,,旗籍誤填,2
武陽巡檢,巡檢,縣首領,2
南路捕盜駐黃村兼河間府同知分轄霸保文大固永東大等八州縣,同知,府佐貳,2
掌湖广道事监察御史,,京官,2
海防軍民同知駐陸豊碣石鎮,同知,府佐貳,2
掌浙江道監察禦史,,unknown,2
？？馹丞兼巡檢事,,雜職,2
掌福建道監察禦史,,unknown,2
掌浙江道事稽察宗人府監察御史,,京官,2
鎮守雲南臨元澂江等處地方總兵官,,武職,2
縣丞移駐？？,縣丞,縣佐貳,2
吏目管興濟鎮巡檢事,吏目,州首領,2
吏目管舊縣兼巡檢事,吏目,州首領,2
掌貴州道事監察御史稽查內務府事務,,京官,2
鎮守奉天熊嶽等處副都統,,unknown,2
掌河南道監察禦史,,unknown,2
南路捕盜駐黄村兼河間府同知分轄霸保交大固永東大等八州縣,同知,府佐貳,2
海防車民同知,同知,府佐貳,2
鎮守雲南永順等處地方控制土司苗彜轄衛所總兵官,,武職,2
鎮守雲南貴州昭東雄威等處地方總兵官,,武職,2
掌廣西道監察禦史,,unknown,2
博茂塲塩課大使,,京官,2
水利同知駐張蘭鎮,同知,府佐貳,2
縣丞移駐海防,縣丞,縣佐貳,2
鎮守奉天地方統領滿兵將軍,,unknown,2
掌四川道事監察禦史,,unknown,2
？？？同知,同知,府佐貳,2
掌四川道事监察御史,,京官,2
毛楊鎮巡檢,巡檢,縣首領,2
掌司事漢治儀正世襲騎都尉,,武職,2
掌司事漢治儀正世襲輕車都尉,,武職,2
金山驛丞,,雜職,2
水利主簿,主簿,縣首領,2
海防捕盜同知駐佛山,捕盜同知,府佐貳,2
理事同知駐？？鎭,同知,府佐貳,2
闢展巡檢,巡檢,縣首領,2
理事官掌经歴司印,,unknown,2
黄河水利同知,水利同知,府佐貳,2
掌右所事漢雲麾使兼佐領,,武職,2
理苗通判駐劄都江,通判,府佐貳,2
南湾司巡檢,巡檢,縣首領,2
神樂署正,,京官,2
額外司務文選司行走,,京官,2
許村場鹽課大使,,京官,2
鎮守奉天錦州等處地方副都統兼管莊糧捕牲驛站大淩河牧場總管事務,,unknown,2
掌印郎中兼考功司行走,,京官,2
两浙江南等處塩法都轄塩運使司塩法道駐劄省城,,unknown,2
神宣？巡檢,巡檢,縣首領,2
掌四川道監察禦史,,unknown,2
两浙寕紹塩運副使,,unknown,2
州同管清河縣丞事,州同,州佐貳,2
掌山东道事监察御史,,京官,2
州同管江安粮道庫大使事,,省級,2
州同管江安？？庫大使事,州同,州佐貳,2
理猺同知,同知,府佐貳,2
掌廣東道監察禦史,,unknown,2
掌陝西道監察禦史,,unknown,2
亦資孔馹丞兼管巡檢事,,雜職,2
理事官兼辦庫務,,unknown,2
掌广西道事监察御史,,京官,2
掌广东道事监察御史,,京官,2
卭水蛮夷正長官司,,土司,2
理事官佐領兼經歴司,,武職,2
掌山西道監察禦史,,unknown,2
黄茅司巡檢,巡檢,縣首領,2
理瑤同知駐劄紅華,同知,府佐貳,2
卭水？？正長官司,,土司,2
南澚海防軍民同知,同知,府佐貳,2
掌山西道事监察御史,,京官,2
掌山東道監察禦史,,unknown,2
南澚司巡檢,巡檢,縣首領,2
經筳講官左侍郎,,unknown,2
金旺司巡檢,巡檢,縣首領,2
掌雲南道監察禦史,,unknown,2
原鳯中二帮領運千總,,武職,2
請旨分守登萊靑整飭處海防兼管水利兵備道,,unknown,2
鎮守定海舟山等地方總兵官,,武職,2
鎮守黑龍江齊齊哈等處將軍,,unknown,2
州同管？？場塩課大使事,州同,州佐貳,2
八品笔帖式,,京官,2
白石巡檢,巡檢,縣首領,2
古寨巡檢駐魯甸,巡檢,縣首領,2
銮儀衞銮儀使,,unknown,2
白苑司巡檢駐昊甫鎮,巡檢,縣首領,2
白苑川巡檢駐昊甫鎮,巡檢,縣首領,2
孝东陵员外郎,,京官,2
白茆巡檢,巡檢,縣首領,2
孝慶川經歴管巡檢事,,unknown,2
懷化馹丞,,雜職,2
請旨分巡岳常澧道管理巴陵等處馹站駐劄澧州,,unknown,2
嘉刚鎮巡檢,巡檢,縣首領,2
州同管？？？大使事,州同,州佐貳,2
提督貴州學正掌山西道監察禦史,學正,教職,2
塩捕州判駐豊谷井,州判,州佐貳,2
州同管？？？盐课大使,州同,州佐貳,2
都寧司巡檢,巡檢,縣首領,2
兵部侍郎兼都察院右副都御史巡撫湖南等處地方提督軍務管理粮餉,,省級,2
？？？馹丞兼管巡檢事,,雜職,2
州同管？？？鹽課大使,州同,州佐貳,2
鎮守山東靑州等處地方副都統,,unknown,2
提督銜鎭守四川重慶等處地方提調漢土官兵總兵官,,武職,2
請旨分巡川北兵備道轄保潼順等處地方按察使銜,,unknown,2
上圭市巡檢,巡檢,縣首領,2
提督銜鎭守甘肅肅州等處地方掛印總兵官,,武職,2
海運倉監督禮部員外,,京官,2
請旨分巡山東兖沂曹濟兼管馹傳水利黄河等處地方兵備道,,unknown,2
永平巡檢,巡檢,縣首領,2
海運倉監督鴻臚寺鳴贊,,京官,2
户部主事,,京官,2
請旨分巡四川通省淸軍塩茶道轄成綿等處馹務,,unknown,2
吏目管張三營巡檢事,,武職,2
黑井鹽課提舉司提舉,,unknown,2
八疊嶺司巡檢,巡檢,縣首領,2
上清鎮巡檢,巡檢,縣首領,2
大洪嶺巡檢,巡檢,縣首領,2
石？巡檢管司獄事,巡檢,縣首領,2
中堂司巡検,,unknown,2
西司掌印滿雲麾使,,武職,2
請旨分巡安肅等處地方兵俻道撫治番彝兼管肅鎭屯田事務駐劄肅州,,unknown,2
提督福建全省陸路等處地方軍務節制各鎭總兵官駐劄泉州府,,武職,2
？？？通判,通判,府佐貳,2
請旨分巡安肅等處地方兵備道撫治番彝兼管肅鎭屯田事務駐劄肅州,,unknown,2
海運倉監督邢部員外郎,,京官,2
鎮守雲南楚姚蒙景等處地方總兵官,,武職,2
八帮领运千总,,unknown,2
石頭港巡檢,巡檢,縣首領,2
黑龍江理刑司主事,,京官,2
州同管？？州判事,州同,州佐貳,2
西厰大使,,京官,2
兵部侍郎兼都察院右副都御史巡撫湖北等處地方總督軍務兼理糧餉,,省級,2
提督福建陸路等處總兵官,,武職,2
提督貴州全省軍務管轄漢土官兵控制苗彜總兵官,,武職,2
請旨分巡川北兵備道轄保潼順等處地方馹務,,unknown,2
西半壁山巡撿,,unknown,2
海河主簿,主簿,縣首領,2
提舉管通判事,,unknown,2
都察院左都御史正白旗蒙古都統,,京官,2
兩浙鹽運司將盈庫大使,,省級,2
鐘漢司巡檢,巡檢,縣首領,2
悦城鄉巡檢,巡檢,縣首領,2
亭座汉整仪尉,,unknown,2
吏目管大通巡檢事,吏目,州首領,2
石角營巡檢,,武職,2
孝賢皇后園寢郎中,,京官,2
馬底鎮巡檢,巡檢,縣首領,2
叩莊司巡檢,巡檢,縣首領,2
宗學教習鑲藍旗,,旗籍誤填,2
南北岸通判駐碭山,通判,府佐貳,2
馬嶺山巡檢,巡檢,縣首領,2
国子监祭酒,,unknown,2
皂？司巡檢,巡檢,縣首領,2
可度巡檢兼倘？二馹,巡檢,縣首領,2
恊辦主事？佐領,,武職,2
塩捕水利同知駐沙？,水利同知,府佐貳,2
永阜會大使,,京官,2
宗學教習鑲紅旗,,旗籍誤填,2
縣丞管多倫諾爾巡檢事,縣丞,縣佐貳,2
揚河江防河務同知,同知,府佐貳,2
总督仓场户部右侍郎世袭轻车都尉,,unknown,2
总督仓场户部右侍郎,,unknown,2
宗學教習鑲黃旗,,旗籍誤填,2
中壩場巡檢,巡檢,縣首領,2
提督銜鎮守河南河北等處地方總兵官,,武職,2
提督陜西固原等處地方總兵官,,武職,2
玉環清軍總捕同知,同知,府佐貳,2
慤惠皇貴妃園寝讀祝官,,京官,2
革輅漢整儀尉,,武職,2
州同駐三角澱,州同,州佐貳,2
阜寧粮河縣丞,縣丞,縣佐貳,2
閒散整儀尉,,武職,2
請旨分巡川東馹務兵備道兼轄重夔二府忠逹酉三州,,unknown,2
古藺州巡檢,巡檢,縣首領,2
慈樂寨巡検,,unknown,2
請旨分巡川東馹務兵備道兼轄重夔二府忠達酉三州,,unknown,2
鎮遠司巡檢,巡檢,縣首領,2
玉環清軍粮捕同知,同知,府佐貳,2
正大营巡檢,,武職,2
州同駐三足？,州同,州佐貳,2
百丈？？巡检,巡檢,縣首領,2
兩淮都轉鹽運使,,unknown,2
州同移駐溪口,州同,州佐貳,2
南厰大使,,京官,2
鎮守陝西西寧臨鞏地方轄漢土番回掛印總兵官,,武職,2
州同駐八陽,州同,州佐貳,2
鎮守江南駐劄京口沿江沿海等處左翼副都統,,unknown,2
嘉明鎮巡檢,巡檢,縣首領,2
上下二峝巡檢,巡檢,縣首領,2
齊奏官,,unknown,2
户部侍郎,,unknown,2
掌湖廣道監察禦史,,unknown,2
登寧場塩課大使,,京官,2
大烏虚巡檢,巡檢,縣首領,2
頭等侍衞上行走鎮守福建,,武職,2
南新倉監督禮部員外郎,,京官,2
八賦巡檢,巡檢,縣首領,2
頭儀同知,同知,府佐貳,2
正陽鎭巡檢,巡檢,縣首領,2
上陳驛兼巡檢事,,unknown,2
吏目管際門巡檢事,吏目,州首領,2
抱？井塩課大使,,京官,2
請旨分巡兵備道轄安徽寧池太廣德州等處駐蕪湖縣,,unknown,2
兵部侍郎兼都察院右副都御史巡撫湖北等處地方提督軍務兼理粮餉,,省級,2
拓洋巡檢,巡檢,縣首領,2
界？司巡檢,巡檢,縣首領,2
提督福建全省水師軍務統轄彭臺水師總兵官,,武職,2
塩捕同知駐朱仙鎭,同知,府佐貳,2
富田司巡检,巡檢,縣首領,2
硇州巡檢,巡檢,縣首領,2
白旗堡巡檢,巡檢,縣首領,2
上罔司巡檢,巡檢,縣首領,2
托克托通判,通判,府佐貳,2
提督甘肅安西等處地方總統哈密防務駐劄烏魯木齊,,unknown,2
孔？鎭巡檢,巡檢,縣首領,2
海防兼？塩捕同知,同知,府佐貳,2
富田巡檢,巡檢,縣首領,2
鎮守陵鎮等處地方總兵官駐劄馬蘭關,,武職,2
參議,,unknown,2
里耶垻巡檢,巡檢,縣首領,2
鎮守寧古塔吉臨烏喇等處將軍,,unknown,2
吏目管首領廳事,吏目,州首領,2
州同管靳家口閘官事,州同,州佐貳,2
鎮守寧古塔地方副都統,,unknown,2
参议,,unknown,2
黄？？巡檢,巡檢,縣首領,2
兵部侍郎兼都察院右副都御史巡撫浙江等處地方提督軍務兼理糧餉,,省級,2
大？岭巡检,巡檢,縣首領,2
大？嶺巡檢,巡檢,縣首領,2
上陳馹兼巡檢,巡檢,縣首領,2
州同管五港？口巡檢,州同,州佐貳,2
里田舖巡檢,巡檢,縣首領,2
銮仪卫銮仪使,,unknown,2
碑鎮西嶺口上巡檢,巡檢,縣首領,2
縣丞分駐烏灘,縣丞,縣佐貳,2
提督甘肅等處地方節制各鎮總兵官,,武職,2
招寧司巡檢,巡檢,縣首領,2
兵部侍郎兼都察院右副都御史巡撫河南等處地方提督軍務兼理河道督理營田,,省級,2
醫士管首領廳事,,京官,2
京畿道监察御史,,京官,2
户部左侍郎管理府尹事務,,unknown,2
鎮守雲南普洱沅威等處地方總兵官,,武職,2
州同管？縣縣丞事,州同,州佐貳,2
提督福建全省水師軍務統轄澎臺水師總兵官,,武職,2
鎮守江西南贛吉袁臨等處地方總兵官,,武職,2
户部尚書,,unknown,2
經歷駐？富州,經歷,府首領,2
鎮守雲南曲潯武霑等處地方總兵官,,武職,2
白水鎭巡檢,巡檢,縣首領,2
海門社巡檢,巡檢,縣首領,2
宜溝？兼管巡檢事,,unknown,2
鎮江府水利通判,通判,府佐貳,2
請旨分巡吉南贑寕兼管水利馹傳兵備道駐劄贑州府,,unknown,2
永安市巡檢,巡檢,縣首領,2
請旨分守登萊青整飭海防兼管水利兵備道,,unknown,2
户部右侍郎署理左侍郎事務,,unknown,2
南州巡検,,unknown,2
宣浦馹丞兼管巡檢事,,雜職,2
紫泥巡检,巡檢,縣首領,1
？寜管河縣丞,縣丞,縣佐貳,1
經歷？補按察司司獄,,省級,1
？命總理？省山東等處塩法都轉鑑別運使司運使兼塩法道,,unknown,1
？安鎭沿海巡検,,unknown,1
經歷駐普聽塘,經歷,府首領,1
經筵講官協辦大學士刑部尚書翰林院掌院學士兼管？部事務兼內務府？？官兼管三？？？,,京官,1
？林鎭巡檢,巡檢,縣首領,1
糧鹽水利通判,通判,府佐貳,1
經江口巡檢,巡檢,縣首領,1
經筵講官吏部尚書署理提督九門步軍統領事,,京官,1
？同管洲判事,,unknown,1
？子鎭巡檢,巡檢,縣首領,1
經筵講官太保保和殿大學士一等忠勇公兼管吏部戶部理藩院事務管理三庫事御前大臣議政大臣領侍衙內大臣協理步軍統領事總管內務府大臣事,,京官,1
镇守四川川北等处地方总兵官,,unknown,1
鎮守湖北荊州地方都統將軍,,unknown,1
經歷管主簿事,經歷,府首領,1
镇守江南江宁等处左翼副都统,,unknown,1
镇守江南驻扎京口沿江沿海等处右翼副都统,,unknown,1
經營,,武職,1
經筵講官協辦大學士刑部尚書翰林院？院學士教習庶起士仍管戶部事務內務府總管兼三庫事務,,京官,1
鎮守江西南贛吉袁臨寧等處總兵官,,武職,1
鎮守湖北彝陵宜昌等處地方轄營衛土司總兵官,,武職,1
？和？？通判駐拓林,通判,府佐貳,1
龙门思巡检,巡檢,縣首領,1
經筵講官太保保和殿大學士一等忠勇公兼管吏部戶部理藩院事務管理三庫事御前大臣議政大臣領侍衞內大臣協理步軍統領事總管內務府大臣事,,京官,1
？標中軍副將,,武職,1
經筵講官協辦大學士吏部尚書,,京官,1
經筵講官太保保和殿大學士一等忠勇公兼管吏部戶部理藩院事務管理三庫事御前大臣議政大臣總管內務府大臣？？步軍統領事總管內務府大臣事,,京官,1
镇守墨尔根等处地方副都统,,unknown,1
镇守四川建昌等处地方提督汉土官兵军卫土司总兵官,,unknown,1
經筳日講官起居注太子少師恊辦大學士吏部尚書兼翰林院掌院學士,,京官,1
紅梅巡檢,巡檢,縣首領,1
經筵講官地居注太子太保東閣大學士兼管兵部尚書事務仍兼管學院學士事,,京官,1
？林改授知縣,知縣,縣正印,1
經筵講官地居注太子太保東閣大學士兼管兵部尚書兼管學院學士事敎習庶吉士,,京官,1
經筳講官右侍郎,,unknown,1
镇守江南江北狼山统辖庐凤淮扬四府滁和二州等处地方总兵官,,unknown,1
？桥巡检驻金山卫,巡檢,縣首領,1
經筵講官協辦大學士吏部尚書兼管國子監事,,京官,1
經筳講官協辦大學士吏部尚書兼管國子監事務,,京官,1
經筵講官太保保和殿大學士兼管吏部戶部理藩院事務管理三庫事御前大臣議政大臣領侍衛內大臣總理步軍統領事增管內務府大臣事,,京官,1
（氵+丙）州塩大使,,京官,1
鎮守正定順廣大地方總兵官,,武職,1
镇守广东广州等处地方副都统,,unknown,1
鎮守浙江黃嚴等處總兵官,,武職,1
鎮守永州等處控制猺彝總兵官,,武職,1
鎮守泰寕陵鎮轄易州紫荊馬水沿河捕樊廣等處營制總兵官,,武職,1
紅梯鎮巡檢,巡檢,縣首領,1
經筵講官吏部尚書,,京官,1
（新設）淮北鹽摯同知,同知,府佐貳,1
經筳日講起居注太子少時恊辦大學士吏部尚書兼翰林院掌院事,,京官,1
鎮守永順等處控制土司苗？轄衛所總兵官,,武職,1
镇守山西大同统辖雁门三关等处地方挂印总兵官,,unknown,1
經歷管？通庫大使事,經歷,府首領,1
（土+太）夏巡檢,巡檢,縣首領,1
經筳講官兵部尚書敎習庶吉士,,京官,1
鎮守永北等處提調漢土官兵控制蠻？總官兵,,unknown,1
經筳講官兵部尚書正藍旗满洲都統,,京官,1
紅巡檢梯關,巡檢,縣首領,1
經歷管巨流河巡檢事,經歷,府首領,1
？曹縣丞駐七寳鎮,縣丞,縣佐貳,1
鎮守江西南贛吉袁臨寧等處地方總兵官,,武職,1
？壁管河主簿,主簿,縣首領,1
經歷管餘西場鹽課,經歷,府首領,1
镇守广东右翼南韶等处地方总兵,,unknown,1
？太分防查村縣丞,縣丞,縣佐貳,1
（土+乍）坪司巡检,巡檢,縣首領,1
？林镇巡检,巡檢,縣首領,1
鎮守歸化城等處副都統,,unknown,1
經歷駐巧家營,,武職,1
經筵講官吏部尚書管理咸安宮？？？？奉上？？？？？玉牒館國？館？？？鑲黃旗滿洲都？？正紅？？…？？,,京官,1
經筳講官兵部左侍郎兼管國子監祭酒事兼正白旗副都統教習庶吉士,,京官,1
镇守四川成都等处地方副都统,,unknown,1
經歷駐安順州管？？事,經歷,府首領,1
糧？通判,通判,府佐貳,1
經歷駐剳朵巧家營,,武職,1
鎮守查哈爾等處地方都統將軍仍兼管阿爾軍臺軍務奉恩輔國公,,unknown,1
經筵講官太保保和殿大學士兼管吏部戶部事務管理九門步軍統領事禦前大臣議政大臣總管內務府大臣管理理藩院事務一等忠勇公,,京官,1
經筵講官太子太保協辦大學士吏部尚書,,京官,1
镇守四川重庆等处地方提调汉土官兵总兵官,,unknown,1
經筳講官刑部尚書兼理樂部大臣,,京官,1
？堰通判,通判,府佐貳,1
經筵講官太子太保協辦大學士史部尚書,,武職,1
經筵講官吏部尚書兼正黃旗滿洲都統,,京官,1
？安場巡檢兼管水利,巡檢,縣首領,1
經筵講官協辦大學士吏部尚書教習庶起士,,京官,1
經筵講官太子太保協辦大學士事務吏部尚書,,京官,1
經筵講官太保保和殿大學士一等忠勇公兼管吏部戶部理藩院事務管理三庫事禦前大臣議政大臣領侍？內大臣協理步軍統領事總管內務府大臣事,,京官,1
經筵講官太保太和殿大學士兼管吏部戶部理藩院事務管理三庫事御前大臣議政大臣領侍衛內大臣總理步軍統領事總管內務府大臣事,,京官,1
？守四川建昌等處地方提調漢土官兵軍衛土司總兵官,,武職,1
？奎文閣典緒,,unknown,1
鎮守江北狼山統轄盧鳳淮揚滁和等處總兵官,,武職,1
經筵講官協辦大學士吏部尚書監管國子監事務,,京官,1
（新設）淮南儀所監摯同知,同知,府佐貳,1
鎮守歸化城等處地方副都綂,,unknown,1
鎮守汀延邵等處總兵官,,武職,1
經筵講官右侍郎文淵閣直閣事,,unknown,1
龜潮浦巡檢,巡檢,縣首領,1
鎮守江西南贛吉袁臨寧等地方總兵官,,武職,1
镇守四川松潘等处地方提调汉土官兵控制苗彝总兵官,,unknown,1
經筵講官太保保和殿大學士兼管吏部戶部理藩院事務管理？？事御前大臣議政大臣領侍衛內大臣總理步軍統領事總管內務府大臣事,,京官,1
經筵講官右侍郎正白旗蒙古副都統,,旗籍誤填,1
镇守江南江宁等处右翼副都统,,unknown,1
經筵講官右侍郎督理京省銭盗兼署吏部侍郎事務,,京官,1
經筵講官右侍郎順天學政,,省級,1
經筳講官兵部尚書,,京官,1
镇守广东广州等处地方将军管满汉八旗水师绿旗四营官兵散秩大臣和硕额驸,,武職,1
？塘司巡檢,巡檢,縣首領,1
（土敢）白塲塩課大使,,京官,1
經筵講官兵部右侍郎兼理禮部左侍事務,,京官,1
經筵講官兵部左侍郎,,京官,1
？仁？巡检,巡檢,縣首領,1
經筵日講起居注官御前大臣太子太保領侍衛內大臣文華殿大學士文淵閣提舉閣事管理吏部刑部理藩院戶部三庫事務總管內務府大臣翰林院掌院學士教習庶吉士管理御船處上駟院武備院御船處嚮導處事務鑲黄旗滿洲都統總理健銳營圓明園八旗內府三旗官兵大臣步軍統領,,京官,1
鎮守江寧統轄鎮江等處地方滿兵都統將軍,,unknown,1
？仁？巡檢,巡檢,縣首領,1
經筳講官起居注官太子太保議政大臣御前大臣領侍衞内大臣武英殿大學士兼管兵部刑部翰林院掌院學士敎習庶吉士廂黄旗满洲,,京官,1
經筳講官起居注官太子太保議政大臣武英殿大學士文淵閣領閣事管理兵部刑部户部三庫事務翰林院掌院學士敎習庶吉士御前大臣領侍衞内大臣管理？？？满洲都統,,京官,1
？府,,unknown,1
？惠皇貴妃園寢讀祝官,,京官,1
經筳講官起居注左侍郎管翰林院掌院學士兼內閣學士事務正紅旗滿洲副都統,,京官,1
經筵日講起居注官御前大臣太子太保領侍衛內大臣文華殿大學士文淵閣提舉閣事管理吏部刑部理藩院戶部三庫事務總管內務府大臣翰林院掌院學士教習庶吉士管理御船處上駟院武備院嚮導處事務鑲黄旗滿洲都統總理健銳營圓明園八旗內府三旗官兵大臣步軍統領,,京官,1
镇守广东碣石镇等处总兵官,,unknown,1
綏遠盈寧倉庫大使,,京官,1
經筵日講起居注官御前大臣太子太保領侍衛內大臣文華殿大學士文淵閣提舉閣事管理吏部刑部理藩院戶部三庫事務總管內務府大臣翰林院掌院學士教習庶吉士管理御船處上駟院武備院事務廂黄旗滿洲都統總理健銳營圓明園八旗內府三旗官兵大臣步軍統領,,京官,1
經歷兼管橫浦馹,經歷,府首領,1
？事,,unknown,1
經歷兼管横浦馹,經歷,府首領,1
镇守奉天等处地方统领满兵都统将军,,unknown,1
？授郎中,,京官,1
綏遠盈寧庫大使,,京官,1
經筳講官起居注禮部侍郎兼管翰林院？院學士？內閣學士事務正紅旗滿洲福都統敎習庶吉士,,京官,1
經筵日講起居注官工部尚書翰林院掌院學士教習太子少保文淵閣領閣事庶吉士稽查欽奉上諭事件處,,京官,1
經筳講官起居注禮部左侍郎兼內閣學士翰林院？？事務正紅旗滿洲副都統,,京官,1
鎮守浙江杭州等處地方轄滿漢官兵將軍,,unknown,1
經筵日講起居注官工部尚書翰林院掌院學士教習太子太保文淵閣領閣事庶吉士檢察欽？上諭事？處,,京官,1
鎮守浙江衢州等處地方官,,unknown,1
鎮守江南蘇松等處總理沿海水師總兵官,,武職,1
？底湾巡检,巡檢,縣首領,1
經筳講官起居注太子少師協辦大學士吏部尚書兼翰林院掌院學士,,京官,1
？丞管？河主？？？,,unknown,1
經筵日講起居注官御前大臣太子太保領侍衛內大臣文華殿大學士文淵閣領閣事兼提舉閣事管吏部戶部刑部理藩院太醫院藥房戶部三庫事務總管內務府大臣翰林院掌院學士教習庶吉士管理武備院御船處？導處事務廂黃旗滿洲都統總理健銳營圓明園八旗內府三旗官兵大臣步軍統領,,京官,1
（（請旨）督理蘇松常鎮四府糧儲道兼巡河槽等處,,省級,1
镇守山东兖州等处地方总兵官,,unknown,1
？州判？？？？,州判,州佐貳,1
鎮守江西南端撫建廣饒等處地方總兵官,,武職,1
經筵日講起居注官御前大臣太子太保領侍衛內大臣文華殿大學士文淵閣領閣事兼提舉閣事管理吏部戶部刑部理藩院戶部三庫事務總管內務府大臣翰林院掌院學士教習庶吉士管理上駟院武備院御船處嚮導處事務鑲黄旗滿洲都統總理健銳營圓明園八旗內府三旗官兵大臣步軍統領,,京官,1
镇守广东琼州水陆等处地方总兵官,,unknown,1
镇守拉林阿尔楚哈等处地方副都统,,unknown,1
？儀通判,通判,府佐貳,1
經歷兼管永豐倉事,經歷,府首領,1
經筵日講起居注官御前大臣太子太保領侍衛內大臣文華殿大學士文淵閣領閣事兼提舉閣事管理吏部戶部刑部理藩院太醫院藥房戶部三庫事務總管內務府大臣翰林院掌院學士教習庶吉士管理上駟院武備院御船處嚮導處事務廂黄旗滿洲都統總理健銳營圓明園八旗內府三旗官兵大臣步軍統領,,京官,1
镇守拉林等处地方副都统,,unknown,1
經筳講官起居注內閣學士兼翰林院掌院學士禮部侍郎兼管太常寺事務,,京官,1
經筵日講起居注官御前大臣太子太保領侍衛內大臣文華殿大學士文淵閣提舉閣事管理吏部戶部刑部理藩院太醫院戶部三庫事務總管內務府大臣翰林院掌院學士教習庶吉士管理御船處上駟院武備院嚮導處事務正白旗滿洲都統總理健銳營圓明園八旗內府三旗官兵大臣步軍統領,,京官,1
經筵日講起居注官御前大臣太子太保領侍衛內大臣文華殿大學士文淵閣領閣事兼提舉閣事管吏部戶部刑部理藩院太醫院藥房戶部三庫事務總管內務府大臣翰林院掌院學士教習庶吉士管理武備院御船處嚮導處事務廂黄旗滿洲都統總理健銳營圓明園八旗內府三旗官兵大臣步軍統領,,京官,1
經筵日講起居注官御前大臣太子太保領侍衛內大臣文華殿大學士文淵閣提舉閣事管理吏部户部刑部理藩院戶部三庫事務總管內務府大臣翰林院掌院學士教習庶吉士管理上駟院武備院御船處嚮導處事務鑲黄旗滿洲都統總理健銳營圓明園八旗內府三旗官兵大臣步軍統領,,京官,1
？州卫守备,,unknown,1
經筵日講起居注官御前大臣太子太保領侍衛內大臣文華殿大學士文淵閣提舉閣事管理吏部戶部刑部理藩院戶部三庫事務總管內務府大臣翰林院掌院學士教習庶吉士管理上駟院武備院御船處嚮導處事務鑲黄旗滿洲都統總理健銳营圓明園八旗內府三旗官兵大臣步軍統領,,京官,1
？撲州判駐？？,州判,州佐貳,1
經筵日講起居注官御前大臣太子太保領侍衛內大臣文華殿大學士文淵閣提舉閣事管理吏部戶部刑部理藩院太醫院戶部戶部三庫事務總管內務府大臣翰林院掌院學士教習庶吉士管理御船處上駟院武備院嚮導處事務鑲黄旗滿洲都統總理健銳營圓明園八旗內府三旗官兵大臣步軍統領,,京官,1
？州巡検,,unknown,1
鎮守浙江衢州等處總兵官,,武職,1
？丞管清涼河吏目,吏目,州首領,1
經筵日講起居注官御前大臣太子太保領侍衛內大臣文華殿大學士文淵閣提舉閣事管理吏部戶部刑部理藩院太醫院戶部三庫事務總管內務府大臣翰林院掌院學士教習庶吉士管理御船處上駟院武備院嚮導處事務鑲黄旗滿洲都統總理健銳營圓明園八旗內府三旗官兵大臣步軍統領,,京官,1
？州衛領運千總,,武職,1
綏遠知？？？,,unknown,1
經歷兼管批驗所,經歷,府首領,1
？判官管？主簿事,,unknown,1
綏遠？寧？？大使,,京官,1
經筵日講起居注官刑部？？協辦大學士內務府總管？？？？？？庫事務兼翰林院掌？學士教習庶起士,,京官,1
镇守奉天锦州等处地方副都统,,unknown,1
镇守宁古塔吉临乌喇等处都统将军,,unknown,1
？捕海防同知,同知,府佐貳,1
經筵日講起居注官太子太保議政大臣御前大臣領侍衛内大臣武英殿大學士兼管兵部刑部翰林院掌院學士教習庻吉士鑲黄旗满洲都統,,京官,1
經筵日講起居注官右侍郎兼鑲白旗滿洲副都統仍兼管翰林院掌院學士事務教習庶吉士,,京官,1
經歷兼稅務,經歷,府首領,1
經筵日講起居注官太子太保文淵閣大學士主文淵閣領閣事務？部尚書翰林院掌院學士管理稽查上諭事件處,,京官,1
經歴兼管馹塩道庫大使事,,unknown,1
經筵日講起居注官太子太保議政大臣御前大臣領侍衛内大臣武英殿大學士兼管兵部刑部翰林院掌院學士教習庻吉士廂黄旗满洲都統,,京官,1
經歷兼批驗所大使,經歷,府首領,1
？捕水利通判駐樟樹鎮,通判,府佐貳,1
镇守宁古塔等处地方副都统,,unknown,1
經筵日講起居注官太子太保東閣大學士兼管吏部刑部事務兼管掌院學士主事教習庶吉士,,京官,1
镇守安笼统辖长安普永等处地方总兵官,,unknown,1
镇守广西左江南太泗梧思明等处地方辖汉土官兵总兵官,,unknown,1
鎮守江南駐劄京口沿江沿海等處右翼副都統,,unknown,1
？捕水利通判駐？秋？,通判,府佐貳,1
經筵日講起居注官太子太保東閣大學士兼管刑部尚書兼翰林院掌院學士教習庶吉士,,京官,1
經筵日講起居注官太子太保東閣大學士兼管刑部尚書並管掌院學士教習庶吉士,,京官,1
镇守定海舟山等处地方总兵官,,unknown,1
鎮守浙江杭州等處地方轄滿漢官兵將軍奉恩輔國公,,unknown,1
經筵日講起居注官太子太保文華殿大學士文？？？？？？事管？？？？？事務兼？林？？？學士？一等輕車都尉,,京官,1
經筵日講起居注官太子太保文淵閣大學士文淵閣領閣事兼吏部尚書翰林院掌院學士教習庶吉士管理稽查上諭事件處,,京官,1
經筵日講起居注官太子太保文淵閣大學士文淵閣領閣事兼吏部尚書翰林院掌院學士教習庶吉管理稽查上諭事件處,,京官,1
經歴借補按察司司獄,,省級,1
鎮守浙江杭州等處轄滿漢官兵都統將軍,,unknown,1
？亭驿丞兼巡检事,,雜職,1
？亭巡檢兼驲丞事,巡檢,縣首領,1
經筳講官？？保和殿大學士？？？内務府大臣？？事務御前大臣兼管？？院事務？？統領一等忠勇公？？？八级軍功,,unknown,1
綏遠？？？？大使,,京官,1
？事同知,同知,府佐貳,1
？捕同知,同知,府佐貳,1
綏？城巡檢,巡檢,縣首領,1
經筵日講官起居注兵部左侍郎兼翰林院掌院學士事仍管國子監祭酒事兼正白旗副都統教習庶吉士,,京官,1
？事糧馬通判駐通州,通判,府佐貳,1
經筵日講官起居注太子太保東閣大學士兼管刑部事務,,京官,1
？捕通判,通判,府佐貳,1
？京理事通判,理事通判,府佐貳,1
經夷長土酋,,unknown,1
經歷兼管常溪？？大使事,經歷,府首領,1
镇守广州等处地方左翼副都统统辖八旗四营官兵,,武職,1
經筵日講起居注官太子太保議政大臣武英殿大學士文淵閣領閣事管理兵部刑部？部三庫事務翰林院掌院學士敎習庶吉士？？大臣領侍衞內大臣管理廂黄旗满洲都統？謀英勇公,,京官,1
經筵日講管起居注兵部左侍郎兼管學院學士事仍管國子監祭酒正白旗滿洲副都統敎習庶吉士,,京官,1
經筵日講管起居注兵部左侍郎兼管學院學士事仍管國子監祭酒正白旗滿洲副都統教習庶吉士,,京官,1
鎮守浙江溫州等處總兵官,,武職,1
經筵日講起居注官兵部左侍郎兼鑲白旗滿洲副都統仍兼管翰林院掌院學士事務教習庶吉士,,京官,1
經歷兼管巡檢管司獄事,經歷,府首領,1
經歷兼管巡検管司獄事,經歷,府首領,1
經歷兼管巡検事,經歷,府首領,1
經歷兼管嶺浦駟,經歷,府首領,1
？捕同知駐東治鎮,同知,府佐貳,1
？捕同知驻？？？,同知,府佐貳,1
镇守山东登州等处地方驻扎登州总兵官,,unknown,1
鎮守浙江杭州等處副都統,,unknown,1
紫阳关巡检,巡檢,縣首領,1
經歷兼管銀？庫？,經歷,府首領,1
（請旨）分巡霸昌道兼理屯田驛傳糧餉駐昌平州,,unknown,1
紹興衛掌印守備,,武職,1
經筳講官太子太傅文淵閣大學士兼工部尚書事務軍功加二級,,京官,1
經筳講官太子太傅議政大臣領侍衞內大臣武英殿大學士內務府總管兼禮部事務,,京官,1
？旨分巡山東兗沂曹兼管水利黃河道,,省級,1
經筳講官太子太傅議政大臣領侍衞內大臣武英殿大學士内務府總管兼管禮部事務,,京官,1
（請旨）整飭江南通省驛傳鹽法道兼江寧巡道事務,,省級,1
給事中兼通州？？？,,京官,1
經筵講官兵部尚書廂黃旗漢軍都統,,京官,1
經歷兼管黄河道庫事,,省級,1
經歷兼管黃境河道庫事,,省級,1
？司掌印滿雲麾使,,武職,1
（請旨）督理江安徽寧池太盧鳳淮揚十府糧道,,省級,1
經筵講官兵部尚書廂藍旗滿洲都統,,京官,1
經筵講官兵部尚書廂紅旗滿洲都統,,京官,1
？南稅大使兼管浙江馹務事,,京官,1
經筳講官左侍郎兼管國子監祭酒事兼正白旗滿洲副都統教習庶吉士,,京官,1
？日講起居注官翰林院侍讀學士,,京官,1
鎮守江南江北狼山統轄盧鳳淮揚四府滁和二州等處地方總兵官,,武職,1
經筵講官兵部尚書兼管國子監祭酒事務,,京官,1
經筳講官左侍郎鑲黄旗满洲副都統公中佐領,,武職,1
給事中巡視北城,,京官,1
？展巡検,,unknown,1
？南河務同知,同知,府佐貳,1
鎮守江南江寧京口沿海沿江等處地方兼管綠旗都統將軍,,unknown,1
紹興府鹽倉批驗所大使事,,雜職,1
經歷兼管？？庫事,經歷,府首領,1
紹興府鹽倉批驗所大使,,雜職,1
紫陽關巡檢,巡檢,縣首領,1
經筳講官太保保和殿大學士議政大臣領侍衛內大臣兼管吏部户部事務總管內務府大臣管？庫事務禦前大臣兼管理藩院事務一等忠勇公加一級紀錄六次軍功加八級軍功紀祿三次,,京官,1
經筳講官太保保和殿大學士議政大臣領侍衛內大臣？？？事務？？？署理三廟事務禦前大臣兼管理藩院事務？等忠勇公加一级紀祿？軍功加八级軍功記錄三次,,京官,1
紫陽巡檢,巡檢,縣首領,1
（氵+丙）州塩課大使,,京官,1
紫陽門巡檢,巡檢,縣首領,1
紫陽関巡檢,巡檢,縣首領,1
經歷司主事兼辦庫務,經歷,府首領,1
經筵講官兵部尚書署理工部尚書,,京官,1
（特授）批驗所大使,,雜職,1
經筵講官兵部尚書署工部尚書事,,京官,1
（請旨）分守口北整飭等處兼糧餉驛傳道駐宣化府,,省級,1
紹興府塩倉批騐所大使,,京官,1
（請旨）分巡蘇松太兵備道,,unknown,1
？寨巡檢,巡檢,縣首領,1
镇守山东青州等处地方都统将军,,unknown,1
？昌所巡檢,巡檢,縣首領,1
（請旨）分守常鎮揚通道,,unknown,1
經筳講官太保保和殿大學士議政大臣領侍衞內大臣兼管吏部户部事署理內務府大臣？？事務禦前大臣兼管理藩院事務一等忠勇公加一级紀祿六次軍功加八級軍功紀祿三次,,京官,1
經筳講官太子太保東閣大學士兼兵部尚書,,京官,1
？居巡檢,巡檢,縣首領,1
？旨督理江安徽寧池太盧鳳淮揚十府糧道,,省級,1
（請旨）分巡淮徐海道駐徐州府,,unknown,1
經筳講官太子太保東閣大學士兼兵部尚書事務,,京官,1
紹興府糧倉批驗所大使,,雜職,1
镇守江南江北寿春等处地方总兵官,,unknown,1
給事中湖北學政,,省級,1
鎮守浙江金衢嚴處等處總兵官,,武職,1
經歷兼管銀？庫大使事,經歷,府首領,1
？州,,unknown,1
經筳講官禮部尚書兼管樂部太常寺事,,京官,1
？州判管縣丞事,州判,州佐貳,1
經筵日講起居注官領侍衛內大臣文華殿大學士文淵閣提舉閣事管理吏部戶部理藩院太醫院禦前大臣太子太保戶部三庫事務總管內務府大臣翰林院掌院學士？？庶吉士管理上駟院武備院禦船處嚮導處事務正白旗滿洲都統總理健銳營圓明園八旗內府三旗官兵大臣步軍統領,,京官,1
鎮守泰寧陵鎮轄易州紫荊馬水沿河捕？廣等處營州總兵官,,武職,1
經筵日講起居注官領侍衛內大臣文華殿大學士文淵閣提舉閣事管理吏部戶部理禦前大臣太子太保藩院戶部三庫事務？管內務府大臣翰林院掌院學士教習庶吉士管理上駟院武備院禦船處？導處事務正白旗滿洲都統總理？銳營圓明園八通內府三旗官兵大臣步軍統領,,京官,1
經筵日講起居注官領侍衛內大臣文華殿大學士文淵閣提舉閣事管理吏部戶部刑部理藩院禦前大臣太子太保？戶部三庫事務總管內務府大臣翰林院掌院學士教習庶吉士管理武備院禦船處？導處事務正白旗滿洲都統總理健銳營圓明園八旗內府三庫官兵大臣步軍統領,,京官,1
镇守山东青州等处地方副都统,,unknown,1
經筳講官禮部尚書正紅旗漢軍都統兼管樂部太常寺事務,,京官,1
經筵日講起居注官領侍衛內大臣文華殿大學士文淵閣提舉閣事管理吏部戶部刑部理藩院禦前大臣太子太保戶部三庫事務總管內務府大臣翰林院掌院學士教習庶吉士管理上駟院武備院禦船處？導處事務正白旗滿洲都統總理健銳營圓明園八旗內府三旗官兵大臣步軍統領,,京官,1
經筳講官議政大臣禮部尚書兼管統領太常寺鴻臚寺事務内務府大臣廂黄旗漢軍都統,,京官,1
（題）分巡通州運河道兼永平通薊遵等處屯田海防糧餉駐通州管通惠道,,省級,1
經筵日講起居注官都察院掌院？？？？翰林院掌院學士事敎習庶吉士,,京官,1
經筵日講起居注官都察院掌院左都御史管禮部尚書事,,京官,1
經筳講官議政大臣領侍衛內大臣恊辦大學士兼户部尚書事務鑲白旗漢軍都統禦前大臣兼理鑾儀衞事務武毅？勇公加三級紀錄一次軍功紀錄四次又軍功,,京官,1
綏遠城盈寧庫大使,,京官,1
經歷兼管銀储庫事,經歷,府首領,1
經筳講官議政大臣領侍衞內大臣恊辦大學士兼户部尚書事務鑲白旗漢軍都統御前大臣管理鑾儀衞事務？？謀勇公加二級紀祿二次軍功紀祿四次又軍功,,京官,1
鎮守江南江寧京口等處地方將軍,,unknown,1
鎮守浙江乍浦等處副都統二等侯,,unknown,1
經筳講官議政大臣領侍衞內大臣恊辦大學士兼户部尚書事務鑲白旗漢軍都統御前大臣管理鑾儀衞事務？？謀勇公加二级紀祿二次軍功紀祿四次又軍功,,京官,1
經筵日講起居注官都察院掌院左都御史兼管翰林院？？主事正白旗滿洲副都統教習庶吉士,,京官,1
（題）江南淮徐河務道轄邳宿銅豐桃園等處駐宿遷縣,,unknown,1
镇守广东潮州等处地方总兵官,,unknown,1
經筵日講起居注官都察院掌院左都御史兼管翰林院掌院學士事教習庶吉士,,京官,1
（題）分巡通州運河道兼永平通薊道等處屯田海防糧餉駐通州管通？道,,省級,1
镇守奉天等处地方副都统,,unknown,1
經筵日講起居注官領侍衛內大臣文華殿大學士文淵閣提舉閣事管理吏部戶部理藩院禦前大臣太子太保戶部三庫事務總管內務府大臣翰林院掌院學士教習庶吉士管理上駟院武備院禦船處？導處事務正白旗滿洲都統總理健銳營圓明園八旗內府三庫官兵大臣步軍統領,,京官,1
經筵講官內閣學士兼禮部侍郎廂藍旗？？副都統兼管太常寺事務,,京官,1
？務同知,同知,府佐貳,1
（請旨）複設江南河庫道駐清江浦,,省級,1
？展巡檢,巡檢,縣首領,1
？前大臣太子太保內大臣？？？大臣協辦大學士吏部尚書仍管陜甘總督,,省級,1
鎮守泰寧陵鎮統轄易州紫荊馬水沿河捕樊廣等處營制總兵官,,武職,1
給事中稽察正白旗滿洲旗務,,京官,1
給事中稽察鑲黄旗蒙古旗務,,京官,1
經筳講官户部尚書,,unknown,1
經歷兼管銀億庫大使事,經歷,府首領,1
鎮守泰寧陵鎮轄易州柴荊馬水沿河捕樊廣等處營制總兵官內務府總管,,京官,1
（請旨）長蘆都轉鹽運使司運使管鹽法道事,,省級,1
镇守广东广州等处地方左翼总兵官,,unknown,1
經筳講官禮部尚書兼管樂部仍兼鴻臚寺事務,,京官,1
經筵講官內學士兼禮部侍郎教習庻起士,,京官,1
經筳講官户部尚書鑲藍旗漢軍都統,,旗籍誤填,1
？山河務同知,同知,府佐貳,1
經筵日講起居注官領侍衛內大臣文華殿大學士文淵閣提舉閣事管理吏部戶部理藩院禦前大臣太子太保戶部三庫事務？管內務府大臣翰林院？院學士教習庶吉士管理上駟院武備院禦船處？導處事務正白旗滿洲都統總理健銳營圓明園八旗內府三庫官兵大臣步軍統領,,京官,1
經筵日講起居注官領侍衛內大臣文華殿大學士文淵閣提舉閣事管理吏部戶部理藩院禦前大臣太子太保戶部三庫事務總管內務府大臣翰林院掌院學士教習庶吉士管理武備院禦船處？導處事務正白旗滿洲都統總理健銳營圓明園八旗內府三庫官兵大臣步軍統領,,京官,1
？山？鹽課大使,,京官,1
镇守奉天熊岳等处地方副都统,,unknown,1
鎮守江西南贑吉袁臨寕等處地方總兵官,,武職,1
經筳講官東閣大學士兼禮部尚書管理禮部事務敎習庶吉士,,京官,1
（題）分巡淮揚海河務道兼理漕務鹽法海防鹽務海防等處駐淮安府,,unknown,1
？撲？？石？？,,unknown,1
？塩？？總巡？？,,unknown,1
通政使司通政使福建學政,,省級,1
？橋巡檢駐金山衛,巡檢,縣首領,1
？？？水利通判,通判,府佐貳,1
？？？補典史,典史,縣首領,1
石？場塩？？？,,unknown,1
？？？補吏目,吏目,州首領,1
？？？補檢校,,京官,1
？？？訓導事,訓導,教職,1
？？？馬通判駐剳通州,通判,府佐貳,1
钦差监督张家口抽分,,unknown,1
鎮海衛守備,,武職,1
？？？馬通判駐紮通州,通判,府佐貳,1
？？？馹丞兼巡檢事,,雜職,1
石頭口巡検,,unknown,1
石门隘巡检,巡檢,縣首領,1
鎮羗巡檢兼管驛場,巡檢,縣首領,1
石门巡检,巡檢,縣首領,1
石门司巡检,巡檢,縣首領,1
？？？駐垻橋,,unknown,1
鎮轄易州紫荊馬水沿河撲？廣管制總兵官,,武職,1
石門隘巡検,,unknown,1
石門監巡檢,巡檢,縣首領,1
钦差海运仓监督宗人府副理事？,,京官,1
？？？駐？？,,unknown,1
石門巡典史檢,典史,縣首領,1
？？？马通判驻扎通州,通判,府佐貳,1
石門寨巡検,,unknown,1
鎮遠巡檢,巡檢,縣首領,1
钦差户部分司督理大通桥运务满监督,,unknown,1
？？？？万？？？？,,unknown,1
石？場鹽課大使,,京官,1
鎮江？撲水利通判,通判,府佐貳,1
石？巡？？……？？,,unknown,1
鎮江京口沿江沿海等處左翼副都統,,unknown,1
碑？嶺巡検,,unknown,1
？？？水利？？？？？,,unknown,1
？？？永阜場塩課大使,,京官,1
鎮安巡檢,巡檢,縣首領,1
？？？沙木巡檢駐永昌,巡檢,縣首領,1
？？？河县丞,縣丞,縣佐貳,1
硤石馹丞兼管塩粮事,,雜職,1
钦差督理山海钞关,,unknown,1
？？？河縣丞,縣丞,縣佐貳,1
？？？河？？駐？？？,,unknown,1
硤口巡検,,unknown,1
鎮標中軍？副將,,武職,1
硖石驿丞兼理巡检事,,雜職,1
石？河務同知,同知,府佐貳,1
硖石驛丞兼管巡檢事,,雜職,1
硖口巡检,巡檢,縣首領,1
？？？海？？同知,同知,府佐貳,1
钦差监督杀虎口抽分,,unknown,1
？？？盐？？库大使？？,,京官,1
硇州巡检,巡檢,縣首領,1
？？？知,,unknown,1
砀山管河主簿,主簿,縣首領,1
石？？巡檢,巡檢,縣首領,1
？？？管河巡檢,巡檢,縣首領,1
？？？經歷兼管司獄,司獄,府首領,1
？？？處提刑按察使司按察使統轄全省馹傳事務,,unknown,1
？？？？主簿,主簿,縣首領,1
石角营巡检,,武職,1
鐵山巡檢,巡檢,縣首領,1
鑾儀衛右鑾儀使,,京官,1
石浦巡検,,unknown,1
石浦巡检,巡檢,縣首領,1
钦差宝泉局监督陕西司郎中,,京官,1
？？？？四川通省淸軍塩茶道轄成綿等處馹務,,unknown,1
石浦司巡检,巡檢,縣首領,1
？？？？川北兵備道轄保潼順等處地方馹務,,unknown,1
钦差宝泉局监督户部江南司郎中,,京官,1
石河場鹽課大使,,京官,1
钦差太平仓监督内阁侍读,,京官,1
钦差右翼监督,,unknown,1
？？？？巡检事,巡檢,縣首領,1
鑾儀衛使,,京官,1
？？？？巡檢,巡檢,縣首領,1
钦差富新仓监督刑部员外,,京官,1
鑾儀衛左鑾儀使鑲藍旗漢軍副都統,,京官,1
？？？？巡檢事,巡檢,縣首領,1
钦差南新仓监督事务,,unknown,1
石汛司巡檢,,武職,1
？？？？建昌上南馹務兵備道？？？嘉三府眉卭二州駐劄？州府,,unknown,1
石汛司巡检,,武職,1
？？？？所大使,,京官,1
鑾儀衛鑾儀使兼廂藍旗漢軍副都統,,京官,1
鑾儀衛鑾儀使兼正白旗漢軍副都統兼佐領,,京官,1
石桥马驿丞,,雜職,1
石景山同知专司河务,同知,府佐貳,1
石庄司巡检,巡檢,縣首領,1
？？？？同知？？？？,同知,府佐貳,1
石港口巡検,,unknown,1
石角灣巡檢,巡檢,縣首領,1
石牛巡檢兼馹丞,巡檢,縣首領,1
？？？？二場塩課大使,,京官,1
石角巡檢,巡檢,縣首領,1
石莊巡檢,巡檢,縣首領,1
？？？？代？？化巡檢,巡檢,縣首領,1
鐵山界巡檢,巡檢,縣首領,1
石穀井鹽課大使,,京官,1
石碑場鹽课大使,,京官,1
石碑場鹽課大使,,京官,1
？？？？倉大使,,京官,1
石碑場鹽大使,,京官,1
？？？？兼管巡検事,,unknown,1
？？？？兼管巡檢事,,unknown,1
？？？？兼都察院？都御史總督四川等處地方提督軍務兼理粮餉管巡撫事,,省級,1
鑄印局掌印員外郎,,京官,1
石牛巡検兼驛丞事,,unknown,1
石灣巡檢,巡檢,縣首領,1
钦差户部分司督理大通桥运务汉监督礼部司务厅司务,,京官,1
石潯巡檢司兼管厦門司獄事,巡檢,縣首領,1
石潯司巡檢兼管廈門司獄,司獄,府首領,1
鐵石幾頭巡檢,巡檢,縣首領,1
钦差左翼监督,,unknown,1
石湾司巡检,巡檢,縣首領,1
石港巡檢,巡檢,縣首領,1
石港巡检,巡檢,縣首領,1
石港場鹽課大使,,京官,1
？？？？兼？？大使中,,京官,1
钦差督理崇文门税务,,unknown,1
碧甲巡檢,巡檢,縣首領,1
石嶺関巡檢,巡檢,縣首領,1
？？？水利同知駐？？？,水利同知,府佐貳,1
？？道鹽茶庫大使,,京官,1
福建提刑按察使司按察使,,unknown,1
福建承宣佈政使司布政使,,unknown,1
？？銜知縣,知縣,縣正印,1
？？鎮守甘肅涼州等處地方掛印總兵官,,武職,1
福安場鹽課,,unknown,1
？？鎮巡檢,巡檢,縣首領,1
福安場塩課大使,,京官,1
福兴闸闸官,,雜職,1
鎮守雲南永順等處地方控制土司苗？轄衛所總兵官,,武職,1
禄步司巡检,巡檢,縣首領,1
？？馹丞兼？管？？？？,,雜職,1
鎮守雲南臨沅澂江等處地方總兵官,,武職,1
？？駐劄？同知,同知,府佐貳,1
鎮守雲南貴州邵通雄偉等處總兵官,,武職,1
祿步巡檢,巡檢,縣首領,1
？？駐？,,unknown,1
祥？北岸巡檢,巡檢,縣首領,1
？？驛丞兼巡検事,,雜職,1
？？马驿丞,,雜職,1
祥陳北岸主簿,主簿,縣首領,1
祥陈北岸巡检,巡檢,縣首領,1
祥豐場鹽課大使,,京官,1
祥豊場大使,,京官,1
鎮守雲南貴州邵通雄威等處地方總兵官,,武職,1
钦差？清河？裕仓监督户部员外,,unknown,1
？？鹽課大使事,,京官,1
？？通州,,unknown,1
福建正主考侍讀,,京官,1
福建正考官,,unknown,1
福建道監察御史稽察正黄旗滿洲旗務,,旗籍誤填,1
？？軍捕同知駐景德鎮,同知,府佐貳,1
？？軍撲同知,同知,府佐貳,1
鎮守雲南廣越等處地方控制土司苗彝轄衛所總兵官,,武職,1
？？通判駐上洋口,通判,府佐貳,1
福永司巡检,巡檢,縣首領,1
福建道監察禦史稽察鑲紅旗漢軍旗務,,旗籍誤填,1
福建道監察禦史稽察正黃旗旗務,,旗籍誤填,1
福建道監察禦史福建富考官,,unknown,1
福建道監察禦史兼本衙行走,,unknown,1
？？通判駐剳沙市,通判,府佐貳,1
？？通判駐剳都江,通判,府佐貳,1
鎮守雲南楚姚蒙景等處總兵官,,武職,1
福建道監察御史稽察正黃旗滿洲旗務,,旗籍誤填,1
福建等处承宣布政使司布政使,,unknown,1
？？通判駐海寧,通判,府佐貳,1
福建道事監察御史,,京官,1
福建等處鹽法道兼理福廠船工事務,,省級,1
福建等處提刑按察使司按察使統辖全省驛傳事務,,unknown,1
钦差？？仓监督工部员外郎,,京官,1
钦差？？仓监督内阁典籍,,京官,1
福建等處提刑按察使司按察使統辖全省馹傳事務,,unknown,1
？？通判駐龍？州,通判,府佐貳,1
？？通判駐？？,通判,府佐貳,1
？？通判？？巡檢,巡檢,縣首領,1
？？通判？？？司巡检,巡檢,縣首領,1
？？通判？？？司巡檢,巡檢,縣首領,1
鎮守雲南開化廣西廣南等處地方總兵官,,武職,1
？？？事,,unknown,1
神泉巡檢,巡檢,縣首領,1
磐石？巡検,,unknown,1
？？？岳池？？？,,unknown,1
磬石司巡檢,巡檢,縣首領,1
？？？川川北等處地方總兵官,,武職,1
钦差管理街道工部员外,,京官,1
磨盘洲巡检,巡檢,縣首領,1
鎮守黑兒根城副都統,,unknown,1
？？？巡検事,,unknown,1
磨刀寨巡检,巡檢,縣首領,1
磜下巡檢,巡檢,縣首領,1
？？？巡検兼管司獄事,,unknown,1
钦差管理宝源局都水司郎中,,京官,1
磚扳閘閘官,,雜職,1
磁家？巡檢,巡檢,縣首領,1
礼部尚书,,京官,1
？？？巡検駐？？？,,unknown,1
磁家務巡検,,unknown,1
磁家务巡检,巡檢,縣首領,1
？？？廣塩繹大使,,京官,1
碼頭巡檢,巡檢,縣首領,1
钦差管理宝源局虞衡司员外郎,,京官,1
鎮守黑龍江齊齊哈爾等處地方都統將军,,unknown,1
钦差禄米仓监督户部员外郎,,京官,1
鎮守黑龍江齊齊哈爾等處將軍,,unknown,1
？？？松茂等處地方馹務兵備道駐劄茂州,,unknown,1
？？？柳村閘官駐？？？？,,雜職,1
？？？楊林街,,unknown,1
礼部侍郎兼管威远堡六关口事务,,京官,1
礼部？？,,京官,1
神泉司訓導,訓導,教職,1
钦差通州中仓监督刑部员外,,京官,1
？？？付小指揮,,京官,1
？？？吏目事,吏目,州首領,1
钦差通州大西仓监督吏部员外,,京官,1
神泉司巡检,巡檢,縣首領,1
神樂？署正,,京官,1
？？？塩課大使駐廣？,,京官,1
神樂署署正,,京官,1
？？？大使,,京官,1
神木倉理事同知,理事同知,府佐貳,1
神宣驛巡檢,巡檢,縣首領,1
神宣馹巡檢,巡檢,縣首領,1
鎮守雲南開化廣西廣南等處地方總官兵,,unknown,1
？？？大使仍兼？？石事,,京官,1
？？？官,,unknown,1
神安巡檢,巡檢,縣首領,1
？？？大使兼管？？,,京官,1
鎮守雲南騰越等處地方控制土司苗彝辖衞所總兵官,,武職,1
钦差管理街道工部郎中,,京官,1
神安司巡检,巡檢,縣首領,1
神前街巡檢,巡檢,縣首領,1
神前街巡检,巡檢,縣首領,1
神乐署正,,京官,1
祁前巡檢,巡檢,縣首領,1
鎮守雲南騰越等處地方控制土司苗？？？所？兵官,,unknown,1
社水陸峒巡檢,巡檢,縣首領,1
鎮守馬蘭關等處地方總兵官,,武職,1
石嶺關巡檢,巡檢,縣首領,1
？？？？檢,,unknown,1
？水司巡檢兼管馹務,巡檢,縣首領,1
知縣管？灣場鹽課,知縣,縣正印,1
钦命提督湖南等处学政日讲官起居注翰林院侍读,,省級,1
？？？？？？？？巡檢,巡檢,縣首領,1
知縣管阿陋井大使事,知縣,縣正印,1
知縣管長蘆？？所事,知縣,縣正印,1
知縣管長林塩課事,知縣,縣正印,1
知縣管長林場鹽課大使事,知縣,縣正印,1
知縣管長林場塩課大使事,知縣,縣正印,1
知縣管長亭場鹽課大使事,知縣,縣正印,1
知縣管長亭場鹽課,知縣,縣正印,1
知縣管金沙塩課大使事,知縣,縣正印,1
知縣管金沙場鹽課大使,知縣,縣正印,1
知縣管金沙場塩課事,知縣,縣正印,1
知縣管金山場鹽課大使事,知縣,縣正印,1
知縣管金山場鹽課,知縣,縣正印,1
知縣管越支場塩課大使事,知縣,縣正印,1
知縣管豐利場鹽課事,知縣,縣正印,1
知縣管豐利場塩課事,知縣,縣正印,1
知縣管許村場鹽課事,知縣,縣正印,1
知縣管許村場塩課大使事,知縣,縣正印,1
知縣管許村場塩課事,知縣,縣正印,1
钦命提督贵州全省学政鸿胪寺少卿,,省級,1
知縣管西路場鹽課,知縣,縣正印,1
知縣管西路場塩課大使事,知縣,縣正印,1
知縣管西亭塲塩課事,知縣,縣正印,1
知縣管西亭場鹽課事,知縣,縣正印,1
知縣管西亭場塩課事,知縣,縣正印,1
知縣管複隆井鹽課,知縣,縣正印,1
？？？？？？？中,,unknown,1
钦命提督湖北全省学政刑科掌印给事中,,省級,1
？？？？？？？,,未填寫,1
知縣管麗江井塩課事,知縣,縣正印,1
知縣管？昌庫事,知縣,縣正印,1
知縣管？支場復議,知縣,縣正印,1
知縣管？塩東場大使事,知縣,縣正印,1
知縣管？場鹽課大使事,知縣,縣正印,1
知縣管？場塩課大使,知縣,縣正印,1
知縣管？堰場鹽課,知縣,縣正印,1
知縣管？化場塩課大使事,知縣,縣正印,1
知縣管（土敢）白塲塩課大使,知縣,縣正印,1
？？？？？？等處地方將軍,,unknown,1
知縣管龍頭場塩課大使事,知縣,縣正印,1
钦命提督江西全省学政兵部右侍郎,,省級,1
知縣管龍頭場塩課事,知縣,縣正印,1
钦命提督浙江全省学政内阁学士兼礼部侍郎,,省級,1
知縣管雙穗場塩課事,知縣,縣正印,1
知縣管鹽馹道？大使,知縣,縣正印,1
知縣管鳴鶴場鹽課大使,知縣,縣正印,1
知縣管鳴鶴場鹽課,知縣,縣正印,1
知縣管鳴鶴場塩課大使,知縣,縣正印,1
知縣管鮑郎場鹽課,知縣,縣正印,1
钦命督理粤海钞关,,unknown,1
知縣管鮑郎場塩課大使事,知縣,縣正印,1
知縣管鮑郎場塩課事,知縣,縣正印,1
知縣管餘東場鹽課,知縣,縣正印,1
知縣管雲？場事,知縣,縣正印,1
钦命督理潘桃口抽分工部堂主事,,京官,1
知縣管雙穗場塩課大使事,知縣,縣正印,1
钦命提督陕甘全省学政翰林院侍读学士,,省級,1
知縣管複設教諭,教諭,教職,1
钦命提督雨窑厂工部虞衡司主事,,京官,1
知縣管淡水場？課事,知縣,縣正印,1
知縣管照磨事,知縣,縣正印,1
知縣管濟民場鹽課事,知縣,縣正印,1
钦命督理凤阳关税务分巡庐凤道,,unknown,1
知縣管濟民場塩課大使事,知縣,縣正印,1
知縣管濟民場塩課事,知縣,縣正印,1
知縣管濟民場,知縣,縣正印,1
知縣管清用庫大使,知縣,縣正印,1
？？？？？？？？？？？？？？地方掛印總兵官,,武職,1
知縣管清泉場鹽課,知縣,縣正印,1
知縣管清泉場塩課大使,知縣,縣正印,1
知縣管清泉場塩課事,知縣,縣正印,1
知縣管淸泉場塩課大使事,知縣,縣正印,1
知縣管淀河州判事,知縣,縣正印,1
知縣管玉泉場塩課大使,知縣,縣正印,1
知縣管海豐場鹽課事,知縣,縣正印,1
知縣管海豐場塩課事,知縣,縣正印,1
知縣管海豊場塩課大使事,知縣,縣正印,1
知縣管海砂場塩課大使事,知縣,縣正印,1
知縣管海砂場塩課事,知縣,縣正印,1
知縣管海沙場鹽課,知縣,縣正印,1
知縣管浦東場塩課大使事,知縣,縣正印,1
知縣管洛口批驗所大使事,知縣,縣正印,1
知縣管洛口批驗所,知縣,縣正印,1
知縣管河垛場鹽課,知縣,縣正印,1
知縣管河垛場塩課大使,知縣,縣正印,1
知縣管河口場鹽課事,知縣,縣正印,1
钦命督理九江关税务兼管窑务,,unknown,1
知縣管玉泉場塩課大使事,知縣,縣正印,1
钦命督理湖北荆州钞关吏部郎中,,京官,1
知縣管經歷事兼永豐倉事,知縣,縣正印,1
知縣管補中正場鹽課大使,知縣,縣正印,1
知縣管袁溥場鹽課,知縣,縣正印,1
知縣管蘆砂場塩課大使事,知縣,縣正印,1
知縣管草堰場塩課大使事,知縣,縣正印,1
知縣管草堰場塩課事,知縣,縣正印,1
知縣管茂？場塩課大使事,知縣,縣正印,1
知縣管臨興場塩課大使事,知縣,縣正印,1
知縣管臨興場塩課事,知縣,縣正印,1
知縣管縣丞事駐海口,知縣,縣正印,1
？？？？？？？？？司布政使,,unknown,1
知縣管經歷事？？,知縣,縣正印,1
钦命督理山西河东盐课陕西大小二池辖河南等处汝州直隶潼关,,unknown,1
知縣管紹興府塩倉批驗所大使事,知縣,縣正印,1
知縣管玉泉場鹽課,知縣,縣正印,1
知縣管穿長場鹽課,知縣,縣正印,1
知縣管穿長場塩課大使事,知縣,縣正印,1
知縣管祖裕庫大使,知縣,縣正印,1
知縣管石港場塩課大使,知縣,縣正印,1
钦命提督雨窑厂工部都水司主事,,京官,1
知縣管石河場鹽課,知縣,縣正印,1
钦命提督顺天等处学政礼部左侍郎,,省級,1
？？？？？？？？？？？？？？,,未填寫,1
钦命木仓监督屯田司郎中,,京官,1
知縣管石河場塩課大使,知縣,縣正印,1
知縣管石崗場鹽課,知縣,縣正印,1
知縣管理化場？？？大使,知縣,縣正印,1
？？？？？？大使事,,京官,1
钦命督通长卢盐课兼辖驿传河道辖山东河南开归彰卫怀庆,,省級,1
石嶺巡檢兼成督尉,巡檢,縣首領,1
知縣管？灣鹽課大使事,知縣,縣正印,1
石埠集巡検,,unknown,1
钦天监监正加三品职衔食俸,,京官,1
？？？？通判駐剳通州,通判,府佐貳,1
钟溪司巡检,巡檢,縣首領,1
钦命内务府主事督理淮安钞关税务,,京官,1
石埠集巡检,巡檢,縣首領,1
石埠鎮巡檢,巡檢,縣首領,1
石埠巡檢,巡檢,縣首領,1
钦命内务府总管督理两淮盐漕两院辖江南江西湖广河南汝宁等处地方,,unknown,1
？？？？都坪正長官司,,土司,1
？？？？長官州同,州同,州佐貳,1
钦天监监正,,京官,1
？？？？領侍衞內大臣正紅旗？？？兵部尚書提督九門步軍統領果毅公,,京官,1
钦命吏科给事中稽察漕务协办河道事,,省級,1
钦天监左监副,,京官,1
石坡巡檢,巡檢,縣首領,1
？？？？馹丞兼管巡檢事,,雜職,1
石坡司巡检,巡檢,縣首領,1
石佛闸官,,雜職,1
？？？？駐大？？,,unknown,1
石佛閘官,,雜職,1
石佛巡檢,巡檢,縣首領,1
钦命巡察台湾等处地方兵科给事中,,京官,1
石佛寨巡檢,巡檢,縣首領,1
？？？？駐朱仙鎭,,unknown,1
石佛寨巡检,巡檢,縣首領,1
知？？？？？巡檢事,巡檢,縣首領,1
？？？？軍總捕同知,同知,府佐貳,1
石埭鎭巡檢,巡檢,縣首領,1
钦差万安仓监督兵部主事,,京官,1
？？？？璧？檢,,unknown,1
石嶺巡檢,巡檢,縣首領,1
钦差北新仓监督理藩院员外郎,,京官,1
石島巡檢,巡檢,縣首領,1
？？？？水利通判？？？？,通判,府佐貳,1
石島司巡検,,unknown,1
石岭关巡检,巡檢,縣首領,1
？？？？河通判事,通判,府佐貳,1
石岛寨巡检,巡檢,縣首領,1
钦差副监督,,unknown,1
石头街巡检,巡檢,縣首領,1
鑾儀衞鑾儀使一等輕車都尉,,京官,1
石头港巡检,巡檢,縣首領,1
石头口巡检,巡檢,縣首領,1
石堂巡检,巡檢,縣首領,1
石堰場鹽課大使事,,京官,1
石堰場鹽課,,unknown,1
？？？？知,,unknown,1
？？？？管巡检事,,unknown,1
石堰场盐课大使事,,京官,1
鑾興司掌印滿雲麾使,,武職,1
钦差内务府郎中监收打箭炉税务,,京官,1
？？？？經筵講官領侍衙內大臣？？？？？？步軍統領事兼正紅旗蒙古都統果毅公,,京官,1
钦差兴平仓监督刑部郎中,,京官,1
鑾輿司掌印滿雲麾使兼世管佐領,,武職,1
石堤巡检,巡檢,縣首領,1
？？？？訓導,訓導,教職,1
知？？？？場？課大使事,,京官,1
知？？？用庫大使,,京官,1
？？？？？主考,,unknown,1
知縣管？？塲鹽課大使事,知縣,縣正印,1
钦命管理福建关税务都统将军,,unknown,1
钦命提督四川全省学政翰林院编修,,省級,1
知縣經歷事,知縣,縣正印,1
知縣管？？？？？鹽課事,知縣,縣正印,1
知縣管？？？？大使事,知縣,縣正印,1
知縣管？？？鹽課大使事,知縣,縣正印,1
知縣管？？？課大使事,知縣,縣正印,1
知縣管？？？倉大使,知縣,縣正印,1
知縣管？？関批驗所大使事,知縣,縣正印,1
知縣管？？辦大使,知縣,縣正印,1
知縣管？？巡檢事,知縣,縣正印,1
知縣管？？姓？二場鹽課事,知縣,縣正印,1
钦命提督安徽等处学政日讲官起居注左春坊左庶子翰林院侍读,,省級,1
知縣鹽法道庫大使,,省級,1
钦命提督山东全省学政刑部郎中兼翰林院编修,,省級,1
钦命提督山西全省学政江南道监察御史,,省級,1
知縣管？？場大使事,知縣,縣正印,1
知縣管？？場塩課大使？,知縣,縣正印,1
钦命提督广东全省学政詹事府左春坊左赞善,,省級,1
钦命提督广西全省学政翰林院编修,,省級,1
知縣管？？中場大使,知縣,縣正印,1
钦命提督江苏等处地方学政翰林院编修,,省級,1
知縣管？？……事,知縣,縣正印,1
知縣管？蒲場塩课大使事,知縣,縣正印,1
知縣管？興場鹽課大使事,知縣,縣正印,1
知縣管？盈庫大使事,知縣,縣正印,1
钦命提督云南全省等处地方学正翰林院侍讲,,京官,1
知縣黑塩井塩課事,知縣,縣正印,1
钦命布政使管江宁织造兼龙江西新关税务,,省級,1
？？？？？巡檢事,巡檢,縣首領,1
？？？？？佐巡検,,unknown,1
？？？？？兼管？鎮？,,unknown,1
知？？……事,,unknown,1
？？？？？塩？？庫大使事,,京官,1
？？？？？巡检事,巡檢,縣首領,1
？？？？？巡檢,巡檢,縣首領,1
钦命布政使管龙江西新二关,,unknown,1
知？管？蒲场？？大使事,,unknown,1
钦命总理七省漕务兼管粮储河道税务又兼管铜务户部坐粮厅刑部山东司郎中,,省級,1
钦命总理七省漕务兼管粮储河道税务又兼管铜务户部坐粮厅礼科给事中,,省級,1
知？管黑鹽井鹽課大使事,,unknown,1
知？管黑塩井塩課大使事,,unknown,1
知縣？？？？？？,知縣,縣正印,1
钦命户部左侍郎署仓场总督事,,unknown,1
知縣？？？庫大使,知縣,縣正印,1
？？？？？照磨,照磨,府首領,1
钦命户科给事中督理浙江杭州织造,,省級,1
知縣？？茂場鹽課事,知縣,縣正印,1
钦命翰林院编修提督河南全省学政,,省級,1
？？？？？禦史兼兵部行走,,京官,1
知縣？？……？？,知縣,縣正印,1
知縣？盈庫大使,知縣,縣正印,1
钦命翰林院侍读学士提督福建全省等处地方学政,,省級,1
知縣？功,知縣,縣正印,1
？？？？？管巡檢司事,,unknown,1
？？？？？通州,,unknown,1
？？赵村胥河主簿,主簿,縣首領,1
福興閘管,,unknown,1
鎮守陵鎮等處地方總兵官駐劄馬蘭関,,武職,1
鎮守甘肅西寧臨鞏等處地方轄漢土番回掛印總兵官,,武職,1
粮捕水利州判駐剳朱陽關,州判,州佐貳,1
？？中河？？？縣丞？？,縣丞,縣佐貳,1
镇守云南曲浔武霑等处地方总兵官,,unknown,1
？？主事,,京官,1
粮捕水利县丞,縣丞,縣佐貳,1
？？主事兼理制造庫事,,京官,1
？？事官？？庫？,,unknown,1
？？借補吏目,吏目,州首領,1
？？借補縣丞駐景芝集,縣丞,縣佐貳,1
鎮守直隸天津統轄永薊通河涿州营路等處總兵官,,武職,1
粮捕州同駐入陽,州同,州佐貳,1
鎮守直隸山海関等處地方副都統,,省級,1
粮捕同知駐？？？,同知,府佐貳,1
？？備補典史,典史,縣首領,1
镇守云南普洱沅威等处地方总兵官,,unknown,1
粮捕同知駐鋼鼓營,,武職,1
粮捕同知駐劄陽高,同知,府佐貳,1
鎮守直隸山海關地方副都統,,省級,1
？？八？通官,,京官,1
鎮守直隸山海關等處地方兵備道,,省級,1
？？分駐？？井関,,unknown,1
？？前帮领运千总,,unknown,1
粮塩水利同知,水利同知,府佐貳,1
？？前幫領運千總,,武職,1
？？副主考中書,,京官,1
？？副主考主事,,京官,1
粮塩捕盜水利通判駐？？庄,通判,府佐貳,1
粮捕水利州判駐劄朱陽關,州判,州佐貳,1
鎮守直隸天津等處地方水師都統,,武職,1
？駐？？同知,同知,府佐貳,1
鎮守白都諾地方副都統,,unknown,1
？防車民同知,同知,府佐貳,1
？防？？同知,同知,府佐貳,1
粮捕水利通判移駐淸化鎭,通判,府佐貳,1
粮捕水利通判移駐浦化,通判,府佐貳,1
？陵厛巡檢兼管司獄事,巡檢,縣首領,1
鎮守甯古塔吉臨烏喇等處將軍三等男,,unknown,1
？陽巡檢,巡檢,縣首領,1
？陽市巡檢,巡檢,縣首領,1
粮捕水利投资駐？川,,unknown,1
粮捕水利州同？？？,州同,州佐貳,1
鎮守甯古塔地方副都統,,unknown,1
鎮守白都訥地方地方副都統,,unknown,1
粮捕水利州同？？家？,州同,州佐貳,1
粮捕水利州判駐朱陽関,州判,州佐貳,1
粮捕水利州同？楊家樓,州同,州佐貳,1
？順？？？,,unknown,1
粮捕水利州同駐？？,州同,州佐貳,1
？頭巡検,,unknown,1
粮捕水利州同駐楊家樓巡檢,州同,州佐貳,1
粮捕水利州判驻？？？,州判,州佐貳,1
粮捕水利州判駐？？,州判,州佐貳,1
鎮守白都諾等處地方副都統,,unknown,1
镇守云南永北等处地方提调汉土官兵控制蛮彛总兵官,,unknown,1
镇守云南楚姚蒙景等处地方总兵官,,unknown,1
鎮守直隸天津等處地方水師副都統,,武職,1
？馬関巡検駐劄衢河口,,unknown,1
？？副典試,,unknown,1
鎮守直隸熱河地方副都統,,unknown,1
粮務水利縣丞分駐南城,縣丞,縣佐貳,1
？？同知駐百色,同知,府佐貳,1
管銀庫監督,,unknown,1
管縣丞事駐羌北鎮,縣丞,縣佐貳,1
管糧通判駐劄沙市,通判,府佐貳,1
镇守三姓等处地方副都统,,unknown,1
管糧通付,,unknown,1
管糧縣丞駐曹崖,縣丞,縣佐貳,1
管糧水利通判,通判,府佐貳,1
鎮守福建漳州浦詔雲霄等處地方總兵官兼雲騎尉,,武職,1
？？同知駐仁懷,同知,府佐貳,1
管糧主簿駐高橋,主簿,縣首領,1
？？同知駐川沙,同知,府佐貳,1
鎮守福建等處兼管綠旗都統將軍,,unknown,1
管粮縣丞駐漕運,縣丞,縣佐貳,1
镇守云南临沅澂江等处地方总兵官,,unknown,1
？？同知駐？州“管,同知,府佐貳,1
？？同知駐？？,同知,府佐貳,1
？？同知？？？？？？,同知,府佐貳,1
鎮守福建等處地方總兵官,,武職,1
管粮水利县丞,縣丞,縣佐貳,1
？？吏目管馬？巡檢事,吏目,州首領,1
管粮庫郎中,,京官,1
管粮塩水利縣丞,縣丞,縣佐貳,1
鎮守福建臺灣等處地方掛印總兵官,,武職,1
管粮县丞,縣丞,縣佐貳,1
管粮主簿驻高桥,主簿,縣首領,1
管粮主簿駐劄？？鎮,主簿,縣首領,1
管銀庫監？,,unknown,1
管银库监督,,unknown,1
？？北岸主簿,主簿,縣首領,1
簡缺督糧水利通判,通判,府佐貳,1
粮务水利州判,州判,州佐貳,1
粮储道库大使,,京官,1
粮俌贴堂通判,通判,府佐貳,1
粤海関監督,,省級,1
粉？寨巡檢,巡檢,縣首領,1
粉璧寨巡検,,unknown,1
粉壁巡檢,巡檢,縣首領,1
粉壁寨巡检,巡檢,縣首領,1
米易所巡檢,巡檢,縣首領,1
镇守云南开化广西广南等处地方总兵官,,unknown,1
簡缺運捕通判,通判,府佐貳,1
簡缺總巡水利通判,通判,府佐貳,1
簡缺海防州同駐茜涇,州同,州佐貳,1
管？主簿駐？？？鎮,主簿,縣首領,1
節慎庫郎中,,京官,1
節慎庫員外郞,,京官,1
節慎庫員外郎,,京官,1
管？？？大使事,,京官,1
管？？駐剳？？鎮,,unknown,1
管？？浦塲塩課大使事,,京官,1
管？？場鹽課大使事,,京官,1
？？司巡檢兼管？？？,巡檢,縣首領,1
管？通判駐剳沙市,通判,府佐貳,1
管？裕庫大使事,,京官,1
管？縣丞駐？？,縣丞,縣佐貳,1
管？水利通判,通判,府佐貳,1
？那道衡知府,知府,府正印,1
？運通？？張家灣,,unknown,1
鎮守陵鎮地方總兵官駐馬蘭關,,武職,1
？運糧河通判,通判,府佐貳,1
糧捕水利通判移駐清化鎮,通判,府佐貳,1
？河水利通判,通判,府佐貳,1
糧捕水利縣丞,縣丞,縣佐貳,1
镇守云南鹤丽永北严蘭等处地方控制汉土官兵总兵官,,unknown,1
糧捕水利州駐楊家樓,,unknown,1
糧捕水利州同駐？？？,州同,州佐貳,1
鎮守湖廣鎮宣統轄辰沅二協永保五筸各土司等處地方總兵官,,武職,1
糧捕水利州判駐運城,州判,州佐貳,1
鎮守湖廣鎮筸統轄辰沅二協永保五筸各土司等處地方,,武職,1
糧捕水利州判駐朱陽關,州判,州佐貳,1
糧捕同知駐？？？,同知,府佐貳,1
？浦司巡檢,巡檢,縣首領,1
糧捕同知駐南勝,同知,府佐貳,1
？浪塲主簿,主簿,縣首領,1
糧悑水利縣丞,縣丞,縣佐貳,1
糧庫大使,,京官,1
？淖鎮巡檢,巡檢,縣首領,1
糧塩水利縣丞,縣丞,縣佐貳,1
？湖同知,同知,府佐貳,1
糧塩捕盜通判,通判,府佐貳,1
？湖浦巡檢,巡檢,縣首領,1
糧務水利縣丞分駐南城,縣丞,縣佐貳,1
镇守云南贵州昭东雄威等处地方总兵官,,unknown,1
？湖？巡檢,巡檢,縣首領,1
鎮守湖道永州統轄衡？二協臨武宜章桂陽武岡等處地方控制猺彝總兵官,,武職,1
糧俌貼堂通判,通判,府佐貳,1
？漕同知駐川？？,同知,府佐貳,1
糧捕水利通判駐周家口,通判,府佐貳,1
？河朱丞管巡檢事,,unknown,1
糧捕水利通判駐濟化鎮,通判,府佐貳,1
？江口巡檢,巡檢,縣首領,1
糧鹽捕盜水利通判駐？德生,通判,府佐貳,1
？水場塩課大使,,京官,1
糧餉？事同知,同知,府佐貳,1
？水塲塩課大使,,京官,1
糧道永敬倉大使,,省級,1
糧道水？倉大使,,省級,1
？水理事同知,理事同知,府佐貳,1
糧道廣？庫大使,,省級,1
糧道倉大使仍兼永豊倉大使事,,省級,1
镇守吉临等处地方副都统,,unknown,1
糧補通判,通判,府佐貳,1
？水陸？巡検,,unknown,1
镇守右卫左翼掌印副都统世袭散秩大臣兼勳旧佐领纪录五次,,武職,1
糧捕理事同知,同知,府佐貳,1
？沛河务同知,同知,府佐貳,1
糧撲水利駐？化鎮,,unknown,1
糧撲水利州同？？？,州同,州佐貳,1
？沛河務同知,同知,府佐貳,1
糧撲州同,州同,州佐貳,1
糧撲同知駐陽高,同知,府佐貳,1
糧捕通判駐？市,通判,府佐貳,1
？河主簿,主簿,縣首領,1
？河吏目管風化巡檢事,吏目,州首領,1
？河州判？？？？,州判,州佐貳,1
糧捕貼堂通判,通判,府佐貳,1
镇守右卫右翼副都统纪录十一次,,unknown,1
粮？？？？大使,,京官,1
鎮守烏魯木齊等處地方都統,,unknown,1
粮鹽水利通判,通判,府佐貳,1
？設利？？巡檢,巡檢,縣首領,1
粮捕通判驻石马,通判,府佐貳,1
粮捕通判驻扎？？,通判,府佐貳,1
粮捕通判駐？？？,通判,府佐貳,1
？虎店巡検,,unknown,1
粮捕通判駐石？鎮,通判,府佐貳,1
鎮守甘肅涼州寧夏等處地方副都統,,unknown,1
？補兼巡檢,巡檢,縣首領,1
？西通判,通判,府佐貳,1
粮捕通判駐仁懐,通判,府佐貳,1
粮捕通判兼理？？務,通判,府佐貳,1
？設分防湯丹通判,通判,府佐貳,1
粮捕通判兼理塩務,通判,府佐貳,1
？調知縣,知縣,縣正印,1
？臺？河巡検,,unknown,1
粮捕貼臺通判,通判,府佐貳,1
？豐？鹽課大使,,京官,1
？軍同知,同知,府佐貳,1
粮捕海防同知,同知,府佐貳,1
鎮守甘肅涼州等處掛印總兵官,,武職,1
粮捕水利駐？化鎮,,unknown,1
粮捕水利駐運城,,unknown,1
粮捕水利通判驻张秋镇,通判,府佐貳,1
？軍同知駐剳樊城,同知,府佐貳,1
鎮守甘肅肅州等處地方掛印總兵官,,武職,1
？運倉庫大使兼管？務,,京官,1
粮捕水利通判駐？？鎭,通判,府佐貳,1
？苗同知駐德勝鎮,同知,府佐貳,1
粮河县丞,縣丞,縣佐貳,1
鎮守烏魯木齊等處地方都統副都統衛,,unknown,1
？石司巡检？？？中馹,巡檢,縣首領,1
鎮守烏魯木齊等處地方領隊大臣,,unknown,1
粮馹通判,通判,府佐貳,1
？潮分界巡檢,巡檢,縣首領,1
？理鎮守湖廣襄陽等處地方總兵官,,武職,1
粮饷通判,通判,府佐貳,1
粮饷理事同知,理事同知,府佐貳,1
镇守云南永顺等处地方控制土司苗彜辖卫所总兵官,,unknown,1
？白場塩課大使,,京官,1
鎮守熊嶽等處副都統,,unknown,1
？知事借補？？？巡検,,unknown,1
粮道永敬仓大使,,省級,1
？知縣事,知縣,縣正印,1
粮道库大使,,省級,1
？耳司巡检,巡檢,縣首領,1
鎮守甘肅固原等處掛印總兵官,,武職,1
粮運通判駐？？？,通判,府佐貳,1
？石幾頭巡檢,巡檢,縣首領,1
鎮守甘肅寧夏等處地方副都統,,unknown,1
？米倉監督大理寺評事,,京官,1
鎮守甘肅寧夏等處地方將軍,,unknown,1
鎮守甘肅寧夏等處地方總兵官,,武職,1
粮補貼堂通判,通判,府佐貳,1
粮盐水利通判,通判,府佐貳,1
？糧同知,同知,府佐貳,1
鎮守甘肅巴里坤統轄哈沙安靖等處地方掛印總兵官,,武職,1
？縣管河主簿,主簿,縣首領,1
？？四帮领运千总,,unknown,1
鎮守福建臺灣等處掛印總兵官,,武職,1
管穎通判,通判,府佐貳,1
管石港場鹽課大使,,京官,1
税课局兼管？泊所,,unknown,1
鎮守陝西寧夏地方副都統,,unknown,1
？？知駐？？沙,,unknown,1
鎮守陝西寧夏地方將軍,,unknown,1
稅課局監管河泊所,,unknown,1
？？石城里巡檢,巡檢,縣首領,1
稅課局兼管河泊所,,unknown,1
？？等處承宣布政使司布政使,,unknown,1
稅課司巡檢,巡檢,縣首領,1
？？管主簿事,,unknown,1
？？管復設訓導事,,unknown,1
稅課司典史,典史,縣首領,1
鎮守陝西寧夏地方總兵官,,武職,1
移駐？庄巡檢,巡檢,縣首領,1
移駐龍州通判,通判,府佐貳,1
秦川巡檢,巡檢,縣首領,1
秣陵關巡檢,巡檢,縣首領,1
？？管敎諭事,,unknown,1
秣陵鎭巡檢,巡檢,縣首領,1
科布多辨事大臣,,unknown,1
？？管河主簿事,,unknown,1
秋官,,unknown,1
秀湖河巡檢,巡檢,縣首領,1
秀洲鎮巡檢,巡檢,縣首領,1
？？管河縣丞駐西溪,縣丞,縣佐貳,1
秀州司巡檢,巡檢,縣首領,1
秀州司巡检,巡檢,縣首領,1
税？司大使,,京官,1
鎮守陝西寧夏右翼地方副都統,,unknown,1
穆棱巡檢,巡檢,縣首領,1
窰圻司巡檢,巡檢,縣首領,1
端氏镇巡检,巡檢,縣首領,1
？？水利通判駐剳？？,通判,府佐貳,1
端慧皇太子園寝讀祝官,,京官,1
端惠皇太子園寢讀祝官,,京官,1
童家營巡檢,,武職,1
童家營巡検,,武職,1
章浙江道事监察御史,,京官,1
章家營巡檢,,武職,1
立？司巡检,巡檢,縣首領,1
立將巡檢,巡檢,縣首領,1
铸印局掌印员外郎,,京官,1
？？河？？,,unknown,1
窯圻巡檢,巡檢,縣首領,1
鎮守陝西固原等處地方掛印總兵官,,武職,1
铜山南岸主簿,主簿,縣首領,1
？？溝？事通判,通判,府佐貳,1
？？溪市巡檢,巡檢,縣首領,1
穿山巡检,巡檢,縣首領,1
？？理事同知,理事同知,府佐貳,1
穿山司巡检,巡檢,縣首領,1
空白（協律郎）,,武職,1
？？甘肅凉州等處地方掛印總兵官,,武職,1
鎮守陝西固原地方掛印總兵官,,武職,1
穆陵关巡检,巡檢,縣首領,1
？？盐捕水利同知,水利同知,府佐貳,1
？？知州,知州,州正印,1
秀岭巡检,巡檢,縣首領,1
禹門鎮巡檢,巡檢,縣首領,1
鎮守陝西延綏地方掛印總兵官,,武職,1
钦差？？？,,unknown,1
禦前大臣太子少保領侍衛內大臣戶部尚書總管內務府大臣管理鑾儀衛事務廂白旗滿洲都統公中佐領,,京官,1
钱？司场盐课大使,,京官,1
禦前大臣太子太保領侍衛內大臣武英殿大學士仍管閩？總督,,省級,1
禦前大臣太子太保領侍衛內大臣戶部尚書總管內務府大臣管理盛？？事務鑲白旗滿洲都統公中佐領總理工程處事務,,京官,1
禦前大臣太子太保領侍衛內大臣吏部尚書廂黃旗漢軍都統伊犁將軍,,京官,1
禦前大臣太子太保議政大臣文華殿大？兵部尚書仍管兩江總督事務,,省級,1
禦前大臣太子太保議政大臣文華殿大學士兵部尚書協管兩江總督事務,,省級,1
禦前大臣右侍郎兼鑲黃旗滿洲副都統世襲三等子,,旗籍誤填,1
鎮守陝西西安等處地方統轄滿兵將軍,,unknown,1
？？糧捕通判,糧捕通判,府佐貳,1
禦前侍衛正紅旗滿洲副都統管理光祿寺事務,,京官,1
？？糧撲通判,通判,府佐貳,1
？？興莊塲塩課大使,,京官,1
禦醫管首領廳事,,unknown,1
禦前侍衛府主事,,京官,1
鎮守陝西西安等處統轄滿兵都統將軍,,unknown,1
禦前侍衛和碩額駙總管茶膳房管理鷗鷂處大臣管理光酥寺豐宸院兼理？儀衛事務,,武職,1
禦前侍衛和碩額駙總管茶膳房管理馬雞處大臣管理北祿寺？寢院兼理？？儀？事務,,武職,1
禦前侍衛和碩額駙工部尚書議政大臣總管鑾儀衛事務大臣管理圓明園奉宸院？？？？造辦處武備院等處事務,,京官,1
禦前侍衛和碩額附管理？宸院事總管茶膳房管理？？處大臣管理光祿寺事務,,京官,1
鎮守陝西西寧臨鞏等處地方統轄漢土番回掛印總兵官,,武職,1
禦前侍衛右侍郎管理圓明園茶饍房河道船務運兼左領,,省級,1
？？議政大臣禮部？？？？？輕車都尉,,京官,1
禦前侍衛右侍郎奉宸院南苑等處管理圓明園茶膳房河道船務佐領,,省級,1
禦前侍衛兼管鑲白旗漢軍副都統右侍郎承恩毅勇公,,旗籍誤填,1
鎮守陵鎮地方總兵官駐剳馬蘭鎮仍兼東陵總管內務府大臣事務,,京官,1
禦前行走議政大臣吏部尚書兼管？？？御史紀祿五十次紅带子,,京官,1
禮科給事中兼理考功司掌印事,,京官,1
铅山所守御,,unknown,1
鎮守陝西肅州等處掛印總兵官,,武職,1
鎮守陝西河州等處地方掛印總兵官,,武職,1
禹門巡檢,巡檢,縣首領,1
禮？巡檢,巡檢,縣首領,1
禮部？金司主事,,京官,1
禮部麥司郎中,,京官,1
？？管知府事,,unknown,1
禮部左侍郎仍管太常寺正卿公中佐領仍兼贊禮郎,,京官,1
铅厂司巡检,巡檢,縣首領,1
？？管知縣事,,unknown,1
鎮守陝西涼州等處地方掛印總兵官,,武職,1
鎮守陝西涼州等處地方總兵官,,武職,1
？？管複設訓導事,,unknown,1
铁石码头巡检,巡檢,縣首領,1
？？管？？？捕水利,,unknown,1
禮部堂主,,京官,1
禮部司務？,,京官,1
禮部右侍郎兼管欽天監監正事務,,京官,1
鎮守陝西興安漢羌等處地方掛印總兵官,,武職,1
禮部右侍郎兼管太常寺樂部鑲白旗滿洲副都統公中佐領,,京官,1
禮部右侍郎兼管太常寺樂部廂藍旗滿洲副都統公中佐領,,京官,1
？？管訓導事,,unknown,1
禮部右侍郎兼管太常寺樂部丞满洲副都統廂藍旗公中佐領,,京官,1
禮部右侍郎兼管太常寺事務鑲紅旗滿洲副都統,,京官,1
铁山界巡检,巡檢,縣首領,1
禮部右侍郎事兼管太常寺事務,,京官,1
？？管通判事,,unknown,1
竹南？巡検,,unknown,1
竹园村巡检,巡檢,縣首領,1
竹園巡檢,巡檢,縣首領,1
管理主簿,主簿,縣首領,1
鎮守荊州等處右翼副都統,,unknown,1
鎮守荊州等處左翼副都統,,unknown,1
管理宗人府事務宗令,,京官,1
鎮守葉爾羌庫車等處統領官兵都統將軍,,unknown,1
鎮守葉爾羗庫車等處統領官兵都統將軍,,unknown,1
管理南？漕運塘務,,unknown,1
管理南河漕運塘務,,unknown,1
管理伊黎業爾羌等處屯田總管將軍,,unknown,1
管理伊黎業爾羌等處屯田副都統,,unknown,1
管理伊犁葉而齊木等處屯田侍郎,,unknown,1
锦田寨巡检,巡檢,縣首領,1
管理伊利葉爾羗等處屯田副都統,,unknown,1
管河？場鹽課大使事,,京官,1
管理江宁织造乌林大,,省級,1
管河？场盐课大使事,,京官,1
管河鹽捕同知,同知,府佐貳,1
經筵講官太子太保協辦大學士戶部尚書,,京官,1
管河通判驻子牙,通判,府佐貳,1
？？官吏部左侍郎內閣學士兼禮部侍郎兼管國子監祭酒事,,京官,1
管河通判監子牙河,通判,府佐貳,1
鎮守貴州古州等處總兵官,,武職,1
管河縣丞駐西溪,縣丞,縣佐貳,1
鎮守貴州威寕等處地方總兵官,,武職,1
管河縣丞駐三？澱,縣丞,縣佐貳,1
？？嶺巡検,,unknown,1
？？州判,州判,州佐貳,1
鎮守臨沅澂江等處總兵官,,武職,1
鎮守綏遼城達威將軍兼管右衛宜天二鎮右翼察哈爾等處地方,,unknown,1
管河甲馬營巡検,,武職,1
管理驛站正監督,,unknown,1
？？城理事同知,理事同知,府佐貳,1
？？塲塩课大使,,京官,1
管石港场盐课大使,,京官,1
？？奉口稅課大使,,京官,1
管界寨巡檢,巡檢,縣首領,1
管界寨巡检,巡檢,縣首領,1
管界司巡检,巡檢,縣首領,1
管理驛站正藍督户部堂主事,,京官,1
管理驛站正監督戶部主事,,京官,1
管理驛站正監督工部員外郎,,京官,1
鎮守福建閩粤漳潮南澳等處地方總兵官,,武職,1
管理驛站正監督兵部員外郎,,京官,1
鎮守福建閩粵漳潮南澳地方總兵官,,武職,1
管理江寜織造烏林大,,省級,1
管理馹站副監督,,unknown,1
鎮守福建閩粵漳潮南澳等处地方總兵官,,武職,1
鎮守綏遠城副都統,,unknown,1
鎮守綏遠城將軍兼管右衛宣大二鎮查哈爾等處地方,,unknown,1
管理理事同知,理事同知,府佐貳,1
鎮守綏遠城左建威將軍兼管？衛宣大二鎮右翼副都統,,unknown,1
管理河東塘務,,unknown,1
？？學政,,省級,1
鎮守綏遠城左翼副都綂,,unknown,1
？？學政文淵閣校理,,省級,1
鎮守綏遠城建威將軍兼管？衛宣大二鎮督察哈爾等處地方,,unknown,1
鎮守綏遠城等處地方將軍,,unknown,1
管河甲馬背巡檢,巡檢,縣首領,1
？？州判兼管水利？？？,州判,州佐貳,1
竹堑巡检,巡檢,縣首領,1
算学助教,,京官,1
管河主事駐北？神,,京官,1
鎮守錦州等處地方副都統兼管莊糧捕牲馹站大淩河牧業總管事務,,unknown,1
？？整飭巴里那屯田糧務？？垣兼？？……？？等事務,,unknown,1
管批验茶引所大使,,京官,1
管批驗茶引所大使,,京官,1
管恒裕庫大使事,,京官,1
管大寧鹽課大使事,,京官,1
管大寧塩課大使事,,京官,1
管匀,,unknown,1
？？歸化縣城巡檢事,巡檢,縣首領,1
？？水利一品駐周家口,,unknown,1
管兩淮白塔河巡檢,巡檢,縣首領,1
简？总捕通判,通判,府佐貳,1
？？改授知縣,知縣,縣正印,1
？？水利同知,水利同知,府佐貳,1
筠門司巡檢,巡檢,縣首領,1
筆貼式,,unknown,1
筆帖式兼樂部行走,,京官,1
？？水利州判,州判,州佐貳,1
竹？？巡檢,巡檢,縣首領,1
鎮守鎮筸統轄辰沅二協永保五筸各土司地方總兵官,,武職,1
鎮守開化廣西廣南等處總官兵,,unknown,1
铺前司巡检,巡檢,縣首領,1
竹崎司巡检,巡檢,縣首領,1
竹墅巡檢,巡檢,縣首領,1
竹塹巡檢,巡檢,縣首領,1
管河主簿事,主簿,縣首領,1
管河主簿兼管巡檢事,主簿,縣首領,1
？？州同駐剳丘北,州同,州佐貳,1
？？庫司庫,,京官,1
管河巡檢,巡檢,縣首領,1
锦冈巡检,巡檢,縣首領,1
鎮守貴州威寧等處總兵官,,武職,1
？？巡檢兼東関驛,巡檢,縣首領,1
管河州判駐胡家庒,州判,州佐貳,1
管河州判駐劄？？,州判,州佐貳,1
管河州判駐劄？縣,州判,州佐貳,1
管河州判駐剳郭？,州判,州佐貳,1
？？巡檢駐永安市,巡檢,縣首領,1
？？巡檢？？駐張家店,巡檢,縣首領,1
鎮守貴州鎮遠等處總兵官,,武職,1
管河安陵巡検,,unknown,1
？？批驗大使,,京官,1
管河主簿駐剳北？,主簿,縣首領,1
管河县务,,unknown,1
？？捕盗同知,同知,府佐貳,1
管河千總駐西湾,,武職,1
管河千總駐两？,,武職,1
管河事通判駐北？,通判,府佐貳,1
管河主簿驻泊头,主簿,縣首領,1
管河主簿駐黄村,主簿,縣首領,1
？？捕盜通判,通判,府佐貳,1
管河主簿駐泊頭,主簿,縣首領,1
管河主簿駐東？村,主簿,縣首領,1
？？撲盜通判,通判,府佐貳,1
管河主簿駐劄楊村,主簿,縣首領,1
龙门寨巡检,巡檢,縣首領,1
縣丞駐平？,縣丞,縣佐貳,1
經筵講官太子太保協辦大學士戶部尚書事務,,京官,1
鉛廠巡檢,巡檢,縣首領,1
関陽鎮巡檢,巡檢,縣首領,1
餘東場鹽課大使,,京官,1
西路捕盜駐劄盧溝橋兼管水利同知分轄大宛涿良房等五州縣,水利同知,府佐貳,1
西路捕盜駐劄盧溝橋兼保定府同知分轄涿房良宛等四州縣,同知,府佐貳,1
西路捕盜同知駐盧溝橋分轄涿房良宛等四州縣,捕盜同知,府佐貳,1
西路捕盗驻扎卢沟桥兼保定府同知分辖涿房良宛等四州县,同知,府佐貳,1
西路同知司獄駐？？？,司獄,府首領,1
餘東塲塩課大使,,京官,1
西路同知,同知,府佐貳,1
西路司獄駐蘆溝橋,司獄,府首領,1
西路司獄駐芦溝橋,司獄,府首領,1
餘酉場鹽課大使,,京官,1
西興水驲丞,,unknown,1
関陽鎭巡検,,unknown,1
角头巡检,巡檢,縣首領,1
閔安鎮沿海巡檢,巡檢,縣首領,1
銅山吕梁巡検,,unknown,1
饶州所守御,,unknown,1
西興巡丞,,unknown,1
首領廰,,unknown,1
首领厅,,unknown,1
銅山吕梁巡檢,巡檢,縣首領,1
西硤口巡検,,unknown,1
銅山呂？巡檢,巡檢,縣首領,1
西牛璧山巡檢,巡檢,縣首領,1
閔安鎭沿海巡檢,巡檢,縣首領,1
西牛璧山巡检,巡檢,縣首領,1
西火镇巡检,巡檢,縣首領,1
西路捕盜駐盧溝橋兼保定府同知分轄琢房良宛等四州縣,同知,府佐貳,1
西路撲盜駐盧溝橋兼保定府同知分轄涿房良宛等四州縣,同知,府佐貳,1
閩安鎭沿海巡檢,巡檢,縣首領,1
鉄石磯頭巡検,,unknown,1
题分通州運河道兼永平通蓟遵等處屯田海防粮餉駐通州管通惠道,,省級,1
视渡口巡检,巡檢,縣首領,1
金竹岭巡检,巡檢,縣首領,1
观音山巡检,巡檢,縣首領,1
金竹巡檢,巡檢,縣首領,1
視渡巡檢,巡檢,縣首領,1
额外？躬蒙古？子,,unknown,1
風中帮領運千總,,武職,1
西？？？防同知駐海寧,同知,府佐貳,1
風中幫領運千總,,武職,1
風鈴巡檢,巡檢,縣首領,1
風陵渡巡搶？倉大使事,,京官,1
金華司巡檢,巡檢,縣首領,1
金華巡檢移駐洙涇,巡檢,縣首領,1
風陵渡巡檢兼倉大使事,巡檢,縣首領,1
金華巡檢駐金山衛,巡檢,縣首領,1
金華巡檢駐？？巡檢駐金山衛,巡檢,縣首領,1
風陵渡巡檢管司獄事,巡檢,縣首領,1
西黄村巡检,巡檢,縣首領,1
金衢所守御,,unknown,1
西陵內府總管兼泰寕鎮轄易州紫荊馬水沿河捕樊廣等處營制總兵官,,武職,1
風陵渡巡檢？？大使事,巡檢,縣首領,1
金衢所守禦,,武職,1
金辂汉整仪尉,,unknown,1
鈡溪巡檢,巡檢,縣首領,1
西鄉巡檢,巡檢,縣首領,1
颺龍司巡検,,unknown,1
香山巡檢,巡檢,縣首領,1
銅山？虎巡検,,unknown,1
西溪税课司大使,,雜職,1
褚山司巡检,巡檢,縣首領,1
馬模河巡檢驻楊店,巡檢,縣首領,1
馬溪巡檢,巡檢,縣首領,1
馬溪河巡檢,巡檢,縣首領,1
閑散滿雲麾使,,武職,1
複設敎諭,教諭,教職,1
馬當鎭巡検,,unknown,1
馬績山巡檢,巡檢,縣首領,1
鋪前巡檢,巡檢,縣首領,1
馬腦巡檢,巡檢,縣首領,1
錢淸場塩課大使,,京官,1
錢清場鹽課,,unknown,1
馬舘監督,,unknown,1
裕豐倉監督刑部員外郎,,京官,1
裕豊倉監督禮部司務,,京官,1
開順巡檢,巡檢,縣首領,1
裕溪河巡检,巡檢,縣首領,1
裕溪巡檢,巡檢,縣首領,1
袚浦場鹽課大使,,京官,1
袁溥場塩課大使,,京官,1
袁捕場塩課大使,,京官,1
袁州衛掌印守備,,武職,1
袁州卫掌印守备,,unknown,1
開廣東都轉鹽運使司鹽運使,,unknown,1
馬道驛丞,,雜職,1
表湖巡檢,巡檢,縣首領,1
馬邏縣巡檢,巡檢,縣首領,1
表湖司巡检,巡檢,縣首領,1
複設訓導諭,訓導,教職,1
褚山司巡檢,巡檢,縣首領,1
香山？巡检,巡檢,縣首領,1
西亭場鹽課,,unknown,1
西溪稅課典史,典史,縣首領,1
馥設訓導,訓導,教職,1
馬口巡檢,巡檢,縣首領,1
西溪巡検,,unknown,1
西溪巡检,巡檢,縣首領,1
閔安沿海巡檢,巡檢,縣首領,1
西河场盐课大使,,京官,1
西河口場鹽課大使,,京官,1
西水驿丞,,雜職,1
閒散滿治儀正,,武職,1
銅浦河務同知,同知,府佐貳,1
馬口鎭巡検,,unknown,1
銅？河務同知,同知,府佐貳,1
西山巡检,巡檢,縣首領,1
西塘海防同知駐海寧,同知,府佐貳,1
西塘海防同知駐海寕,同知,府佐貳,1
馬司巡檢,巡檢,縣首領,1
銮仪卫銮仪使一等轻车都尉,,unknown,1
西场巡检,巡檢,縣首領,1
西司掌印漢治儀正,,武職,1
西司掌印滿雲麾使兼佐領,,武職,1
銮儀衛銮儀使,,unknown,1
西厂大使,,京官,1
銮儀衞銮儀使兼廂藍旗漢軍副都統,,旗籍誤填,1
西半壁山巡検,,unknown,1
西典水馹丞,,雜職,1
西仓同知,同知,府佐貳,1
题分巡通州運河道兼永平通蓟遵等處屯田海防粮餉駐通州管通惠道,,省級,1
领侍卫内大臣理藩院右侍郎火器营掌印将军兼管镶白旗满洲都统御前大臣兼？？？事务？？？总管？？院上？院事务,,京官,1
衣錦巡檢,巡檢,縣首領,1
題分巡貴東古州兵備道轄黎都鎭思銅思等處馹務按察使銜,,unknown,1
請旨分守河東平浦解絳霍隰兵備道兼管水利事務,,unknown,1
請旨分守河東兵備道管轄浦平二府解絳吉隰四州,,unknown,1
請旨分守河北兵備道管轄彰衞懐三府等處地方,,unknown,1
題分巡淮揚河務兵備道兼理漕務鹽法海防等處駐淮安府,,unknown,1
題分巡淮揚海河務兵備道兼理漕務塩法海防等處駐淮安府,,unknown,1
題分巡湖南辰沅永靖兵備道,,unknown,1
題分巡湖南辰沅永靖等處地方兵備道,,unknown,1
金口镇巡检,巡檢,縣首領,1
題分巡臺灣等處地方兵備道兼理學政,,省級,1
金坑司巡检,巡檢,縣首領,1
阜寕廟灣大套巡檢,巡檢,縣首領,1
請旨分守廣東糧驛道管通省民屯錢糧帶催科價兼管驛傳水利侍衛,,武職,1
金坑巡檢,巡檢,縣首領,1
金城寨巡检,巡檢,縣首領,1
顺林驿丞,,雜職,1
題分巡迆南兵備道管辖普鎭元臨等處地方駐劄普洱府,,unknown,1
請旨分守廣東糧馹道管民屯錢糧帶催料價兼驲傳水利,,unknown,1
題分巡迤南兵備道管轄普鎮元臨等處地方知州普洱府,知州,州正印,1
題分巡通州運河道兼永平通薊遵等處屯田海防糧餉駐通州管通惠道,,省級,1
請旨分守巡海興泉永等處馹傳兵備道監放兵餉管轄海政駐廈門,,unknown,1
題直隸永定等處地方河道按察使職銜駐劄固安,,省級,1
請旨分守安襄鄖荆兵備道兼管水利事務駐劄襄陽府按察使銜,,unknown,1
請旨分守安襄鄖荆兵備道兼管水利事務按察使銜駐劄襄陽府,,unknown,1
請旨分守口北兵備道整飭宣符張獨多三廳等處駐宣化府,,unknown,1
阜寕廟湾大套巡檢,巡檢,縣首領,1
金城巡檢,巡檢,縣首領,1
請旨分守口北兵備道整飭宣府張獨多三廰等處駐宣化府,,unknown,1
題直隸永定等處地方河道駐劄固安,,省級,1
金口鎭巡檢,巡檢,縣首領,1
請旨分守河東平蒲解絳霍隰馹傳兵備道兼管水利事務,,unknown,1
請旨分守河東平蒲解绛霍？地方兵備道兼管水利事務,,unknown,1
題分巡淮徐海河務兵備道轄邳宿銅豐桃園等處駐徐州府,,unknown,1
請旨分守糧儲道兼屯田水利事,,省級,1
野三巡檢,巡檢,縣首領,1
請旨分守粮儲道管辖雲武等處地方兼管驛堡屯田水利事務,,省級,1
題分守冀寧道管驛傳事轄太汾潞澤四府遼沁平三洲,,unknown,1
阜寕羊寨巡検,,unknown,1
請旨分守粮儲道管辖雲武等處地方兼管馹堡屯田水利事務,,省級,1
題分守冀寧道轄太汾潞澤遼沁平七府州兼管署理事務,,unknown,1
金利司巡检,巡檢,縣首領,1
請旨分守登萊青整飭處海防兼管水利兵備道,,unknown,1
請旨分守登萊青整飭海防道兼水利事,,unknown,1
題分守馹傳事轄太汾潞澤遼沁平七府州兼管水利事務,,unknown,1
題分巡古州兵備道轄黎都思銅等處地方,,unknown,1
阜寕糧河縣丞,縣丞,縣佐貳,1
請旨分守甘涼兵備道整飭涼永鎮溬等處地方駐剳涼州府,,unknown,1
請旨分守甘凉兵備道整饬凉永鎭羌等處地方駐劄凉州府,,unknown,1
請旨分守甘凉兵備道整飭凉永鎭羗等處地方駐劄凉州府,,unknown,1
題分巡古州兵備道轄黎都鎭思銅思等處馹務,,unknown,1
題分巡古州兵備道辖黎都鎭思銅思等處地方,,unknown,1
請旨分守濟東泰武道兼立通省馹傳水利事務轄高濮平三州,,unknown,1
請旨分守濟東泰武臨道兼管所屬馹傳水利事務轄濮平高三州,,unknown,1
題分巡松茂等處地方兵備道駐剳茂州,,unknown,1
請旨分守濟東泰武臨道兼管所厰馹傳水利事務辖濮玉高三州,,unknown,1
金利巡檢,巡檢,縣首領,1
題分巡松茂等處地方驛務兵備道駐劄茂州,,unknown,1
請旨分守潼商兵備道,,unknown,1
請旨分守涼莊道整飭涼永鎮溬事務駐涼州,,unknown,1
金口巡検,,unknown,1
調？？？同知,同知,府佐貳,1
調？？同知,同知,府佐貳,1
額外,,unknown,1
設訓導,訓導,教職,1
訓導複設,訓導,教職,1
額外員外郎行走,,京官,1
訓導改授主簿,主簿,縣首領,1
關陽巡檢,巡檢,縣首領,1
額外員外郞兼理浙江司,,京官,1
額外員外郞兼理福建司,,京官,1
訓司馬掌印滿雲麾使,,武職,1
額外員外？,,unknown,1
金旺巡檢,巡檢,縣首領,1
額外員外？兼浙江司事,,unknown,1
關虎店巡檢,巡檢,縣首領,1
額外監丞,,京官,1
額外翰林院改授主事,,京官,1
額外評事,,京官,1
金沙場鹽大使,,京官,1
金沙場鹽課大使,,京官,1
額外郎中兼廣東司,,京官,1
角杯村巡检,巡檢,縣首領,1
金沙巡檢,巡檢,縣首領,1
角杯巡檢,巡檢,縣首領,1
顧山鎭巡検,,unknown,1
顧山鎭巡檢,巡檢,縣首領,1
金沙江巡检,巡檢,縣首領,1
顧石巡檢駐適中驲,巡檢,縣首領,1
项村司巡检,巡檢,縣首領,1
顺天府府尹,,unknown,1
闘虎店巡檢,巡檢,縣首領,1
額外員外郎兼理市西司,,京官,1
门硖口巡检,巡檢,縣首領,1
額外主事兼山西？？？？？,,京官,1
金山巡检,巡檢,縣首領,1
額外主事兼武選司事,,京官,1
額外主事兼理××司事,,京官,1
額外主事兼理客軍需局,,京官,1
額外主事兼管提牢㕔事,,京官,1
額外主事兼車駕司事,,京官,1
額外主事兼？祭司事,,京官,1
調整飭巴里坤分巡鎮迪粮務兵備道兼轄哈密？？烏魯木齊木？等處事務,,unknown,1
調整飭巴里坤分巡鎭迪粮務兵備道兼辖哈密圖展烏魯木齊木？等處事務,,unknown,1
額外主事兼？？事,,京官,1
額外主事兼？？？？事,,京官,1
金子？巡檢,巡檢,縣首領,1
額外主事？？？？？？？,,京官,1
金子？鎮巡檢,巡檢,縣首領,1
額外侍郎扎薩克貝勒,,unknown,1
金山司巡検,,unknown,1
詹事府詹事廣東學政,,省級,1
詹事府詹事兼翰林院侍讀學士,,京官,1
詹事府左春坊左庶子掌坊事兼管國子監司業事浙江正典試,,京官,1
詹事府少詹事兼翰林院侍讀學士,,京官,1
阜宁管河縣丞,縣丞,縣佐貳,1
額外侍郎蒙古貝子,,unknown,1
詹事府少詹事兼翰林院侍講學士,,京官,1
闽安镇沿海巡检,巡檢,縣首領,1
门？司巡检,巡檢,縣首領,1
額外典籍,,京官,1
額外兼主事,,unknown,1
金山場鹽課大使,,京官,1
衣锦司巡检,巡檢,縣首領,1
錦江巡檢,巡檢,縣首領,1
苗？通判駐龍勝州,通判,府佐貳,1
華楊鎭巡檢,巡檢,縣首領,1
萨拉齐巡检,巡檢,縣首領,1
萨拉齐协理通判,通判,府佐貳,1
萧县管河主簿,主簿,縣首領,1
营头司巡检兼管水岛驿,,武職,1
菱塘？巡檢,巡檢,縣首領,1
长乐巡检,巡檢,縣首領,1
菱塘巡檢,巡檢,縣首領,1
菱塘司巡檢,巡檢,縣首領,1
马迹山巡检,巡檢,縣首領,1
華陽鎭巡檢,巡檢,縣首領,1
鎭守安籠統辖長安普永等處地方總兵官,,武職,1
马道驿丞,,雜職,1
華陽巡檢,巡檢,縣首領,1
華楊鎭巡検,,unknown,1
长安镇巡检,巡檢,縣首領,1
莫離巡檢,巡檢,縣首領,1
莫离镇巡检,巡檢,縣首領,1
马驮沙新港巡检,巡檢,縣首領,1
莊浪？？通判,通判,府佐貳,1
驯象所什务汉仪正尉,,unknown,1
莊浪理事通判,理事通判,府佐貳,1
驯雉里巡检,巡檢,縣首領,1
鎭守定海丹山等處地方總兵官,,武職,1
驯马司掌印满云麾使,,unknown,1
驻劄（石+咢）嘉州判,州判,州佐貳,1
荻港巡検,,unknown,1
荻港巡检,巡檢,縣首領,1
鎭守宣化府統轄十二城堡等處地方掛印縂兵官,,unknown,1
马踏石巡检,巡檢,縣首領,1
马脑观巡检,巡檢,縣首領,1
鎭守奉天等處地方統領滿兵都統將軍,,unknown,1
马当镇巡检,巡檢,縣首領,1
葫蘆？？塩課大使,,京官,1
鎭守墨爾根等處地方副都統,,unknown,1
駕儀漢整儀尉,,武職,1
长安县驿丞,,雜職,1
董漕縣丞駐七寳鎮,縣丞,縣佐貳,1
鎭守奉天地方統領滿兵都統將軍,,unknown,1
葛沽巡検,,unknown,1
葛沽巡检,巡檢,縣首領,1
鎭守奉天熊岳等處地方副都統,,unknown,1
葉坊驛巡檢,巡檢,縣首領,1
长吉巡检,巡檢,縣首領,1
葉坊驛巡検,,unknown,1
驛塩道塩茶庫大使,,京官,1
葉坊巡檢,巡檢,縣首領,1
马口镇巡检,巡檢,縣首領,1
萬安？巡檢兼白連馹,巡檢,縣首領,1
萬安巡檢兼白連驲,巡檢,縣首領,1
长兴巡检,巡檢,縣首領,1
鎭守奉天熊岳等處地方副都統散秩大臣和碩額附,,unknown,1
马司巡检,巡檢,縣首領,1
马头巡检,巡檢,縣首領,1
萬安倉監督刑部主事,,京官,1
马宁巡检,巡檢,縣首領,1
萬壽司巡検,,unknown,1
萬全驲丞兼巡檢,巡檢,縣首領,1
萬全驛丞,,雜職,1
马底驿丞,,雜職,1
鎭守寜古塔吉臨烏喇等處都統將軍鎭國公,,unknown,1
药经司巡检,巡檢,縣首領,1
驻归化营通判,,武職,1
驻？？关通判,通判,府佐貳,1
驾仪汉整仪尉,,unknown,1
荆州左卫守备,,unknown,1
茹麻巡檢,巡檢,縣首領,1
鎭守巴里坤等處總兵官,,武職,1
茹麻嶺巡検,,unknown,1
茶马大使,,省級,1
茶引？批驗大使,,京官,1
茶引大使兼課税大使,,京官,1
鎭守庫爾喀爾烏蘇等處地方領隊大臣,,unknown,1
茫？閘閘官,,雜職,1
驿盐道盐茶库大使,,京官,1
茫胥閘閘官,,雜職,1
高井寨巡检,巡檢,縣首領,1
鎭守廣州等處地方將軍統轄滿漢八旗水師营,,武職,1
茅山镇巡检,巡檢,縣首領,1
鎭守廣州等處地方滿州副都統,,unknown,1
鎭守廣州等處地方滿州副都統統辖八旗四营官兵,,武職,1
茅山鎭巡検,,unknown,1
茅山司巡检,巡檢,縣首領,1
高亭司巡检,巡檢,縣首領,1
鎭守廣州等處地方滿州副都統辖八旗四营官兵,,武職,1
鎭守廣州等處地方漢軍副都統,,unknown,1
苦竹坝巡检,巡檢,縣首領,1
長行巡檢,巡檢,縣首領,1
苦水巡檢兼管馹務,巡檢,縣首領,1
苦水巡檢兼管四務,巡檢,縣首領,1
若水巡檢,巡檢,縣首領,1
荆州左衛守備,,武職,1
草凉驛丞,,雜職,1
荡寇山巡检,巡檢,縣首領,1
驻龙？理苗通判,通判,府佐貳,1
驻扎杨村县丞,縣丞,縣佐貳,1
驻扎永定河管河县丞,縣丞,縣佐貳,1
草？闸闸官,,雜職,1
鎭守寜古塔等處地方副都統,,unknown,1
草？閘閘官,,雜職,1
草？塲塩課大使,,京官,1
草？場塩課大使,,京官,1
長？司巡検,,unknown,1
驻扎芜湖同知,同知,府佐貳,1
草凉馹丞,,雜職,1
鎭守察哈爾等處地方都統仍兼管河爾軍臺事務,,unknown,1
草萍巡檢,巡檢,縣首領,1
草萍巡检,巡檢,縣首領,1
驻扎？县州？,,unknown,1
草市巡檢,巡檢,縣首領,1
鎭守寧古塔吉臨烏喇等處地方將軍鎭國公,,unknown,1
草市司巡検,,unknown,1
草市司巡检,巡檢,縣首領,1
草堰閘閘管,,unknown,1
驻扎？？村主簿,主簿,縣首領,1
草堰場鹽課大使,,京官,1
驻松桃同知,同知,府佐貳,1
草堰口巡検,,unknown,1
草堰口巡检,巡檢,縣首領,1
鎭守寧古塔等處地方副都統,,unknown,1
草凉驿丞,,雜職,1
長龍巡檢,巡檢,縣首領,1
駐？？？州判,州判,州佐貳,1
駐？？關通判,通判,府佐貳,1
馬頭巡検,,unknown,1
蘭儀北岸巡檢,巡檢,縣首領,1
虎頭閘巡檢兼管盇驲事,巡檢,縣首領,1
鎭守伊犂等處地方總兵官,,武職,1
虎渡口？？,,unknown,1
鎭守古城等處地方領隊大臣三等侍衛,,武職,1
駐劄江北鎮照磨,照磨,府首領,1
駐劄泊頭泊河通判,通判,府佐貳,1
蘭？管河通判,通判,府佐貳,1
鎭守右衞右翼副都統紀祿十一次,,unknown,1
蘭溪巡檢,巡檢,縣首領,1
鎭守右衞左翼掌印副都統世袭散秩大臣兼勳舊佐領紀祿五次,,武職,1
蘭溪司巡検,,unknown,1
蘭溪司巡检,巡檢,縣首領,1
蘭儀管河通判,通判,府佐貳,1
蘭仪巡检,巡檢,縣首領,1
蒙裹巡檢,巡檢,縣首領,1
蘇翹巡檢,巡檢,縣首領,1
蘇溪司巡檢,巡檢,縣首領,1
鎭守吉林等處地方副都統,,unknown,1
蘇松常鎭淮揚徐州等處提刑按察使司按察使,,unknown,1
蘇州衛守備,,武職,1
駐劄趙村管河主簿,主簿,縣首領,1
鎭守吉臨等處地方副都統,,unknown,1
駐劄（石+咢）嘉州判,州判,州佐貳,1
門闢司巡檢,巡檢,縣首領,1
駐劄？嘉州判,州判,州佐貳,1
駐劄？縣州判,州判,州佐貳,1
鎭守吐鲁番等處地方領隊大臣,,unknown,1
門關巡檢事,巡檢,縣首領,1
駐劄東？馬村主簿,主簿,縣首領,1
駐劄東場村主簿,主簿,縣首領,1
處州衛掌印守備,,武職,1
駐剳？清水？州判,州判,州佐貳,1
馬頭巡檢,巡檢,縣首領,1
衡陽巡檢,巡檢,縣首領,1
衡阳镇巡检,巡檢,縣首領,1
錦港巡檢,巡檢,縣首領,1
衞？市巡檢,巡檢,縣首領,1
衝難,,unknown,1
門？巡検,,unknown,1
街口司巡検,,unknown,1
錦田巡檢,巡檢,縣首領,1
街口司巡检,巡檢,縣首領,1
行村巡檢,巡檢,縣首領,1
馴象所什務汉儀正尉,,unknown,1
馴象所什務漢整儀尉,,武職,1
鍋宸湾巡檢,巡檢,縣首領,1
行村寨巡検,,unknown,1
行村寨巡检,巡檢,縣首領,1
蠻夷長土酋,,unknown,1
馴象所掌所事漢雲麾使,,武職,1
馴象所滿闲散雲麾使,,武職,1
融江陸峒巡檢,巡檢,縣首領,1
融江陆峒巡检,巡檢,縣首領,1
鍾溪司巡檢,巡檢,縣首領,1
馴雉巡檢,巡檢,縣首領,1
鎭守京口等處副都統兼勲？佐領,,武職,1
鎭守京口等處副都統兼勳？佐領,,武職,1
虢川巡检,巡檢,縣首領,1
虢川巡捕,,unknown,1
駐劄？？海防同知,同知,府佐貳,1
駐南？海？水利通判,通判,府佐貳,1
駐東場村主簿,主簿,縣首領,1
薊亮領運千總,,武職,1
薄漕县丞驻七宝镇,縣丞,縣佐貳,1
薄沙爪巡檢,巡檢,縣首領,1
薄沙汛巡検,,武職,1
长官司,,unknown,1
薄沙巡檢,巡檢,縣首領,1
駐澎湖通判,通判,府佐貳,1
駐胡家莊管河州判,州判,州佐貳,1
蕭縣張山巡檢,巡檢,縣首領,1
駐臨洛關通判,通判,府佐貳,1
蕭山龍潭司巡檢,巡檢,縣首領,1
蕩寇巡檢,巡檢,縣首領,1
蔡譚巡檢,巡檢,縣首領,1
蔡店镇巡檢,巡檢,縣首領,1
蔡店镇巡检,巡檢,縣首領,1
蔡店巡檢,巡檢,縣首領,1
蓟運粮河通判,通判,府佐貳,1
蓟运粮河通判,通判,府佐貳,1
蓟粮领运千总,,unknown,1
駐趙村管河主簿,主簿,縣首領,1
蓝田？巡检,巡檢,縣首領,1
蓁嶼司巡檢,巡檢,縣首領,1
蒲？批驗所大使,,雜職,1
鎭守墨爾根城等處地方副都統,,unknown,1
駐龍騰理苗通判,通判,府佐貳,1
蒲門？巡檢,巡檢,縣首領,1
駐？泊頭管？通判,通判,府佐貳,1
蒲毫批驗所大使,,雜職,1
长山巡检,巡檢,縣首領,1
駐湖潤寨巡檢,巡檢,縣首領,1
駐松桃同知,同知,府佐貳,1
薊粮領運千總,,武職,1
蘆臺場鹽課大使,,京官,1
蘆臺場鹽大使,,京官,1
蘆臺場塩課大使,,京官,1
蘆溝橋巡檢,巡檢,縣首領,1
駐松（木+？）同知,同知,府佐貳,1
蘆崇場鹽課大使,,京官,1
蘆台管河巡檢,巡檢,縣首領,1
长龙司巡检,巡檢,縣首領,1
长青司巡检,巡檢,縣首領,1
藥？巡檢,巡檢,縣首領,1
藥？司巡檢,巡檢,縣首領,1
駐松？同知,同知,府佐貳,1
駐棠陰巡檢,巡檢,縣首領,1
藏家灣閘閘官,,雜職,1
长行乡巡检,巡檢,縣首領,1
鎭守四川重慶等處地方提調漢土官兵提督銜總兵官,,武職,1
駐楊村縣丞,縣丞,縣佐貳,1
藍田巡檢,巡檢,縣首領,1
藍田口巡檢,巡檢,縣首領,1
长江埠巡检,巡檢,縣首領,1
薩？？？理事通判,理事通判,府佐貳,1
薩拉？協理通判,,武職,1
长枫夹镇巡检,巡檢,縣首領,1
薩拉齊巡檢,巡檢,縣首領,1
薊運糧河通判,通判,府佐貳,1
薊運粮河通判,通判,府佐貳,1
駐永定河管河縣丞,縣丞,縣佐貳,1
請旨分守糧儲道管轄雲武等處地方兼屯田水利事務,,省級,1
請旨分守衛永郴桂等處地方道駐剳衡州府,,unknown,1
請旨分守衛永郴桂道駐衡州府,,unknown,1
陕西等处承宣布政使司布政使,,unknown,1
陕西道监察御史,,京官,1
越支場鹽課大使,,京官,1
那合驲丞管巡檢事,,unknown,1
陕西等處提刑按察使司按察使統辖全省驛傳事務,,unknown,1
陕西等处提刑按察使司按察使,,unknown,1
雲南承宣佈政使司布政使,,unknown,1
雲南承宣布政使司布政使,,unknown,1
那陈司巡检,巡檢,縣首領,1
赵？司巡检,巡檢,縣首領,1
赭山巡檢,巡檢,縣首領,1
雲南提刑按察使司按察使,,unknown,1
雲南正主考,,unknown,1
雲南等處承宣佈政使司布政使,,unknown,1
赤龙園塩課大使,,京官,1
雙江巡檢,巡檢,縣首領,1
赤石岭巡检,巡檢,縣首領,1
那陳巡檢,巡檢,縣首領,1
赤石司巡检,巡檢,縣首領,1
赤水巡檢,巡檢,縣首領,1
邬子司巡检,巡檢,縣首領,1
赤水司巡检,巡檢,縣首領,1
陕甘提塘,,unknown,1
赤杞團塩課大使,,京官,1
赣州卫掌印守备,,unknown,1
贵州等处提刑按察使司按察使,,unknown,1
贵州等处承宣布政使司布政使,,unknown,1
贛州衛掌印守備,,武職,1
贓罰庫司庫,,京官,1
趙家村巡検,,unknown,1
雲南副？？主事,,京官,1
趙峡巡檢,巡檢,縣首領,1
趙嶴司巡檢,巡檢,縣首領,1
輕局水利同知,水利同知,府佐貳,1
軍補水利同知駐？？城,水利同知,府佐貳,1
雙渦鎮四界巡檢,巡檢,縣首領,1
道庫大使兼管廣豐？事,,京官,1
陜甘副主考,,unknown,1
軍粮州判移駐南甸,州判,州佐貳,1
雙溝巡檢,巡檢,縣首領,1
軍撲通判,通判,府佐貳,1
軍撲小利向？？？川,,unknown,1
軍捕水利同知駐肥城,水利同知,府佐貳,1
遷龍巡檢,巡檢,縣首領,1
邊貿巡檢,巡檢,縣首領,1
邛宿運河通判,通判,府佐貳,1
軍捕小利同知駐浙川,同知,府佐貳,1
雙？？？課大使,,京官,1
那南寨巡检,巡檢,縣首領,1
踏石巡检,巡檢,縣首領,1
趙？巡檢,巡檢,縣首領,1
趙村閘閘官,,雜職,1
趙村閘官,,雜職,1
雞鳴驛丞,,雜職,1
雞鳴驲丞,,unknown,1
雲南分巡通省淸軍驛傳鹽法道,,省級,1
那南寨巡檢,巡檢,縣首領,1
陕西道监察御史稽察内务府事务,,京官,1
那南巡檢,巡檢,縣首領,1
雲南分巡通省清軍驛傳鹽法道管轄雲武二府,,省級,1
贊禮郎兼樂部行走,,京官,1
雲安廠塩課大使,,京官,1
賒旗店巡検,,unknown,1
象所閒散滿治儀正,,武職,1
零溪巡檢,巡檢,縣首領,1
雷瓊道庫大使,,京官,1
象所象所滿治儀正,,武職,1
電汶塲塩課大使,,京官,1
郁山镇巡检,巡檢,縣首領,1
际下郡巡检,巡檢,縣首領,1
震泽司巡检,巡檢,縣首領,1
郎中三？輕車都尉,,京官,1
象岡司巡检,巡檢,縣首領,1
豐？庫大使,,京官,1
豐（豊）濟倉大使,,京官,1
郎中兼×東督×司事,,京官,1
豐順鄉巡檢,巡檢,縣首領,1
豐鎮廳巡检,巡檢,縣首領,1
豐鎮廳司獄,司獄,府首領,1
附生训导,訓導,教職,1
豐鎮巡檢,巡檢,縣首領,1
豐鎮司獄,司獄,府首領,1
郎中兼左領,,京官,1
阿？？塩課大使駐廣通,,京官,1
震澤巡検,,unknown,1
豐財場鹽大使,,京官,1
霊壁管河縣丞,縣丞,縣佐貳,1
豐瞻庫大使,,京官,1
霊山司巡検,,unknown,1
豐益倉監督吏部司務,,京官,1
霍爾果斯巡検,,unknown,1
零溪司巡检,巡檢,縣首領,1
际门巡检,巡檢,縣首領,1
賍罰庫司庫,,京官,1
象桐寨巡检,巡檢,縣首領,1
雲州驛丞,,雜職,1
邳州新安巡検,,unknown,1
貴德同知,同知,府佐貳,1
陌底渡巡検,,unknown,1
邳州直河巡検,,unknown,1
雲州驲丞,,unknown,1
陌底渡巡检,巡檢,縣首領,1
陌底巡檢,巡檢,縣首領,1
雲落巡檢,巡檢,縣首領,1
貴州等處承宣佈政使司布政使,,unknown,1
陈阳巡检,巡檢,縣首領,1
邳睢河同知,同知,府佐貳,1
邵伯巡检,巡檢,縣首領,1
貴州提刑按察使司按察使,,unknown,1
貴州承宣佈政使司布政使,,unknown,1
貓霧？巡檢,巡檢,縣首領,1
貊？鎮巡檢,巡檢,縣首領,1
邵波巡檢,巡檢,縣首領,1
貊貔鎮巡檢,巡檢,縣首領,1
貃？鎮巡檢,巡檢,縣首領,1
象辂汉整仪尉,,unknown,1
陇城司巡检,巡檢,縣首領,1
象輅汉漢整儀尉,,武職,1
象澗寨巡検,,unknown,1
邵源镇巡检,巡檢,縣首領,1
雲？？巡検,,unknown,1
象桐巡檢,巡檢,縣首領,1
雙淸司巡檢,巡檢,縣首領,1
雙橋巡檢,巡檢,縣首領,1
請旨分守衡永郴桂道管理衡山等處馹站駐劄衡州府,,unknown,1
通判駐饒州,通判,府佐貳,1
通判驻劄水城,通判,府佐貳,1
通判驻丹江,通判,府佐貳,1
通济仓大使,,京官,1
通判駐？甸,通判,府佐貳,1
通判駐？池大？？,通判,府佐貳,1
通判駐？州,通判,府佐貳,1
通济库大使,,京官,1
通判駐？地大？口,通判,府佐貳,1
通济闸官,,雜職,1
通判駐？,通判,府佐貳,1
陝西道監察御史稽查內務府事務,,京官,1
通济闸闸官,,雜職,1
通判駐馬家港,通判,府佐貳,1
通判駐金門,通判,府佐貳,1
辛店閘閘官,,雜職,1
通判駐臨洛？,通判,府佐貳,1
通判駐臨洛関,通判,府佐貳,1
陝西道監察禦史稽查內務府事務,,京官,1
陝西道鑑察禦史稽查內務府事務,,京官,1
通判駐緬寕,通判,府佐貳,1
通判駐紮安海,通判,府佐貳,1
陝西副典試,,unknown,1
通判駐涼？,通判,府佐貳,1
陝西副主考主事,,京官,1
通判駐洛関,通判,府佐貳,1
通判駐江西？,通判,府佐貳,1
通濟閘,,unknown,1
陪祀冠軍使掌步軍事兼佐領,,武職,1
陝西副？？主事,,京官,1
通判驻劄鲁甸,通判,府佐貳,1
通判驻扎安海,通判,府佐貳,1
通判驻扎？四大霸,通判,府佐貳,1
陝西提刑按察使司按察使,,unknown,1
陝西提塘,,unknown,1
通河管河通判,通判,府佐貳,1
陝西正主考,,unknown,1
陝西正典試,,unknown,1
通州所领运千总,,unknown,1
通州所領運千總,,武職,1
通州左所領運千總,,武職,1
通流庫大使,,京官,1
通州大運西倉監督理藩院主事,,京官,1
通州大運西倉監督戶部員外郎,,京官,1
通州大運西倉監督兵部主事,,京官,1
通州分司盐运判,,unknown,1
通州分司塩運判,,unknown,1
通州中倉監督理內閣中書,,京官,1
通州中倉監督兵部員外郎,,京官,1
通州中倉監督光祿寺典簿,,京官,1
通判？？？？？,通判,府佐貳,1
通判？？？,通判,府佐貳,1
通判？緬？,通判,府佐貳,1
陝西學正,學正,教職,1
通判？江西？,通判,府佐貳,1
通判？安海,通判,府佐貳,1
通判驻？凌,通判,府佐貳,1
通流闸官,,雜職,1
通判驻缅宁,通判,府佐貳,1
通判驻江西寨,通判,府佐貳,1
通濟閘官,,雜職,1
通判駐汀四寨,通判,府佐貳,1
通远驿丞,,雜職,1
通判銜知縣,知縣,縣正印,1
通判移駐太和鎮,通判,府佐貳,1
雁石司巡檢移駐適中驲,巡檢,縣首領,1
通判移駐南関,通判,府佐貳,1
雄岸司巡检,巡檢,縣首領,1
運捕通判,通判,府佐貳,1
雄岸司巡檢,巡檢,縣首領,1
通判教授,教授,教職,1
雄岸巡檢,巡檢,縣首領,1
通判分驻？？,通判,府佐貳,1
通九,,unknown,1
雄崖司巡檢,巡檢,縣首領,1
迷易所巡檢,巡檢,縣首領,1
运河主簿,主簿,縣首領,1
运城巡检,巡檢,縣首領,1
迎仙？沿海巡檢,巡檢,縣首領,1
迎仙沿海巡檢,巡檢,縣首領,1
雋州巡检,巡檢,縣首領,1
迎仙寨沿海巡検,,unknown,1
雒阳司巡检,巡檢,縣首領,1
迎仙寨沿海巡检,巡檢,縣首領,1
迂麓寨巡检,巡檢,縣首領,1
雒陽司巡検,,unknown,1
边冈镇巡检,巡檢,縣首領,1
雒陽巡檢,巡檢,縣首領,1
辨事大臣,,unknown,1
道員銜管銀庫事,,unknown,1
雙威巡檢,巡檢,縣首領,1
遂應楊巡檢,巡檢,縣首領,1
遂應巡檢,巡檢,縣首領,1
通判駐昌吉,通判,府佐貳,1
隴城巡檢,巡檢,縣首領,1
通判駐弥渡,通判,府佐貳,1
陪祀冠軍使掌駕庫事兼佐領,,武職,1
通判駐小安鎭,通判,府佐貳,1
陵禮部員外郎,,京官,1
通道巡檢,巡檢,縣首領,1
通道镇巡检,巡檢,縣首領,1
通判駐塘岸四？垻,通判,府佐貳,1
隆卧司巡检,巡檢,縣首領,1
隆回司巡検,,unknown,1
通判駐塘岸內大？,通判,府佐貳,1
通遠驛丞,,雜職,1
通判駐哈？,通判,府佐貳,1
隆回巡檢,巡檢,縣首領,1
隆头司巡检,巡檢,縣首領,1
通判駐劄水城,通判,府佐貳,1
隆頭巡檢,巡檢,縣首領,1
隆？巡檢,巡檢,縣首領,1
通遠驲丞兼管巡檢事,,unknown,1
通判駐剳？甸,通判,府佐貳,1
際門巡検,,unknown,1
通判駐剳黄角井,通判,府佐貳,1
通遼馹丞兼管巡檢事,,雜職,1
遂应杨巡检,巡檢,縣首領,1
通判駐剳梅彔,通判,府佐貳,1
通判駐京？,通判,府佐貳,1
通判駐五？,通判,府佐貳,1
遂應場巡檢,巡檢,縣首領,1
豐濟庫大使,,京官,1
郎中兼福建江西事,,京官,1
郎中兼稽勲司事,,京官,1
請旨分巡廣州粮儲道管通省民屯錢粮带催？？？？？利事務,,省級,1
請旨分巡建昌上南兵備道轄雅寕嘉三府眉邛二州駐剳雅州府,,unknown,1
請旨分巡廬鳳兵備道轄穎毫泗六安滁和等處,,unknown,1
青？寺巡檢,巡檢,縣首領,1
靖海司巡检,巡檢,縣首領,1
請旨分巡廬鳯兵備道辖頴亳泗六安滁和等處,,unknown,1
請旨分巡廬鳯兵備道辖穎毫泗六安滁和等處,,unknown,1
靖海司巡検,,unknown,1
請旨分巡廣饒九南兼管水利兵備道道駐剳饒州府,,unknown,1
請旨分巡廣東粮儲道管通省民屯錢粮带催科價水利事務,,省級,1
請旨分巡廣東粮儲道管通省民屯銭粮带催科價水利事務,,省級,1
都察院左副都禦史,,京官,1
請旨分巡廣東惠潮嘉等處地方兵俻道,,unknown,1
靖海巡檢,巡檢,縣首領,1
請旨分巡廣州粮儲道管通省民屯錢粮带催科價兼管水利事務,,省級,1
豐利場鹽課大使,,京官,1
静鞭汉治仪正,,unknown,1
都察院左都御史廂白旗蒙古都統,,京官,1
請旨分巡廣州粮儲道管通省民屯錢粮带催科價兼管利事務,,省級,1
請旨分巡廣州粮儲道管通省民屯銭粮带催？？？管利事務,,省級,1
請旨分巡廣州粮儲道管通省民屯銭粮带催科價兼管利事務,,省級,1
都察院左都禦史兼鑲黃旗蒙古都統仍管欽天監監正事,,京官,1
静鞭漢治儀正,,武職,1
請旨分巡左江兵備道駐剳南寧府,,unknown,1
都察院左都禦史廂黃旗蒙古都統,,京官,1
請旨分巡巡海汀漳龍等處地方道,,unknown,1
阜寧糧河縣丞,縣丞,縣佐貳,1
請旨分巡川東驛務兵備道兼辖重夔二府忠逹酉三州,,unknown,1
請旨分巡川東道轄重夔二府,,unknown,1
請旨分巡建昌上南道,,unknown,1
都察院左副都禦使順天學政,,省級,1
阜寧羊？巡檢,巡檢,縣首領,1
請旨分巡建昌上南驛務兵備道辖雅寕嘉三府眉卭二州駐劄雅州府,,unknown,1
青提渡盐场大使事,,京官,1
青桥驿丞,,雜職,1
請旨分巡直隸天津河間等處地方兼管河務兵備道河道事,,省級,1
青石巡檢,巡檢,縣首領,1
請旨分巡盧鳳道轄穎豪泗六安滁和等處,,unknown,1
青石關巡檢,巡檢,縣首領,1
請旨分巡盧鳳兵備道轄穎豪泗六安滁和等處,,unknown,1
青羊馹丞兼管巡檢,巡檢,縣首領,1
青藍司巡檢,巡檢,縣首領,1
青藍巡檢,巡檢,縣首領,1
青藍？巡檢,巡檢,縣首領,1
請旨分巡清河道轄保定正定等處,,省級,1
青鎮巡檢,巡檢,縣首領,1
青镇司巡检,巡檢,縣首領,1
阜寧？？巡檢,巡檢,縣首領,1
請旨分巡海興泉永道駐廈門,,unknown,1
請旨分巡海興泉永等處馹傳兵備道監放兵餉管辖海防駐厦門,,unknown,1
請旨分巡海興泉永等處馹傳兵備道監收兵餉管辖海防駐厦門,,unknown,1
請旨分巡浙江杭嘉湖道兼海防事,,unknown,1
青龍巡檢,巡檢,縣首領,1
請旨分巡浙江杭嘉湖兵備道兼海防事務,,unknown,1
請旨分巡河南開歸陳許兼河務兵備道,,unknown,1
請旨分巡松茂道駐剳茂州,,unknown,1
請旨分巡整饬寕夏河東河西等處地方水利兵備道,,unknown,1
請旨分巡整飭寧夏河東河西等處地方水利兵備道,,unknown,1
請旨分巡整飭寧夏河東河西水利道,,unknown,1
青龙度巡检,巡檢,縣首領,1
請旨分巡川東兵備道兼轄重夔二府忠達酉三州,,unknown,1
靳州衛守備,,武職,1
請旨分巡川北兵備道辖保潼順等處地方驛務,,unknown,1
請旨分巡四川通省清軍驛傳塩茶道轄成綿等處地方,,unknown,1
請旨分巡四川通省淸軍塩茶道辖成綿等處地方,,unknown,1
阜寕馬？巡檢,巡檢,縣首領,1
請旨分巡四川清軍驛傳鹽茶道,,unknown,1
順莊閘閘官,,雜職,1
請旨分巡吉南贛寧道駐贛州府,,unknown,1
請旨分巡吉南贛寧兼管水利地方兵備道駐劄贛州府,,unknown,1
請旨分巡吉南贛寧兼管水利兵備道駐剳贛州府,,unknown,1
請旨分巡吉南贛寕兼管馹傳水利地方兵備道駐劄贛州府,,unknown,1
鄭家巡檢,巡檢,縣首領,1
請旨分巡吉南贑寕兼管水利兵備道駐劄贑州府,,unknown,1
請旨分巡右江兵備道管轄思恩百色等處地方駐剳柳州府,,unknown,1
領侍衛內大臣理藩院右侍郎火器營掌印將軍兼管鑲白旗滿洲都統御前大臣兼？？事務管理圆眀園健鋭營等處事總管？？院上駟院事務,,京官,1
請旨分巡台灣等處地方兵備道兼理學政按察使銜,,省級,1
請旨分巡台灣等處地方兵備道兼理學政,,省級,1
采石巡检,巡檢,縣首領,1
采石巡検,,unknown,1
阜寕馬頭巡検,,unknown,1
采育巡检,巡檢,縣首領,1
請旨分巡上荊南道管安荊德宜施地方住荊州府,,unknown,1
頭等公,,unknown,1
里由鋪巡檢,巡檢,縣首領,1
請旨分守雁平道轄大朔寧忻代保兵備道兼管水利事務,,unknown,1
請旨分守雁平大朔寕沂代保地方兵備道兼管水利事務,,unknown,1
題分守冀寕道轄太汾潞漢遠沁平七府州兼管水利事務,,unknown,1
阜寕馬遷巡檢,巡檢,縣首領,1
請旨分守西延漢幹等處督糧道,,省級,1
請旨分守西延漢乾等處地方督糧道,,省級,1
請旨分巡四川通省清軍塩茶道轄成綿等處地方,,unknown,1
請旨分巡大順兵備道兼水利河道事,,省級,1
鞍匠屯巡検,,unknown,1
阜寕？湾大？巡檢,巡檢,縣首領,1
都察院掌院左都禦史兼管欽天監鑒正事務,,京官,1
請旨分巡嶽常澧道駐澧州,,unknown,1
請旨分巡岳常灃道管理巴陵等處馹站駐劄灃州,,unknown,1
都寧巡檢,巡檢,縣首領,1
都水司大使,,京官,1
鄂爾土扳巡檢,巡檢,縣首領,1
請旨分巡岳常澧等處地方道駐澧州,,unknown,1
韓莊閘關官,,unknown,1
請旨分巡山東運河兵備道兼河庫事,,unknown,1
鄂爾土板巡検,,unknown,1
項村司巡検,,unknown,1
阜寕？？？巡検,,unknown,1
請旨分巡山東兗沂曹兼管水利黃河等處地方兵備道,,unknown,1
項村巡檢,巡檢,縣首領,1
鄔子司巡檢,巡檢,縣首領,1
請旨分巡山東兖沂曹濟兼管驛傳水利黄河等處地方兵備,,unknown,1
鄔子巡檢,巡檢,縣首領,1
請旨分巡山東兖沂曹濟兼管水利黃河等處地方兵備道,,unknown,1
順天府府尹世襲一等輕車都尉,,unknown,1
鄭家口巡検,,unknown,1
請旨分巡寧紹台兼管水利海防兵備道駐劄寧波府,,unknown,1
順林司巡檢兼管驛務,巡檢,縣首領,1
請旨分巡寕紹台兼管水利海防兵備道駐剳寕波府,,unknown,1
阜寕？灣大？巡檢,巡檢,縣首領,1
請旨分巡安肅等處地方兵俻道撫治番？兼管肅鎭屯田事務駐劄甘州,,unknown,1
請旨分巡大順廣兵備道兼水利河道事務,,省級,1
順林巡檢,巡檢,縣首領,1
請旨分巡臺湾等處地方兵備道兼理學政,,省級,1
請旨分巡臺灣等處地方兵備道兼理學政,,省級,1
請旨分巡蘭州道仍專管蘭州一府倂屯田茶馬事務駐蘭州,,省級,1
郭家屯巡检,巡檢,縣首領,1
郭家屯巡検,,unknown,1
諸雀鎭巡検,,unknown,1
靑石関閲検,,unknown,1
請旨雲南通省清軍驛傳鹽法道,,省級,1
請旨雲南清軍驛傳鹽法道,,省級,1
請旨長蘆都轉鹽運使司運使加勒管鹽法道事,,省級,1
請旨長蘆都轉鹽運使司運使加勅管鹽法道事,,省級,1
請旨總理福建通省糧儲驛傳道分巡福州福寕等處地方,,省級,1
請旨總理福建通省糧儲驛傳道分巡福州寕等處地方,,省級,1
請旨總理福建糧儲驛傳道兼轄分巡福州等處,,省級,1
請旨福建鹽法道兼福廠船工事,,省級,1
阿？井塩課大使駐廣通,,京官,1
請旨福建等處鹽法道兼理福廠船工事務,,省級,1
請旨福建等處鹽法道兼理福厰船工事務,,省級,1
阿陋井鹽課駐廣迎,,unknown,1
靑羊驛丞管巡検事,,雜職,1
郭店馹丞兼巡檢事,,雜職,1
請旨督理貴州清軍糧驛道分巡癸酉等處,,unknown,1
請旨督理貴州清軍糧馹道兼巡貴平石等處地方,,unknown,1
請旨督理貴州清軍粮儲道兼管貴平石仁等處地方,,省級,1
請旨督理貴州淸軍粮儲道管貴平石仁等處馹務,,省級,1
郭店驿丞,,雜職,1
請旨督理福建通省糧儲道分巡福州福寧兼管水利事務,,省級,1
請旨督理湖南鹽法道管轄長寶二府兼管水利事務,,省級,1
請旨督理湖南驛傳鹽法道轄長寶二府等處,,省級,1
請旨督理湖南馹傳塩法道轄長寶二府等處地方,,unknown,1
郭裏八甲巡檢,巡檢,縣首領,1
讀祝官兼樂部行走,,京官,1
靑村場塩課大使事,,京官,1
郭里八甲巡檢,巡檢,縣首領,1
训导改授主簿,主簿,縣首領,1
露同知兼水利事,同知,府佐貳,1
郎中兼辦內閣侍讀,,京官,1
豐利場鹽課,,unknown,1
豐利場塩課大使,,京官,1
郎中兼驗封司,,京官,1
霸头司巡检,巡檢,縣首領,1
豊鎮廳巡檢駐張？兒,巡檢,縣首領,1
郎中山東正典試,,京官,1
郎中掌稽勲司印,,京官,1
郎中掌稽勳司印,,京官,1
豊財場塩大使,,京官,1
靈山巡檢,巡檢,縣首領,1
郎中掌驗封司印,,京官,1
郎中文選司行走,,京官,1
郑家口巡检,巡檢,縣首領,1
郑家坊巡检,巡檢,縣首領,1
郑家驿丞,,雜職,1
豊園鎭巡検,,unknown,1
豊國？巡檢,巡檢,縣首領,1
靈童巡檢,巡檢,縣首領,1
豊國巡檢,巡檢,縣首領,1
郝容巡检,巡檢,縣首領,1
靑口鎭巡検,,unknown,1
靑口鎭巡檢,巡檢,縣首領,1
靑口鎮巡檢,巡檢,縣首領,1
许村场盐课大使,,京官,1
郝穴口巡検,,unknown,1
郭里八甲巡检,巡檢,縣首領,1
阿陋井鹽課大使？？？,,京官,1
請旨分巡蘭州道専管蘭州一府幷屯田茶馬事務駐蘭州,,省級,1
請旨山東等處督粮道兼管德常臨淸事務,,省級,1
請旨山東分守濟東泰武等處地方兼管水利事務通省驛傳道,,省級,1
請旨分巡高廉等處地方兵備道駐高州府,,unknown,1
阿勒楚哈倉管,,unknown,1
請旨分巡霸昌道兼理屯田馹傳糧餉駐昌平州,,unknown,1
請旨分巡霸昌道兼理屯田糧餉駐昌平州,,unknown,1
阳水巡检,巡檢,縣首領,1
青川司巡檢,巡檢,縣首領,1
請旨分巡雷瓊等處地方兵俻道,,unknown,1
請旨分巡雲南通省清軍塩法道,,unknown,1
青州分司运同驻扎天津府,,unknown,1
請旨分巡陝西撫治西寧地方道,,unknown,1
請旨分巡迤西道,,unknown,1
請旨分巡迤西兵備道管轄大楚永景順麗蒙永等處地方,,unknown,1
請旨分巡迤東道管轄雲武臨澂廣元開東蒙鎮普等處駐甸州,,unknown,1
請旨分巡迤東道管轄曲廣開東昭澂廣等處地方駐甸州,,unknown,1
請旨分巡迆西驛堡兵備道管辖大楚永景順麗蒙永等處地方按察使銜,,unknown,1
請旨分巡迆西馹堡兵備道管辖大楚永景順？蒙永等處地方,,unknown,1
請旨分巡迆西馹堡兵備道管轄大楚永景順麗蒙永等處地方按察使銜,,unknown,1
請旨分巡迆西兵備道管轄大楚永景順麗蒙永等處地方,,unknown,1
請旨分巡迆東驛堡道管辖曲廣開東昭澂廣等處地方駐劄甸州,,unknown,1
請旨分巡迆東馹堡道管轄曲廣開東昭澂廣等處地方駐劄甸州,,unknown,1
請旨分巡迆東道管轄曲廣開東昭徵賡等處地方駐劄甸州,,unknown,1
請旨分巡貴西兵備道管轄安南大遵等處地方駐威寧州,,unknown,1
防城巡檢,巡檢,縣首領,1
請旨分巡要？等處地方兵備道撫治番彝兼管肅鎮屯田事務駐肅州,,unknown,1
請旨分巡蘭州道專辖蘭州管理屯田茶馬事務駐蘭州,,省級,1
請旨分巡蘭州道専辖蘭州管理屯田茶馬事務駐蘭州,,省級,1
阿城上下闸官,,雜職,1
青山巡檢,巡檢,縣首領,1
都事兼糧道庫大使,,省級,1
請旨山東等處督糧道兼管德常麟清倉事務,,省級,1
知縣管永盈庫,知縣,縣正印,1
靑陽鎭巡検,,unknown,1
都勻司長官司,,土司,1
靑駐寺巡檢,巡檢,縣首領,1
都同兼糧道庫大使,,省級,1
請旨督理江安徽甯池太盧鳳淮揚十府糧道,,省級,1
阿爾楚哈倉管,,unknown,1
都坪正长官司,,unknown,1
請旨浙江督理通省糧儲漕務道,,unknown,1
請旨河東都轉鹽運使司運使加敕鹽法道駐運城,,省級,1
請旨河東都轉塩運使司運使司加敕管塩法道駐剳運城,,unknown,1
都宁司巡检,巡檢,縣首領,1
請旨整饬分巡鞏秦階等處地方督理茶馬屯田道,,省級,1
請旨整饬分巡延榆綏等處地方兵俻道駐榆林府,,unknown,1
靑？司巡檢,巡檢,縣首領,1
請旨整飭鞏秦階等處地方督理茶馬屯田道,,省級,1
青倉減河巡檢,巡檢,縣首領,1
請旨整飭甘肅驛傳道兼轄蘭州等處駐蘭州,,省級,1
請旨整飭甘肅馹傳道兼轄蘭州管理屯田茶馬事務駐蘭州,,省級,1
請旨整飭甘肅地方撫治番彝兼肅鎮屯田事駐肅州,,unknown,1
青冈马驿丞,,雜職,1
請旨整飭分巡延榆綏道駐榆林府,,unknown,1
青坡司巡检,巡檢,縣首領,1
青堤渡？？？事,,unknown,1
青山司巡检,巡檢,縣首領,1
請旨撫治西寧兵備道,,unknown,1
請旨按察使司分巡臺湾等處地方兵備道兼理學政,,省級,1
若水司巡检,巡檢,縣首領,1
苏溪司巡检,巡檢,縣首領,1
經筵講官太子太保協辦大學士戶部尚書兼理刑部尚書事務,,京官,1
縣丞管沙村巡檢事,縣丞,縣佐貳,1
縣丞管禮賢巡檢事,縣丞,縣佐貳,1
黄桥司巡检,巡檢,縣首領,1
縣丞管甲馬管巡檢,巡檢,縣首領,1
縣丞管理鎮？巡檢,巡檢,縣首領,1
縣丞管獨石口,縣丞,縣佐貳,1
縣丞管獨流巡檢事,縣丞,縣佐貳,1
镇守直隶正定顺广大等处地方总兵官,,unknown,1
縣丞管湛川司巡檢,巡檢,縣首領,1
縣丞管淸涼河吏目,吏目,州首領,1
縣丞管洪山巡檢事,縣丞,縣佐貳,1
縣丞管河道？大使事,,省級,1
縣丞管河庫道大使,,省級,1
縣丞管河主簿駐趙村,主簿,縣首領,1
縣丞管歸化城巡檢,巡檢,縣首領,1
縣丞管？？場鹽課大使事,縣丞,縣佐貳,1
縣丞管歸化城巡検事,縣丞,縣佐貳,1
縣丞管武陽巡檢事,縣丞,縣佐貳,1
縣丞管武楊鎮巡檢事,縣丞,縣佐貳,1
縣丞管梁莊關事,縣丞,縣佐貳,1
縣丞管會河巡検事,縣丞,縣佐貳,1
縣丞管景和鎮巡檢事,縣丞,縣佐貳,1
縣丞管新撫巡檢事,縣丞,縣佐貳,1
縣丞管敎諭事,縣丞,縣佐貳,1
縣丞管批驗所大使,縣丞,縣佐貳,1
縣丞管慶豐閘官事,縣丞,縣佐貳,1
縣丞管慶豊閘官事,縣丞,縣佐貳,1
縣丞管惠濟閘閘官事,縣丞,縣佐貳,1
縣丞管惠濟閘,縣丞,縣佐貳,1
縣丞管管*主簿事,縣丞,縣佐貳,1
鎮守四川松潘等處提調漢土官兵控制苗彝總兵官,,武職,1
黄村巡检,巡檢,縣首領,1
縣丞管管紅梯鎮巡檢事,縣丞,縣佐貳,1
縣丞管？口巡檢事,縣丞,縣佐貳,1
縣丞管鹽池巡檢事,縣丞,縣佐貳,1
縣丞管韓莊閘關官事,縣丞,縣佐貳,1
縣丞管韓庄閘閘官事,縣丞,縣佐貳,1
縣丞管長行鄉巡檢事,縣丞,縣佐貳,1
縣丞管長行巡檢事,縣丞,縣佐貳,1
縣丞管銅山北河主簿,主簿,縣首領,1
縣丞管銅山北岸主簿,主簿,縣首領,1
縣丞管采石司巡檢,巡檢,縣首領,1
縣丞管遷龍寨巡檢,巡檢,縣首領,1
縣丞管赤石巡檢事,縣丞,縣佐貳,1
縣丞管西黃村巡檢事,縣丞,縣佐貳,1
镇守直隶热河等处地方副都统,,unknown,1
縣丞管西黃村巡檢,巡檢,縣首領,1
縣丞管複設教諭事,縣丞,縣佐貳,1
縣丞管街口巡檢事,縣丞,縣佐貳,1
縣丞管街口司巡檢事,縣丞,縣佐貳,1
縣丞管街口司巡檢,巡檢,縣首領,1
縣丞管蘭儀巡檢事,縣丞,縣佐貳,1
縣丞管莫離巡檢事,縣丞,縣佐貳,1
縣丞管臺莊閘閘官事,縣丞,縣佐貳,1
縣丞管胥江巡檢事,縣丞,縣佐貳,1
縣丞管義門巡檢,巡檢,縣首領,1
黄心通判,通判,府佐貳,1
縣丞管羊寨？巡檢,巡檢,縣首領,1
縣丞管練潭鎭巡檢,巡檢,縣首領,1
黄旭鎭巡檢,巡檢,縣首領,1
鎮守四川重慶等處提調漢土官兵總兵官,,武職,1
縣丞管往流集巡檢事,縣丞,縣佐貳,1
縣丞管張渚巡檢事,縣丞,縣佐貳,1
縣丞管八叠嶺巡檢事,縣丞,縣佐貳,1
縣丞管五山巡檢事,縣丞,縣佐貳,1
縣丞管主簿事駐東楊村,主簿,縣首領,1
鎮守奇奇哈爾等處副都統,,unknown,1
縣丞管两淮理河巡檢事,縣丞,縣佐貳,1
鎮守奉天地方統領滿兵都統將軍,,unknown,1
縣丞管三橋鎭巡檢,巡檢,縣首領,1
縣丞管七引店巡檢,巡檢,縣首領,1
鎮守奉天熊岳等處副都統,,unknown,1
黄泥灣巡檢,巡檢,縣首領,1
鎮守奉天熊岳等處地方副都統,,unknown,1
黄泥？巡检,巡檢,縣首領,1
縣丞移駐？？？,縣丞,縣佐貳,1
黄浦司巡检,巡檢,縣首領,1
镇守直隶天津等处地方水师都统,,unknown,1
镇守直隶天津等处地方水师副都统,,unknown,1
黄粱都巡檢,巡檢,縣首領,1
鎮守奉天等處地方副都統,,unknown,1
鎮守奉天等處地方統領滿兵都統將軍,,unknown,1
縣丞移駐許灣,縣丞,縣佐貳,1
黄芦岭巡检,巡檢,縣首領,1
鎮守奉天錦州等處地方副都統,,unknown,1
縣丞移駐禾坪,縣丞,縣佐貳,1
黄茅铺驿丞,,雜職,1
镇守白都诺等处地方副都统,,unknown,1
黄茅驲巡檢,巡檢,縣首領,1
縣丞移駐碧潭村,縣丞,縣佐貳,1
黄莊巡検,,unknown,1
縣丞管五山汛巡檢,,武職,1
縣丞管八疊巡檢事,縣丞,縣佐貳,1
黄橋司巡檢,巡檢,縣首領,1
縣丞管北岸巡検事,縣丞,縣佐貳,1
縣丞管常山場塩課大使事,縣丞,縣佐貳,1
縣丞管巡檢事,縣丞,縣佐貳,1
黄池鎭巡検,,unknown,1
縣丞管寬仁巡檢事,縣丞,縣佐貳,1
黄池鎭巡檢,巡檢,縣首領,1
镇守直隶山海关等处地方副都统,,unknown,1
黄池镇巡检,巡檢,縣首領,1
镇守直隶宣化府统辖十二城堡等处地方挂印总兵官,,unknown,1
镇守直隶天津统辖永蓟通河涿州赏路等处地方总兵官,,unknown,1
縣丞管大洪嶺巡檢事,縣丞,縣佐貳,1
縣丞管夏陽巡檢事,縣丞,縣佐貳,1
鎮守固原等處地方總兵官,,武職,1
鎮守墨爾根城等處地方副都統,,unknown,1
縣丞管塩池巡檢事,縣丞,縣佐貳,1
黄沙坑巡检,巡檢,縣首領,1
縣丞管坡羅？巡檢,巡檢,縣首領,1
縣丞管周莊巡檢,巡檢,縣首領,1
縣丞管吳城鎮巡檢,巡檢,縣首領,1
鎮守墨爾根等處副都統,,unknown,1
黄沙驿丞,,雜職,1
鎮守天津地方水師副都統,,武職,1
縣丞管吏目,吏目,州首領,1
縣丞管同？巡檢事,縣丞,縣佐貳,1
鎮守天津地方水師都統,,武職,1
縣丞管史目事,縣丞,縣佐貳,1
縣丞管南澗巡檢事,縣丞,縣佐貳,1
鎮守天津轄永薊通河涿州營路等處總兵官,,武職,1
縣丞管？家灣閘事,縣丞,縣佐貳,1
縣丞管？？河主簿事,縣丞,縣佐貳,1
黄谿口巡檢,巡檢,縣首領,1
黃茅馹巡檢,巡檢,縣首領,1
黃灣場塩課大使,,京官,1
镇守绥远城右翼副都统,,unknown,1
黃粱巡檢,巡檢,縣首領,1
縣丞駐本港,縣丞,縣佐貳,1
镇守福建闽粤漳潮南澳等处地方总兵官,,unknown,1
黃粱都巡檢,巡檢,縣首領,1
镇守福建金门等处地方总兵官,,unknown,1
镇守福建等处地方兼管绿旗都统将军,,unknown,1
縣丞駐提林街,縣丞,縣佐貳,1
黃粱鄉巡檢,巡檢,縣首領,1
縣丞駐張夏？,縣丞,縣佐貳,1
黃縣司巡檢,巡檢,縣首領,1
陝西承宣佈政使司布政使,,unknown,1
镇守福建漳州诏云霄等处地方总兵官,,unknown,1
縣丞管？？莊閘事,縣丞,縣佐貳,1
黃螂所巡檢,巡檢,縣首領,1
黃鄉巡檢,巡檢,縣首領,1
镇守福建海坛等处地方总兵官,,unknown,1
縣丞駐屯田管理屯田,縣丞,縣佐貳,1
縣丞駐寶灣兼水利,縣丞,縣佐貳,1
縣丞駐寶湾兼管水利,縣丞,縣佐貳,1
鎭？司巡検,,unknown,1
縣丞駐富村馹兼管？務,縣丞,縣佐貳,1
鎭？？？成都？？？方副都統,,unknown,1
縣丞駐富村馹兼管塩務,縣丞,縣佐貳,1
縣丞駐姜山？,縣丞,縣佐貳,1
黃雒巡檢,巡檢,縣首領,1
縣丞駐央浦鎮,縣丞,縣佐貳,1
縣丞駐果菴埠,縣丞,縣佐貳,1
镇守绥远城建威将军兼管右卫宣天二镇右翼察哈尔等处地方镇国公,,unknown,1
縣丞駐梁夏鎮,縣丞,縣佐貳,1
縣丞駐梁夏？,縣丞,縣佐貳,1
縣丞駐石橋鎮,縣丞,縣佐貳,1
鎭守雲南腾越等處地方控制土司苗彝辖衞所總兵官,,武職,1
镇守陕西凉州等处地方都统将军,,unknown,1
镇守陕西凉州等处地方挂印总兵官,,unknown,1
镇守陕西凉州等处地方副都统,,unknown,1
縣丞駐由川,縣丞,縣佐貳,1
黃沙巡檢,巡檢,縣首領,1
镇守陕西兴安汉羌等处地方挂印总兵官,,unknown,1
黃河水利同知,水利同知,府佐貳,1
縣丞駐灌口,縣丞,縣佐貳,1
黃泗巡檢,巡檢,縣首領,1
鎭守馬蘭関等處地方縂兵官兼管内務府縂管事務,,unknown,1
镇守贵州镇远等处地方总兵官,,unknown,1
縣丞駐淸江鎮,縣丞,縣佐貳,1
镇守贵州威宁等处地方总兵官,,unknown,1
縣丞駐泉上裏,縣丞,縣佐貳,1
鎭守黑龍江等處地方水師總管,,武職,1
縣丞駐沺坊鎮,縣丞,縣佐貳,1
縣丞駐油坊鎭,縣丞,縣佐貳,1
縣丞駐永郡裏,縣丞,縣佐貳,1
镇守贵州古州等处地方总兵官,,unknown,1
黃泗港巡檢,巡檢,縣首領,1
縣丞駐毛？管理屯田,縣丞,縣佐貳,1
黃泥湾巡檢,巡檢,縣首領,1
镇守绥远成左翼副都统,,unknown,1
鎭守黑龍江齊齊哈爾等處地方都統將軍,,unknown,1
鎭守黑龍江齊齊哈等處地方都統將軍,,unknown,1
縣丞駐大？,縣丞,縣佐貳,1
鎮守三姓等處地方副都統,,unknown,1
黃鼎司巡檢,巡檢,縣首領,1
縣丞駐劄副官村,縣丞,縣佐貳,1
鎮守四川建昌等處地方提調漢土官兵軍衛土司總兵官,,武職,1
縣丞駐剳江璜,縣丞,縣佐貳,1
縣丞駐剳江滸山,縣丞,縣佐貳,1
縣丞駐剳方村,縣丞,縣佐貳,1
縣丞駐剳新城,縣丞,縣佐貳,1
黄家穴巡檢,巡檢,縣首領,1
鎮守四川建昌等處地方提調漢土官兵軍衛士司總兵官,,武職,1
縣丞駐冷水滩,縣丞,縣佐貳,1
黄山司巡検,,unknown,1
鎮守四川建昌等處提調漢土官兵軍衛土司總兵官,,武職,1
縣丞駐五？鎮,縣丞,縣佐貳,1
鎮守四川建昌等處提調漢土官兵軍衛士司總兵官,,武職,1
黄山巡检,巡檢,縣首領,1
縣丞駐丹直鎭,縣丞,縣佐貳,1
黄山鎭巡検,,unknown,1
鎮守四川成都等處副都統輔國公,,unknown,1
鎮守四川成都等處地方副都統,,unknown,1
黄岩场盐课大使,,京官,1
黄岩場鹽課大使,,京官,1
黄州卫守备,,unknown,1
鎮守四川成都等處地方副都統輔國公,,unknown,1
黄庄巡检,巡檢,縣首領,1
鎮守四川成都等處地方副都綂,,unknown,1
縣丞駐s四？鎮,縣丞,縣佐貳,1
縣丞管？？？巡檢事,縣丞,縣佐貳,1
縣丞管？？閘閘官事,縣丞,縣佐貳,1
縣丞管？？莊閘閘官事,縣丞,縣佐貳,1
縣丞駐剳舊縣,縣丞,縣佐貳,1
縣丞駐劄南村,縣丞,縣佐貳,1
黃鼎巡檢,巡檢,縣首領,1
黄姑巡檢,巡檢,縣首領,1
鎮守京口地方副都統,,unknown,1
鎮守京口沿江沿海等處副都統,,unknown,1
縣丞駐壽川,縣丞,縣佐貳,1
鎮守京口沿江沿海等處副都統世襲？照武侯又雲騎尉,,unknown,1
縣丞駐四閣鎮,縣丞,縣佐貳,1
縣丞駐四火鎮,縣丞,縣佐貳,1
黃？司巡檢,巡檢,縣首領,1
黃？巡檢,巡檢,縣首領,1
黃？水利同知,水利同知,府佐貳,1
黄冈司巡检,巡檢,縣首領,1
黄国司巡检,巡檢,縣首領,1
镇守福建建宁等处地方总兵官,,unknown,1
黄坂巡檢,巡檢,縣首領,1
縣丞駐周堂寺,縣丞,縣佐貳,1
黄坝驿丞,,雜職,1
縣丞駐南口溪,縣丞,縣佐貳,1
縣丞駐北岸,縣丞,縣佐貳,1
镇守福建延等处地方驻扎福宁府总兵官,,unknown,1
縣丞駐劄？口,縣丞,縣佐貳,1
鎮守吉林等處地方副都統,,unknown,1
縣丞駐劄金門,縣丞,縣佐貳,1
黄坡司巡檢,巡檢,縣首領,1
黄垻驛丞,,雜職,1
黄壩馹丞,,雜職,1
黄姑屯巡検,,unknown,1
黄姑巡检,巡檢,縣首領,1
縣丞駐劄周敏,縣丞,縣佐貳,1
鎮守奉天錦州等處地方副都統兼管庄粮捕牲馹站大淩河牧羣總管事務,,unknown,1
鎮守安籠統轄長安普永等處地方總兵官,,武職,1
苏桥巡检,巡檢,縣首領,1
經筵講官户部尚書廂藍旗漢軍都統,,旗籍誤填,1
經筵講官署工部尚書都察院掌院左都禦史,,京官,1
經筵講官禮部左侍郎仍兼太常寺事務,,京官,1
鎮守廣東高州等處地方水陸官兵控制土司守禦總兵官,,武職,1
經筵講官禮部尚書教習庶吉士,,京官,1
龍門司？？,,unknown,1
經筵講官禮部尚書兼署工部尚書事,,京官,1
鎮守廣東高雷廉等處水陸官兵控制土司守禦總兵官,,武職,1
經筵講官東閣大學士管理禮部事務,,京官,1
經筵講官東閣大學士兼管理禮部事務,,京官,1
經筵講官東閣大學士兼禮部尚書管理？？事務敎習庶吉士,,京官,1
龍陵廳巡檢兼管司獄事,巡檢,縣首領,1
經筵講官文淵閣右閣事都察院左都御史,,京官,1
經筵講官户部尚書鑲藍旗漢軍都統署理吏部尚書事,,京官,1
龍陵鎮巡検,,unknown,1
經筵講官？？戶部尚書恊辦大學士？？？事務果毅公,,京官,1
經筵講官戶部左侍郎兼管順天府府尹事務,,京官,1
經筵講官戶部尚書鑲藍旗漢軍都統署理吏部尚書事,,京官,1
鎮守廣西右江隆思上等處轄漢土官兵總兵官,,武職,1
龍陵鎮巡検管司獄事,,unknown,1
經筵講官御前大臣太？？？？？大臣領侍衛内大臣文華殿大學士兼吏部尚書管理户部事務文淵閣提舉閣事兼管吏部尚書事務管理理藩院總管内務府大臣管理上駟院武備院御船處嚮道處事務正白旗满洲都統總理健鋭营圆明園八旗内府三旗官兵大臣步軍統領,,京官,1
鎮守廣西左江南太泗梧思明地方轄漢土官兵總兵官,,武職,1
龍陵鎮巡檢,巡檢,縣首領,1
經筵講官御前大臣太子太保議政大臣領侍衛内大臣文華殿大學士文淵閣提舉閣事管理吏部戶部理藩院總管內務府大臣管理上駟院武備院御船處嚮導處事務正白旗满洲都統總理健鋭營圓明園八旗内府三旗官兵大臣步軍統領,,京官,1
經筵講官御前大臣太子太保議政大臣領侍衛内大臣文華殿大學士兼吏部尚書管理户部事務文淵閣提舉閣事兼管吏部尚書事務管理理藩院總管内務府大臣管理上駟院武備院御船處嚮道處事務正白旗满洲都統總理健鋭營圓明園八旗内府三旗官兵大臣步軍統領,,京官,1
镇守河南河北等处地方总兵官,,unknown,1
經筵講官御前大臣太子太保議政大臣領侍衛内大臣文華殿大學士兼吏部尚書管理戶部事務文淵閣提舉閣事兼管吏部尚書事務管理理藩院總管内務府大臣管理上駟院武？院御船處嚮道處事務正白旗满洲都統健鋭營圆明園八旗内府三旗官兵大臣步軍統領,,京官,1
經筵講官左侍郎江南正典試教習庶吉士,,京官,1
龍？鎭巡檢,巡檢,縣首領,1
經筵講官署户部尚書,,unknown,1
龍華鎭巡檢,巡檢,縣首領,1
經筵講官議政大臣協辦大學士刑部尚書兼正紅旗满洲都統協理步軍統領衙門刑名事務,,京官,1
經筵講官議政大臣協辦大學士刑部尚書署理兵部事務兼正紅旗滿洲都統協理步軍統領衙門刑部事務,,京官,1
經筵講官領侍衛內大臣戶部尚書協辦大學士事務正紅旗蒙古都統御前大臣太子太保管理九門步軍統領事管戶部三庫事,,京官,1
龍潭巡檢,巡檢,縣首領,1
經筵講官領侍衙內大臣戶部尚書協辦大學士事務正紅旗蒙古都統御前大臣太子太保管理九門步軍統領事管戶部三庫事果毅公,,京官,1
龍潭縣丞,縣丞,縣佐貳,1
鎮守廣東碣石衛等處總兵官,,武職,1
經筵講官都察院掌院左都禦史,,京官,1
經筵講官都察院掌院左都御史,,京官,1
龍義司巡檢,巡檢,縣首領,1
經筵講官都察院左都禦史,,京官,1
經筵講官都察院左都御史順天學政,,省級,1
經筵講官都察院左都御史,,京官,1
經筵講官起居注太子太保東閣大學士兼管刑部事務,,京官,1
镇守浙江乍浦等处地方副都统,,unknown,1
經筵講官起居注太子太保東閣大學士兼管兵部尚書事務仍兼管翰林院學院學士事,,京官,1
龍義巡檢,巡檢,縣首領,1
經筵講官議政大臣？？？,,unknown,1
經筵講官議政大臣禮部尚書兼管？樂？太？寺鴻臚寺事務縂管內務府大臣廂黄旗漢軍都統,,京官,1
經筵講官議政大臣禮部尚書兼管樂部太常寺？？寺事務？？鑲紅旗漢？部？世襲三等輕車都尉左領,,京官,1
經筵講官議政大臣禮部尚書兼管樂部太常寺鴻臚寺事務鑲紅旗漢軍都統佐領,,京官,1
經筵講官議政大臣禮部尚書兼管樂部太常寺鴻臚寺事務總管管內務府大臣鑲黄旗漢軍都統,,京官,1
經筵講官議政大臣禮部尚書兼管樂部太常寺鴻臚寺事務總管内務府大臣鑲黄旗漢軍都統,,京官,1
經筵講官議政大臣禮部尚書兼管樂部太常寺鴻臚寺事務總管内務府大臣廂黄旗漢軍都統,,京官,1
龍華巡檢,巡檢,縣首領,1
經筵講官議政大臣禮部尚書兼管樂部太常寺鴻臚寺事務兼鑲紅旗漢軍都統世襲三等輕車都？左領,,京官,1
龍華鎭巡検,,unknown,1
經筵講官議政大臣禮部尚書兼管樂部太常寺鴻臚寺事務兼管內務府大臣廂黄旗漢軍都統,,京官,1
經筵講官議政大臣理藩院尚書,,京官,1
經筵講官左侍郎正黄旗滿洲副都統兼正藍旗滿洲副都統兼理太常寺事務,,京官,1
鎮守廣西左江南太潯梧？等處地方統轄漢土官兵總兵官,,武職,1
鎮守延建等處地方總兵官駐剳福寕府,,武職,1
經筵講官太子太保議政大臣禦前大臣領侍衙內大臣協辦大學士戶部？？提督司？步軍蠢領？正紅旗？？都統？？公,,京官,1
經筵講官太子太保議政大臣禦前大臣領侍衙內大臣協辦大學士戶部尚書提督衙門步軍統領事兼正紅旗？？？？？？,,京官,1
龙泉巡检,巡檢,縣首領,1
鎮守曲潯武霑等處總兵官,,武職,1
經筵講官太子太保議政大臣禦前大臣領侍衙內大臣協辦大學士京師尚書提督衙門步軍統領事兼正紅旗？？京都統果毅,,京官,1
镇守江南驻扎京口沿江沿海等处左翼副都统,,unknown,1
經筵講官太子太保議政大臣刑部尚書署理提督九門步軍統領事,,京官,1
經筵講官太子太保議政大臣刑部尚書兼鑲紅旗滿洲都統,,京官,1
經筵講官太子太保武英殿大學士文淵閣領閣事管理刑部事務御前大臣領侍衛內大臣管理廂黃旗滿洲都統誠謀英勇公,,京官,1
經筵講官太子太保武英殿大學士文淵閣領閣事管理刑部事務御前大臣領侍衛內大臣管理廂黃旗滿洲都統,,京官,1
經筵講官太子太保武英殿大學士文淵閣領閣事管理兵部刑部事務禦前大臣領侍衛內大臣管理鑲黃旗滿洲都統,,京官,1
龙湾市巡检,巡檢,縣首領,1
經筵講官太子太保東閣大學士管理禮部事務,,京官,1
經筵講官太子太保東閣大學士管理吏部事務,,京官,1
經筵講官太子太保東閣大學士兼管刑部尚書翰林院掌院？敎習庶吉士,,京官,1
經筵講官太子太保東閣大學士兼管兵部尚書事務仍兼管翰林院？院學士事,,京官,1
龙滩巡检,巡檢,縣首領,1
龙潭县丞,縣丞,縣佐貳,1
鎮守松江等處總理沿海水師總兵官,,武職,1
鎮守查哈爾等處地方副都統,,unknown,1
鎮守查哈爾等處地方都統仍管阿爾軍臺事務,,unknown,1
龙潭司巡检,巡檢,縣首領,1
經筵講官太子太保文淵閣大學士兼工部尚書,,京官,1
經筵講官太子太保戶部尚書恊辦大學士署禮部尚書事務果毅公,,京官,1
經筵講官太子太保戶部尚書協辦大學士署太常寺事務,,京官,1
經筵講官太子太保吏部尚書協辦大學士事務兼理戶部尚書事,,京官,1
龙王清江闸闸官,,雜職,1
經筵講官太子太保協辦大學士戶部尚書兼？洲部？？事務,,京官,1
龙池司巡检,巡檢,縣首領,1
龙江关选课大使,,京官,1
經筵講官左侍郎文淵閣直閣事,,unknown,1
經筵講官太子太保議政大臣禦領侍衙內大臣戶部尚書恊辦大學士事務御前大臣管步軍統領事兼正紅旗？？都統？？公,,京官,1
經筵講官左侍郎教習庻吉士兼正黃旗漢軍副都統管內務府大臣事,,京官,1
經筵講官左侍郎兼鑲黃旗滿洲副都統,,旗籍誤填,1
經筵講官左侍郎兼翰林院講官,,京官,1
镇守河南南阳等处地方总兵官,,unknown,1
鎮守延建等處駐福寧府總兵官,,武職,1
镇守江西南赣吉袁临等处地方总兵官,,unknown,1
镇守江西南瑞抚建饶等处地方总兵官,,unknown,1
經筵講官左侍郎兼管順天府府尹事,,unknown,1
經筵講官左侍郎兼管法堂事,,unknown,1
經筵講官左侍郎兼管內務府總管欽天監事務,,京官,1
镇守江宁苏松等地地方总理沿海水师总兵官,,unknown,1
經筵講官左侍郎兼正黃旗漢軍副都統管內務府大臣事,,京官,1
經筵講官左侍郎兼內務府總管兼管三庫事務,,京官,1
鎮守彝陵宜昌等處轄營衛土司總兵官,,武職,1
經筵講官工部左侍郎提督江蘇全省學正,,京官,1
龐陵？巡檢,巡檢,縣首領,1
镇守江宁统辖镇江等处地方满兵都统将军,,unknown,1
龙义司巡检,巡檢,縣首領,1
經筵講官工部尚書兼管順天府府尹事,,京官,1
經筵講官工部尚書兼管府尹事務,,京官,1
經筵講官太子少保東閣大學士管理禮部？？？？？？？？？？？？？？？,,京官,1
龙华镇巡检,巡檢,縣首領,1
龙川巡检,巡檢,縣首領,1
經筵講官太子少保戶部尚書稽查上諭事件,,京官,1
龙桥司巡检,巡檢,縣首領,1
經筵講官太子太傅文淵閣大學士兼工部尚书書,,京官,1
經筵講官太子太保領侍衛內大臣戶部尚書協辦大學士事務御前大臣管步軍統領事兼正紅旗蒙古都統,,京官,1
鎮守廣東碣石衛等處地方總兵官,,武職,1
鎮守廣東瓊瓊水陸等處地方總兵官,,武職,1
黄鄉所巡檢,巡檢,縣首領,1
縣丞分駐木瀆鎮,縣丞,縣佐貳,1
縣丞分駐石師街,縣丞,縣佐貳,1
镇守湖广永州等处地方控制猺？总兵官,,unknown,1
鎮守寧古塔吉臨烏喇等處地方將軍,,unknown,1
鎮守寧古塔等處地方副都統,,unknown,1
縣丞分駐白？？,縣丞,縣佐貳,1
縣丞分駐白？井,縣丞,縣佐貳,1
縣丞分駐灭？,縣丞,縣佐貳,1
縣丞分駐油尾,縣丞,縣佐貳,1
鎮守山東兗州等處總兵官,,武職,1
鎮守山東登州等處地方駐剳登州總兵官,,武職,1
黑田？巡检,巡檢,縣首領,1
黑龍江檔房主事,,京官,1
镇守湖广彝陵宜昌等处地方管辖营卫土司总兵官,,武職,1
镇守浙江黄岩等处地方总兵官,,unknown,1
經筵？起？？信太子太保文華殿大學士文淵閣領閣事管理戶部事務兼翰林院？？大學士世襲一等輕市都？,,京官,1
黑龍江管？主事,,unknown,1
縣丞分駐孤井関,縣丞,縣佐貳,1
縣丞分駐天莪,縣丞,縣佐貳,1
鎮守山東登州等處駐登州總兵官,,武職,1
黑龙江理刑司主事,,京官,1
镇守浙江金衢严等处地方总兵官,,unknown,1
縣丞分駐大峩,縣丞,縣佐貳,1
黑龙江银库主事,,京官,1
鼇山巡檢,巡檢,縣首領,1
齊奏,,unknown,1
镇守浙江衢州等处地方官,,unknown,1
齊家庄巡検,,unknown,1
縣丞分駐勝秉,縣丞,縣佐貳,1
黄？洞巡检,巡檢,縣首領,1
縣丞分駐石門街,縣丞,縣佐貳,1
縣丞分駐紅水兼管？馹,縣丞,縣佐貳,1
黄？河巡检,巡檢,縣首領,1
縣丞移駐木高,縣丞,縣佐貳,1
镇守湖广镇筸统辖辰沅二协永保五草各土司等处地方总兵官,,unknown,1
黄雅司巡检,巡檢,縣首領,1
黄顙口巡檢,巡檢,縣首領,1
鎮守安龍統轄長安普永等處總兵官,,武職,1
黄鼎司巡檢,巡檢,縣首領,1
鎮守定海丹山等地方總兵官,,武職,1
黄龍鎭巡検,,unknown,1
縣丞移駐大橋,縣丞,縣佐貳,1
縣丞移駐亭傍,縣丞,縣佐貳,1
縣丞移駐五？鎮,縣丞,縣佐貳,1
縣丞監興出驲,縣丞,縣佐貳,1
縣丞朱禾坪,縣丞,縣佐貳,1
鎮守定海丹山等處地方總兵官,,武職,1
縣丞幹水口司巡檢,巡檢,縣首領,1
縣丞分駐？？市,縣丞,縣佐貳,1
镇守湖广襄阳等处地方总兵官,,unknown,1
鎮守定海舟山等處總兵官,,武職,1
縣丞分駐？里,縣丞,縣佐貳,1
鎮守宣化府統轄十二城堡地方掛印總兵官,,武職,1
縣丞分駐？秉,縣丞,縣佐貳,1
镇守湖广荆州等处地方都统将军奉恩辅国公,,unknown,1
鎮守宣化府轄十二城堡地方掛印總兵官,,武職,1
镇守湖广荆州等处地方左翼副都统,,unknown,1
镇守湖广荆州等处地方右翼副都统,,unknown,1
鎮守察哈爾等處地方都統,,unknown,1
縣丞分駐自流井,縣丞,縣佐貳,1
齊家庒巡檢,巡檢,縣首領,1
鎮守山海關等處地方副都統,,省級,1
齐奏官,,unknown,1
縣丞借補大洪司巡檢,巡檢,縣首領,1
龍川江巡檢,巡檢,縣首領,1
鎮守廣東廣州等處地方左翼總兵官世襲騎都尉駐剳虎門,,武職,1
镇守浙江杭州等处地方统辖满汉官兵都统将军,,unknown,1
縂辦堂務事件後所冠軍使,,武職,1
縂辦堂務事件左所冠軍使,,武職,1
縂理州判监理船政,州判,州佐貳,1
練？鎮巡檢,巡檢,縣首領,1
鎮守廣東廣州等處左翼總兵官,,武職,1
龍江？？課大使,,京官,1
練？鎭巡檢,巡檢,縣首領,1
龍江？？？大使,,京官,1
練潭巡檢,巡檢,縣首領,1
練淵鎭巡檢,巡檢,縣首領,1
緬寜州巡檢,巡檢,縣首領,1
緝捕同知駐銅鼓營,,武職,1
龍湾市巡檢,巡檢,縣首領,1
維西？判,,unknown,1
鎮守廣東潮州地方總兵官,,武職,1
龍源橋巡檢,巡檢,縣首領,1
鎮守廣東潮州等处地方總兵官,,武職,1
龍滾巡檢,巡檢,縣首領,1
鎮守廣東潮州等處地方總兵官,,武職,1
綠山間虎巡檢,巡檢,縣首領,1
經？,,unknown,1
經筵？？起？？？太子太保武英殿大學士管理吏部事務頭等誠謀？勇公,,京官,1
鎮守廣東瓊州水陸等處總兵官,,武職,1
經筵？？起居注？太子太保文華殿大學士文淵閣？？事管理戶部事務兼翰林院掌？學士一等輕車都尉,,京官,1
縣丞借補大同？？,,unknown,1
縣丞借補經歷,經歷,府首領,1
縣丞分駐凱裏,縣丞,縣佐貳,1
縣丞借補義門司巡檢,巡檢,縣首領,1
縣丞分防水貢,縣丞,縣佐貳,1
縣丞分防本貢,縣丞,縣佐貳,1
縣丞兼？浦塘駐高橋,縣丞,縣佐貳,1
縣丞兼管？？所大使事,縣丞,縣佐貳,1
縣丞兼管糧鹽水利,縣丞,縣佐貳,1
縣丞兼管糧務駐五？,縣丞,縣佐貳,1
縣丞兼管粮塩水利事,縣丞,縣佐貳,1
齐？？巡检,巡檢,縣首領,1
縣丞兼管粮務駐五保,縣丞,縣佐貳,1
鎮守山西右衛右翼副都綂,,unknown,1
龍勝通判屬龍？司巡檢,巡檢,縣首領,1
鎮守山西大同統轄雁門三關等處地方掛印總兵官,,武職,1
龍坪鎭巡検,,unknown,1
縣丞兼管批驗所典史事,縣丞,縣佐貳,1
鎮守山西太原等處地方總兵官,,武職,1
縣丞兼管大？？事,縣丞,縣佐貳,1
縣丞兼管大通？？事,縣丞,縣佐貳,1
镇守浙江温州等处地方总兵官,,unknown,1
龍山鎭巡検,,unknown,1
龍川巡檢,巡檢,縣首領,1
縣丞兼管大興？？事,縣丞,縣佐貳,1
縣丞兼理海塘駐高橋,縣丞,縣佐貳,1
鎮守廣州等處左翼副都統統轄八旗四營官兵世襲騎都尉又一雲騎尉,,武職,1
鎮守廣東右翼南邵等處總兵官,,武職,1
縣丞兼批驗所大使,縣丞,縣佐貳,1
縣丞兼批驗所,縣丞,縣佐貳,1
縣丞備補？？主簿,主簿,縣首領,1
鎭守陵鎮等處地方總兵官駐劄馬蘭関,,武職,1
縣丞駐石牌？兼管水利,縣丞,縣佐貳,1
縣丞駐石閘,縣丞,縣佐貳,1
鳳凰㕔訓導,訓導,教職,1
鳖山卫巡检,巡檢,縣首領,1
翰林院侍講河南學政,,省級,1
鎭守浙江黄巖等處地方總兵官,,武職,1
長安驲丞,,unknown,1
翰林院侍講敎習庶吉士,,京官,1
鎭守湖北彝陵宜昌等處地方管辖營衞土司總兵官,,武職,1
翰林院侍講提督雲南學政,,省級,1
翰林院侍講學士湖南學政,,省級,1
翰林院侍講學士教習庻起士,,京官,1
翰林院侍講學士教習庶吉士,,京官,1
鳯凰廰訓導,訓導,教職,1
長安驛丞,,雜職,1
鳯凰營巡檢,,武職,1
翰林院主事,,京官,1
鎭守江南駐劄京口沿江沿海等處左翼副都統,,unknown,1
翰林教授主事,教授,教職,1
翰林改？主事,,京官,1
鎭守湖北荆州等處地方將軍,,unknown,1
鎭守湖北荆州等處地方將軍又一雲騎尉,,unknown,1
鳳凰廳巡檢,巡檢,縣首領,1
鳳凰廳教諭管訓導事,教諭,教職,1
翰林改授員外郎兼山東司,,京官,1
鳳凰廳通判,通判,府佐貳,1
鳳凰營同知,,武職,1
鎭守湖南永州統轄衡賓二協？武宜章桂陽武剛等處地方控制猺彝總兵官,,武職,1
羊腸巡檢,巡檢,縣首領,1
羊寨鄕巡検,,unknown,1
羊寨鄉巡檢,巡檢,縣首領,1
鰲山衞巡検,,unknown,1
翰林院侍講雲南正典試,,京官,1
鎭守浙江黄嚴等處地方總兵官,,武職,1
鎭守浙江金衢嚴處等處地方提督管總兵官事,,unknown,1
鎭守河南河北地方總兵官,,武職,1
翰林院庶吉士,,京官,1
鬱山鎮巡檢,巡檢,縣首領,1
鎭守泰寕陵鎭轄易州紫荊馬水沿河捕樊廣等處營制總兵官內務府總管,,京官,1
魏城驿丞,,雜職,1
翰林院侍？？士提督廣東全省學政,,省級,1
魏家湾巡检,巡檢,縣首領,1
翰林院侍？,,京官,1
鎭守泰寧陵鎭統轄易州紫荊馬水沿河捕樊廣等處營制總兵官,,武職,1
魏家湾巡検,,unknown,1
翰林院侍读学士提督陕甘学政,,省級,1
翰林院侍读学士提督福建学政,,省級,1
魏灣巡檢,巡檢,縣首領,1
翰林院侍讲提督云南学政,,省級,1
鎭守浙江杭州等處地方統轄滿漢官兵都統將軍,,unknown,1
長林場塩課大使事,,京官,1
翰林院侍讀貴州正典試,,京官,1
翰林院侍讀廣東正考官,,京官,1
長山河務同知,同知,府佐貳,1
鎭守浙江温州等處地方總兵官,,武職,1
翰林院侍讀學士陝甘學政,,省級,1
翰林院侍讀學士提督陝甘學政,,省級,1
鎭守浙江溫州等處地方總兵官,,武職,1
翰林院侍讀學士提督福建學政,,省級,1
鮀浦巡檢,巡檢,縣首領,1
翰林院侍讀學士廣西學政,,省級,1
鮎魚口巡検,,unknown,1
羊寨乡巡检,巡檢,縣首領,1
鎭守湖廣彝陵宜昌等處地方管轄營衛土司總兵官,,武職,1
鎭守湖廣荊州等處地方右翼副都統,,unknown,1
署都察院左副都御史,,京官,1
署經筵講官左侍郎順天學政,,省級,1
鴻臚寺卿山東學政,,省級,1
署給事中河南學政,,省級,1
署給事,,unknown,1
署禮部尚書,,京官,1
長墩巡檢,巡檢,縣首領,1
署理鎮守直隸宣化府統轄十二城堡等處地方掛印總兵官,,武職,1
署理鎮守山西大同統轄雁門三關等處地方掛印總兵官,,武職,1
署理都察院左副都御史事,,京官,1
署理藩院尚書事,,京官,1
鵝埠巡檢,巡檢,縣首領,1
署理给事中,,京官,1
署理總督倉場事務都察院左副都禦使,,省級,1
署理總督倉場事務都察院左副都御史,,省級,1
署理給事中,,京官,1
署理江西通省塩法道兼管瑞袁臨等處地方,,unknown,1
署理提督江南全省等處地方軍務總兵官,,武職,1
署理掌四川道事監察御史,,京官,1
鵝龍司巡檢,巡檢,縣首領,1
署理掌印給事,,unknown,1
鵝龍巡檢,巡檢,縣首領,1
長吉巡檢,巡檢,縣首領,1
署理左侍郎事務內閣學士,,京官,1
鵞飛司巡檢,巡檢,縣首領,1
署理左侍郎事務,,unknown,1
鷹潭鎭巡檢,巡檢,縣首領,1
鸡鸣县丞,縣丞,縣佐貳,1
署给事中,,京官,1
長壽巡檢,巡檢,縣首領,1
羊二莊巡撿,,unknown,1
長夀司巡檢,巡檢,縣首領,1
羊二庄巡検,,unknown,1
羊二庄巡撿,,unknown,1
鎭守湖廣荊州等處地方左翼副都統,,unknown,1
羅防巡檢,巡檢,縣首領,1
鳳凰營直隸同知,,武職,1
羅渡鎮巡檢,巡檢,縣首領,1
羅渡巡檢,巡檢,縣首領,1
羅岡巡檢,巡檢,縣首領,1
鳳陽衛守備,,武職,1
鎭守湖廣荊州等處地方都統將軍,,unknown,1
鳴贊鴻廳寺？兼理,,京官,1
鎭守湖廣鎭筸統轄辰沅二協永保五筸各土司等處總兵官,,武職,1
鳴贊鴻臚寺卿兼理,,京官,1
羅坊巡檢,巡檢,縣首領,1
署？？起居注官翰林院侍講學士山西學政,,省級,1
署？提督江南全省等處地方軍務總兵官,,武職,1
署鎮守直隸正定順廣大等處地方總兵官,,武職,1
鳴鞭官兼公中兼佐領,,武職,1
署鎮守浙江杭州等處地方轄滿洲官兵將軍,,unknown,1
署鎮守山西大同統轄雁門等處地方掛印總兵官,,武職,1
署鎮守山西大同統轄雁門三関等處地方掛印總兵官,,武職,1
鳴鶴場鹽課大使,,京官,1
長安縣丞,縣丞,縣佐貳,1
署鎭守廣州等處地方將軍統轄滿漢八旗水師营,,武職,1
鳴？？？課大使,,京官,1
署都察院掌院左都御史？輕車都尉加三级紀祿五十一次紅带子,,京官,1
署都察院掌院左都御史,,京官,1
翰林院授主事,,京官,1
鬰林巡檢,巡檢,縣首領,1
縣丞駐砖坪,縣丞,縣佐貳,1
舊太倉監督吏部員外郎,,京官,1
船溪驿丞,,雜職,1
鎭守廣東高廉羅三府等處地方水陸官兵控制土司守禦總兵官,,武職,1
高家镇巡检,巡檢,縣首領,1
鎭守廣東高廉雷三府等處地方水陸官兵控制土司守禦總兵官,,武職,1
舖？司巡檢,巡檢,縣首領,1
舊縣鎮巡檢,巡檢,縣首領,1
高山域巡检,巡檢,縣首領,1
舊縣巡検,,unknown,1
舊江巡檢,巡檢,縣首領,1
高山域巡檢,巡檢,縣首領,1
高山巡檢,巡檢,縣首領,1
舊太倉監督理藩院員外郎,,京官,1
高才坂巡检,巡檢,縣首領,1
舊太倉監督刑部員外,,京官,1
高？？主簿,主簿,縣首領,1
興？鎮巡檢,巡檢,縣首領,1
高才坂巡検,,unknown,1
興濟鎭巡檢,巡檢,縣首領,1
興濟汛巡檢,,武職,1
高才垻巡檢,巡檢,縣首領,1
興濟嶺巡検,,unknown,1
高才巡檢,巡檢,縣首領,1
興泰里巡検,,unknown,1
興泰巡檢,巡檢,縣首領,1
興武衛守備,,武職,1
興平倉監督工部員外郎,,京官,1
興平倉監督吏部主事,,京官,1
興國塲塩课大使,,京官,1
良山司巡檢,巡檢,縣首領,1
良旧司巡檢,巡檢,縣首領,1
鎭守廣東高州等處地方水陸官兵控制土司守禦總兵官,,武職,1
高家巡檢,巡檢,縣首領,1
苏松常镇淮扬徐州等处提刑按察使司按察使,,unknown,1
苏州织造乌林大,,省級,1
苏州白粮帮领运千总,,unknown,1
苏州帮领运千总,,unknown,1
苏州巡检,巡檢,縣首領,1
苏州卫守备,,unknown,1
芹泉驿丞,,雜職,1
芹泉驛丞？？巡検事,,雜職,1
高亭巡檢,巡檢,縣首領,1
芹泉馹丞兼管巡検事,,雜職,1
高亷道庫大使,,京官,1
花石源巡检,巡檢,縣首領,1
花石巡檢,巡檢,縣首領,1
花橋巡檢,巡檢,縣首領,1
長蘆都轉塩運使司運使加勅管塩法道事,,unknown,1
鎭守廣東廣州等處地方將軍統辖滿漢八旗水師营,,武職,1
高仰巡檢,巡檢,縣首領,1
花园镇巡检,巡檢,縣首領,1
高城？巡檢,巡檢,縣首領,1
芦臺管河巡檢,巡檢,縣首領,1
鎭守廣東廣州等處將軍統轄滿漢八旗水師营,,武職,1
芦溝橋巡檢,巡檢,縣首領,1
高家偃主簿,主簿,縣首領,1
芦溝橋巡検,,unknown,1
長浦巡檢,巡檢,縣首領,1
色爾登巡檢,巡檢,縣首領,1
良興司巡検,,unknown,1
興國場鹽課大使,,京官,1
鎭守廣西左江南太潯梧？上等處地方統辖漢土官兵總兵官,,武職,1
興化？巡檢,巡檢,縣首領,1
聚？？？課大使,,京官,1
聚寶門稅課司大使,,雜職,1
高泉巡检,巡檢,縣首領,1
高泉巡檢,巡檢,縣首領,1
聚寳門税課大使,,京官,1
聚寳門宣課大使,,京官,1
高泉鎮巡檢,巡檢,縣首領,1
聚寳門塩課大使,,京官,1
聖惠？巡檢,巡檢,縣首領,1
高邮管河通判,通判,府佐貳,1
長江埠巡検,,unknown,1
鎭守歸化城等處地方副都統奉恩輔公,,unknown,1
聖惠巡檢,巡檢,縣首領,1
老？鎮巡檢,巡檢,縣首領,1
老？堡巡檢,巡檢,縣首領,1
鎭守歸化城等處地方副都統奉恩輔國公散秩大臣,,unknown,1
鎭守江北狼山統轄廬鳯淮揚滁和等處地方總兵官,,武職,1
鎭守江北狼山統轄盧鳯淮揚滁和等處地方總兵官,,武職,1
老營巡檢,,武職,1
老營堡巡検,,武職,1
高郵州？？州同,州同,州佐貳,1
鎭守江南江寕？沿海沿江等處地方兼管緑旗都統將軍,,unknown,1
高郵管河通判,通判,府佐貳,1
翰林？？？？,,unknown,1
翰林？授主事,,京官,1
高鎮巡檢,巡檢,縣首領,1
高非寨巡檢,巡檢,縣首領,1
長楓庫大使,,京官,1
聚？門？課大使,,京官,1
職方司郎中兼司事,,京官,1
興化縣丞,縣丞,縣佐貳,1
肇陈口巡检,巡檢,縣首領,1
興化巡檢,巡檢,縣首領,1
鎭守拉林等處地方副都統,,unknown,1
興化安豊巡検,,unknown,1
高梁垻巡檢,巡檢,縣首領,1
長江巡檢,巡檢,縣首領,1
臺東陵員外郎,,京官,1
臺懷鎮巡檢,巡檢,縣首領,1
臺懷巡檢,巡檢,縣首領,1
至聖廟官勾,,unknown,1
至圣阁？勾,,unknown,1
鎭守拉林阿爾楚哈等處地方副都統,,unknown,1
臨興場鹽課大使,,京官,1
臨清衛守備,,武職,1
高橋司巡检,巡檢,縣首領,1
臨淮鎭巡檢,巡檢,縣首領,1
臨淮巡檢,巡檢,縣首領,1
臨捕州判,州判,州佐貳,1
臧罰庫司庫,,京官,1
高橋司巡検,,unknown,1
胥江巡檢,巡檢,縣首領,1
鎭守查哈爾等處地方都統,,unknown,1
胥江司巡检,巡檢,縣首領,1
高橋巡検,,unknown,1
胡圖璧巡檢,巡檢,縣首領,1
胡圖堡巡檢,巡檢,縣首領,1
高橘司巡檢,巡檢,縣首領,1
高泉司巡検,,unknown,1
署理左侍郎,,unknown,1
署理山西太原等處地方總兵官,,武職,1
署理山東道事監察御史,,京官,1
總捕水利同知駐臨城,水利同知,府佐貳,1
總督倉塲戶部右侍郎署鑲紅旗漢軍副都統,,省級,1
總理靑海賀兰山額濟內各蒙古部落事務大臣駐西寕,,unknown,1
總理闢展事務大臣,,unknown,1
總理河道塘務,,省級,1
總理庫車兼轄沙雅尔事務大臣,,unknown,1
總理哈拉沙拉事務大臣,,unknown,1
鎭守福建臺灣等處地方掛印總兵官,,武職,1
總撲通判,通判,府佐貳,1
總撲同知,同知,府佐貳,1
總捕？？同知駐？？,同知,府佐貳,1
總捕通判駐王？？,通判,府佐貳,1
镇守陵镇等处地方总兵官驻扎马蘭关,,unknown,1
總捕海防同知駐停旁,同知,府佐貳,1
總捕州判兼管水利分？？？,州判,州佐貳,1
署理右侍郎二等信勇公,,unknown,1
麻柳巡檢,巡檢,縣首領,1
镇守陕西西安等处地方统辖满兵都统将军,,unknown,1
鎭守綏遠城右翼副都統,,unknown,1
麻柳楊巡檢,巡檢,縣首領,1
縣孫駐莊浪,,unknown,1
縣丞？？？？？,縣丞,縣佐貳,1
縣丞？？？？巡檢事,巡檢,縣首領,1
縣丞？？？井関,縣丞,縣佐貳,1
縣丞？？？,縣丞,縣佐貳,1
縣丞？？閘官事,縣丞,縣佐貳,1
鎭守綏遠城將軍管右衞等處地方,,unknown,1
縣丞？？目？？屯田,縣丞,縣佐貳,1
縣丞？？湾兼管水利,縣丞,縣佐貳,1
總督江南南河等處河道提督軍務兵部侍郎兼都察院右都御史,,省級,1
總督江南南河等處河道提督軍務兵部尚書兼都察院右都禦使,,省級,1
總督銜兵部侍郎兼都察院右副都御史巡撫湖北等處地方提督軍務兼理粮餉,,省級,1
鹿角巡檢,巡檢,縣首領,1
鹽運河經歷,經歷,府首領,1
经历？？？？？,經歷,府首領,1
经历驻劄巧家营,,武職,1
鹽運經歷,經歷,府首領,1
经历驻劄安顺州兼管巡检事,經歷,府首領,1
经历管司狱事,經歷,府首領,1
鹽運經歷管餘西場鹽課事,經歷,府首領,1
经历兼粮道库大使事,,省級,1
鹽門司巡檢,巡檢,縣首領,1
经历兼管银？库大使事,經歷,府首領,1
经历兼管批验所大使,經歷,府首領,1
经历兼管司狱,司獄,府首領,1
经历兼司狱事,經歷,府首領,1
鹽驲道庫大使,,京官,1
绍兴府粮仓批验所大使,,京官,1
绍兴卫掌印守备,,unknown,1
總？水利同知,水利同知,府佐貳,1
鹿仔港巡检,巡檢,縣首領,1
鹿仔港巡檢,巡檢,縣首領,1
鹿步司巡检,巡檢,縣首領,1
總粮捕通判,糧捕通判,府佐貳,1
鎭守福建汀延邵等處地方總兵官,,武職,1
鹿步巡檢,巡檢,縣首領,1
鹿角司巡检,巡檢,縣首領,1
镇守黑龙江等处地方水师总管,,unknown,1
總督閩浙等處地方軍務兵部尚書兼都察院右都禦使兼理糧餉,,省級,1
鎭守福建海壇等處地方總兵官,,武職,1
縣丞？？大洪司巡檢,巡檢,縣首領,1
縣丞？？吏目,吏目,州首領,1
縣丞？？司獄,司獄,府首領,1
镇守陕西西宁临巩等处地方统辖汉土番回挂印总兵官,,unknown,1
鎭守錦州等處地方副都統兼管庄？？牲？站大？及河牧羣？？事務,,unknown,1
縣丞駐貴？所,縣丞,縣佐貳,1
镇守陕西河州等处地方挂印总兵官,,unknown,1
縣丞駐貴陽所,縣丞,縣佐貳,1
镇守陕西延绥等处地方挂印总兵官,,unknown,1
镇守陕西庄浪宁夏等处地方副都统,,unknown,1
黃姑巡檢,巡檢,縣首領,1
黃家巡檢,巡檢,縣首領,1
縣丞駐西火鎮,縣丞,縣佐貳,1
黃家穴巡檢,巡檢,縣首領,1
镇守陕西宁夏等处地方都统将军,,unknown,1
黃山巡檢,巡檢,縣首領,1
镇守陕西宁夏等处地方总兵官,,unknown,1
縣丞駐舟？,縣丞,縣佐貳,1
縣丞駐舟直鎮,縣丞,縣佐貳,1
縣丞駐舟南,縣丞,縣佐貳,1
镇守陕西宁夏等处地方副都统,,unknown,1
縣丞駐羗原鎮,縣丞,縣佐貳,1
縣丞駐羗北鎮,縣丞,縣佐貳,1
镇守陕西宁夏右翼等处地方副都统,,unknown,1
縣丞駐紮麻沽,縣丞,縣佐貳,1
縣丞駐紮南溪,縣丞,縣佐貳,1
黃州衛守備,,武職,1
縣丞駐管前,縣丞,縣佐貳,1
黃彖穴巡檢,巡檢,縣首領,1
縣丞駐祖廟鎮,縣丞,縣佐貳,1
縣丞駐礶口,縣丞,縣佐貳,1
镇守陕西肃州等处地方挂印总兵官左都督,,unknown,1
縣丞駐阿裏港,縣丞,縣佐貳,1
縣丞？駐星村,縣丞,縣佐貳,1
镇守陕西西安右翼等处地方副都统,,unknown,1
縣丞？駐南？鎮,縣丞,縣佐貳,1
縣丞？補巡檢,巡檢,縣首領,1
鎭守綏遠城左翼副都統,,unknown,1
縣丞？管河巡檢事,縣丞,縣佐貳,1
縣丞？歸德所,縣丞,縣佐貳,1
縣丞點調寶山所,縣丞,縣佐貳,1
縣丞駐？？？,縣丞,縣佐貳,1
縣丞駐？？鎭,縣丞,縣佐貳,1
縣丞駐？？管？屯田,縣丞,縣佐貳,1
縣丞駐？？管理屯田,縣丞,縣佐貳,1
縣丞駐？？嶺,縣丞,縣佐貳,1
縣丞駐？門,縣丞,縣佐貳,1
鎭守綏遠城建威将軍兼管右衞宣天二鎭右翼查哈爾等處奉恩輔國公,,unknown,1
縣丞駐？菴鎮,縣丞,縣佐貳,1
縣丞駐？盼,縣丞,縣佐貳,1
縣丞駐？湾兼管水利,縣丞,縣佐貳,1
縣丞駐？清兼管水利,縣丞,縣佐貳,1
縣丞駐？山？,縣丞,縣佐貳,1
縣丞駐？大？,縣丞,縣佐貳,1
縣丞駐？城鎮,縣丞,縣佐貳,1
麻池沟巡检,巡檢,縣首領,1
縣丞駐馬？井,縣丞,縣佐貳,1
黃國司巡檢,巡檢,縣首領,1
鎭守蘇松等處地方縂理沿海水師縂兵官,,武職,1
鎭守蘇松等處地方總理沿海水師總兵官,,武職,1
黃坡巡檢,巡檢,縣首領,1
縣丞駐阿？鎭,縣丞,縣佐貳,1
经筳日講起居注官太子太保文淵閣大學士文淵閣領閣事兼吏部尚書翰林院掌院學士管理？？？？,,京官,1
经筳日講起居注官太子太保議政大臣武英殿大學士文淵閣領閣事管理兵部刑部户部三庫事務翰林院掌院學士敎習庶吉士御前大臣領侍衞内大臣管理廂黄旗满洲都统,,京官,1
经筳讲官兵部左侍郎兼管国子监祭酒事兼正白旗副都统教习庶吉士,,京官,1
署日講官起居注官翰林院侍講學士,,京官,1
署提督貴州全省軍務轄漢土官兵控制苗彝總兵官,,武職,1
署掌貴州道事監察御史稽察內務府兵科給事中,,京官,1
鹽井渡巡檢,巡檢,縣首領,1
署掌江西道事監察御史,,京官,1
鎭守直隷天津統辖永蓟通河涿州營路等處縂兵官,,武職,1
署掌印給事中,,京官,1
署掌京畿道監察御史安徽學政,,省級,1
鎭守直隷天津統辖永蓟通河涿州營路等處總兵官,,武職,1
鹽場巡檢,巡檢,縣首領,1
署左侍郎督察院左副都御史,,京官,1
鎭守直隷正定順廣大等處地方縂兵官,,unknown,1
鎭守直隷正定順廣大等處地方總兵官,,武職,1
署巡視西城湖廣道監察御史,,京官,1
署巡視西城戶科掌印給事中,,京官,1
署巡視東城刑科掌印給事中掌湖廣道旺監察御史,,京官,1
鎭守直隸天津等處地方水師副都統,,武職,1
署巡視東城刑科掌印給事中掌湖廣道事監察御史,,京官,1
署山西大同統轄雁門三關等處地方掛印總兵官,,武職,1
镇远司巡检,巡檢,縣首領,1
署刑部尚書,,京官,1
署兵部尚書兼都察院右都御史總督淮揚漕運等處地方海防軍務兼理粮餉,,省級,1
鹽捕同知駐？？,同知,府佐貳,1
鎭守直隸天津等處地方水師都統,,武職,1
鹽捕州判駐？？井,州判,州佐貳,1
鹽捕州同,州同,州佐貳,1
鹽捕水利同知？？？？,水利同知,府佐貳,1
署內閣學士兼禮部侍郎文淵閣直？事江西正典試,,京官,1
署日講官起居注司經局洗馬掌局事兼翰林院修撰,,京官,1
署日講官起居注官翰林院侍讀學士,,京官,1
署內閣學士兼禮部侍郎,,京官,1
鎭守盛京地方統領满兵將軍内大臣,,京官,1
署理右侍郎,,unknown,1
署理刑部侍郎事務,,京官,1
署理分巡臺灣等處地方道,,unknown,1
署理兵部尚書兼管三庫事務,,京官,1
署湖廣道監察禦史,,unknown,1
署浙江道監察御史山西正典試,,京官,1
署浙江道監察御史,,京官,1
鎭守白都諾等處地方副都統,,unknown,1
署正兼曲積廳,,京官,1
鹅埠？巡检,巡檢,縣首領,1
鹅龙司巡检,巡檢,縣首領,1
署日讲官起居注司经局洗马掌局事兼翰林院修撰,,京官,1
署日講起居注官翰林院侍讀學士湖南學政,,省級,1
鎭守白都諾等處地方副都統敦勒伯,,unknown,1
署日講起居注官翰林院侍講學士山西學政,,省級,1
鹅？嶺巡検,,unknown,1
鹧鸪巡检,巡檢,縣首領,1
鹧鸪巡検,,unknown,1
署日講起居注官江西學政詹事府詹事兼翰林院侍讀學士,,省級,1
署日講起居注官文淵閣？？事翰林院侍讀學士,,京官,1
鎭守盛京地方統領满兵將軍,,京官,1
署日講起居注官左春坊左中允教習庶吉士,,京官,1
署日講起居注官右春坊右贊善,,京官,1
鎭守盛京地方統領满兵將軍內大臣,,京官,1
鹧鸪巡檢,巡檢,縣首領,1
署日講起居注官右春坊右中允教習庶吉士,,京官,1
署日講起居注官,,京官,1
鎭守直隸天津統轄永薊通河涿州營路等處地方總兵官,,武職,1
署光祿寺卿,,京官,1
经筳讲官刑部尚书兼理乐部大臣,,京官,1
经筳讲官都察院掌院左都御史加三级军功,,京官,1
经筳讲官起居注礼部侍郎兼管翰林院？院学士？？阁学士事务正红旗满洲福都统,,京官,1
经筳讲官起居注太子少保？阁大学士兼管户部？？翰林院？院？？？？,,京官,1
经筳讲官起居注太子少保东阁大学士户部尚书兼管？院学士事,,京官,1
经筳讲官起居注太子少保东阁大学士兼户部尚书？？院学士,,京官,1
鹽糧水利縣丞,縣丞,縣佐貳,1
经筳讲官起居注内阁学士兼翰林院掌院学士礼部？？？管太常寺事务,,京官,1
经筳讲官起居注侍卫官翰林院掌院学士兼内阁学士事务正红旗满洲副都统,,京官,1
鹽經借補西？場鹽課大使,,京官,1
经筳讲官议政大臣领侍卫内大臣？？？？兼署兵部尚书事务镶白旗汉军都统御前大臣兼理？？？事务？绶？？公加三级纪录二次军功纪录四次又军功,,京官,1
经筳讲官议政大臣领侍卫内大臣户部所上兼署兵部尚书事务镶白旗汉军都统刑部大臣？理？？？事务武毅？？公加二级武？二次军功纪录四次又军功,,京官,1
经筳讲官议政大臣领侍卫内大臣户部尚书兼？？？尚书事务镶白旗汉军都统御前大臣管理銮仪卫事务？？忠勇公加二级纪录二次军功纪录四次又军功,,武職,1
镇守黑龙江齐齐哈等处地方都统将军,,unknown,1
经筳讲官礼部尚书正红旗汉军都统兼管乐部太常寺事务,,京官,1
经筳讲官礼部尚书兼管乐部太常寺事,,京官,1
鹽茶庫大使,,京官,1
经筳讲官礼部尚书兼管乐部仍兼鸿胪寺事务,,京官,1
经筳讲官左侍郎兼管国子监祭酒事兼正白旗满洲副都统教习庶吉士,,京官,1
鹽茶？？兼司獄事,,unknown,1
经筳讲官太子太？议政大臣领侍卫内大臣武英殿大学士内务府总管兼兵部事务军功加一级,,京官,1
鹽運使司運同,,unknown,1
经筳讲官太子太傅议政大臣领侍卫内大臣武英殿大学士内务府总管兼管兵部事务,,京官,1
经筳讲官太子太傅文渊阁大学士兼工部尚书事务军功加二级,,京官,1
经筳讲官太子太保协办大学士兼吏部尚书,,京官,1
经筳讲官太保保和殿大学士？？？大御前侍卫内大臣兼管吏部？？事务总管内务府大？？？事务御前大臣兼总理？？事务兼署？？统领？忠勇公加一级？纪录六次军功加八级军功？？？？,,京官,1
经筳讲官太保保和殿大学士议政大臣领侍卫内大臣？？？事务？？？署理三庙事务御前大臣兼管理藩院事务？？？？军功记录三次,,京官,1
经筳讲官太保保和殿大学士议政大臣领侍卫内大臣兼？？？事务总管内务府？？？事务御前大臣兼管理藩院事务兼管步军统领一等忠勇公加一级纪录六次军功加八级军功纪录？次,,京官,1
经筳讲官右侍郎,,unknown,1
经筳讲官起居注礼部左侍郎兼内阁学士翰林院？？事务正红旗满洲副都统,,京官,1
鹽知事管？？事,知事,府首領,1
鹽捕海防同知,同知,府佐貳,1
经筵讲官太子太保协办大学士兼吏部尚书事,,京官,1
鹽捕清軍同知,清軍同知,府佐貳,1
署主事兼經歷司事,,京官,1
镇海卫守备,,unknown,1
鹽揇潰軍同知,同知,府佐貳,1
镇桡寨巡检,巡檢,縣首領,1
鹽樸同知,同知,府佐貳,1
罗渡镇巡检,巡檢,縣首領,1
罗州司巡检,巡檢,縣首領,1
鎭守直隸山海關等處地方副都統,,省級,1
鹽樸州同？石門,州同,州佐貳,1
罗坊司巡检,巡檢,縣首領,1
鹽樸水利州判,州判,州佐貳,1
缺口撿巡檢,巡檢,縣首領,1
鎭守直隸正定順廣大等處地方總兵官,,武職,1
鹽池巡檢,巡檢,縣首領,1
缺口巡檢,巡檢,縣首領,1
缺口岭巡检,巡檢,縣首領,1
编修文淵閣校理,,京官,1
镇安司巡检,巡檢,縣首領,1
鹽池巡檢兼管驛丞事,巡檢,縣首領,1
维西通判,通判,府佐貳,1
维摩州同驻劄邱北,州同,州佐貳,1
鹽河縣丞,縣丞,縣佐貳,1
给事中巡视北城,,京官,1
给事中兼？州？？？,,京官,1
鎭守直隸熱河地方副都統,,unknown,1
经筵讲官太子太傅文渊阁大学士兼工部尚书,,京官,1
知縣管永？場鹽課,知縣,縣正印,1
*運通判駐張家灣,通判,府佐貳,1
知縣管永泉場塩課大使,知縣,縣正印,1
威遠巡檢,巡檢,縣首領,1
太醫院使,,京官,1
奇石关巡检,巡檢,縣首領,1
奉天？庫通判,通判,府佐貳,1
奉宸院柳村閘閘官駐劄圆明園,,雜職,1
奉宸？朝閘閘官駐圆眀園,,雜職,1
奉宸？朝閘閘官駐園？,,雜職,1
奎文閣典緒,,unknown,1
奎文阁典？,,unknown,1
奔牛司巡検,,unknown,1
奔牛巡检,巡檢,縣首領,1
奧龍巡檢,巡檢,縣首領,1
好穴口主簿,主簿,縣首領,1
如昔巡檢,巡檢,縣首領,1
如音司巡检,巡檢,縣首領,1
威海司巡检,巡檢,縣首領,1
威海巡檢,巡檢,縣首領,1
威远堡巡检,巡檢,縣首領,1
威远清饷同知,同知,府佐貳,1
威遠同知兼管抱母井塩課大使,同知,府佐貳,1
太白巡檢,巡檢,縣首領,1
太白巡检,巡檢,縣首領,1
太烏巡檢,巡檢,縣首領,1
太平倉監督內閣中書,,京官,1
太安馹丞兼巡検事,,雜職,1
太安馹兼管巡檢事,,unknown,1
太安馹兼管縣丞事,,unknown,1
太安驿丞,,雜職,1
太常寺卿江西學政,,省級,1
太常寺卿江西正主考,,京官,1
太常寺少卿安徽學政,,省級,1
太平乡巡检,巡檢,縣首領,1
太平倉監督内閣中書,,京官,1
太湖廰属甪頭巡檢,巡檢,縣首領,1
太平倉監督刑部主事,,京官,1
太平司巡检,巡檢,縣首領,1
太平巡檢典史,典史,縣首領,1
太湖同知司獄駐劄東？？,司獄,府首領,1
太湖同知駐劄東山,同知,府佐貳,1
太湖同知駐劄東湖庭山,同知,府佐貳,1
太湖同知駐劄東？庭山,同知,府佐貳,1
太湖廰属東山巡檢,巡檢,縣首領,1
威遠同知？拖母井塩課大使,同知,府佐貳,1
娄底市巡检,巡檢,縣首領,1
太子提督？？？？、？,,unknown,1
娄？司巡检,巡檢,縣首領,1
安中管河縣丞,縣丞,縣佐貳,1
安中？河县丞,縣丞,縣佐貳,1
安乐司巡检,巡檢,縣首領,1
安兴墓巡检,巡檢,縣首領,1
安匠屯巡检,巡檢,縣首領,1
安匠屯巡檢,巡檢,縣首領,1
安城镇巡检,巡檢,縣首領,1
安塩井塩課大使,,京官,1
安居巡检,巡檢,縣首領,1
安山？閘官,,雜職,1
安平乡巡检,巡檢,縣首領,1
安平巡檢,巡檢,縣首領,1
安徽宁池太庐凤颖等处承宣布政使司布政使,,unknown,1
安徽寧池太廬鳳穎等處承宣布政使司布政使,,unknown,1
安徽等處布政使司布政使,,unknown,1
安東州同管烏港？巡檢,州同,州佐貳,1
安東州同管長樂巡檢事,州同,州佐貳,1
安東街巡檢,巡檢,縣首領,1
安東衞巡検,,unknown,1
安东管河主簿,主簿,縣首領,1
安东巡检,巡檢,縣首領,1
安东卫巡检,巡檢,縣首領,1
孱陵鎭巡檢,巡檢,縣首領,1
婁煩司巡檢,巡檢,縣首領,1
婁熉司巡檢,巡檢,縣首領,1
婁熉巡檢,巡檢,縣首領,1
孔？鎭巡検,,unknown,1
孝義川經歴管巡檢事,,unknown,1
孝賢皇后圓寢郎中,,京官,1
孟村巡检,巡檢,縣首領,1
孱陵水馬馹丞,,雜職,1
學士,,unknown,1
守禦官後幚領運千總,,武職,1
學正借補復設訓導,復設訓導,教職,1
學生,,unknown,1
宁乡巡检,巡檢,縣首領,1
宁化所巡检,巡檢,縣首領,1
宁古塔学正,學正,教職,1
宁太帮领运千总,,unknown,1
宁波卫掌印守备,,unknown,1
宁海司巡检,巡檢,縣首領,1
太安馹丞,,雜職,1
太子少？？？？大臣？？…？？太常寺鴻臚寺樂部事務？？…？？,,京官,1
安東？港？巡檢,巡檢,縣首領,1
太子太傅內大臣兵部尚書兼都察院右都御史總督兩江等處地方軍務粮餉操江統理南河河務,,省級,1
太子太保总督四川等处地方提督军务兵部尚书兼都察院右都御史管巡抚事,,省級,1
太子太保总督直隶等处地方兼管河道？？？？？？都察院右都御使加四级军功,,省級,1
太子太保文淵閣大學士,,unknown,1
太子太保武英殿大學士管理吏部事務頭等誠謀英勇公,,京官,1
太子太保督察院右都御史總督直隸等處地方兼管河道提督軍務兼理粮餉兼管巡撫事,,省級,1
太子太保總督兩江等處地方軍務粮餉操江兵部尚書兼都察院右都御史,,省級,1
太子太保總督直隸等處地方兼管河道提督軍務兼理粮餉？？？？？？都察院右都御史加四級軍功,,省級,1
太子太保署理工部尚書,,京官,1
太子太保議政大臣刑部尚書兼鑲紅旗滿洲都統,,京官,1
太子太保議政大臣刑部尚書署九門步軍統領事,,京官,1
太子太保議政大臣御前大臣領侍衙內大臣兵部尚書管理戶部三庫兼管吏部工？？理藩院事務總管？？？滿洲都統？？內務府大？？統領鑾儀衛掌衛事總管禦茶膳房？？？？事務圓明園八旗內府旗大方？？？？？？？？一等？勇公,,京官,1
太子太保議政大臣御前大臣領侍衙內大臣兵部尚書管理戶部三庫兼管？？？？？理藩院事務總管內務府大臣步軍統領滿洲都統鑾儀衛掌衛事總管禦茶膳房養心殿造辦處事務圓明園八旗內府三旗大臣？？？一等？賞公,,京官,1
太子太保議政大臣御前大臣領侍衙內大臣戶部尚書？？？？？？太常寺鴻臚寺？？…？？,,京官,1
太子太保議政大臣御前大臣領侍衛內大臣兵部尚書管理戶部三庫兼管工部理藩院事務總管內務府大臣步軍統領鑾儀衛掌衛事總管禦茶膳房養心殿造辦處事務圓明園八嶺內府三旗大臣和碩額駙一等忠勇公,,京官,1
太子太保議政大臣御前大臣領侍衛內大臣吏部？？管理？？禮部太常寺鴻臚寺樂部事務提督九門巡捕主管？？……？？內務府大臣仍兼管？？……？？,,京官,1
太子太保議政大臣御前大臣？侍？大臣兵部尚書管戶部三庫兼管工部理藩院事務總管內務府大臣步軍統領鑾儀衛掌衛事總管禦茶膳房養心殿造辦處事務圓明園八嶺內府三旗大臣和碩額駙一等忠勇公,,京官,1
太子太保议政大臣刑部尚书兼协办大学士兼镶蓝旗汉军都统,,京官,1
太子太保议政大臣刑部尚书协办大学士事务兼镶蓝旗汉军都统,,京官,1
太子太保都察院掌院左都禦史,,京官,1
太子太保总督两江等处地方军务粮饷操江兵部尚书兼都察院右都御使,,京官,1
太子太保巡撫兼理提督統辖全省等處地方？？節制各鎮辖駐防满营官兵,,省級,1
太子太保巡撫兼理提督統辖全省等處地方節制各鎮辖駐防满营官兵,,省級,1
太子太保兵部尚書兼都察院右都御史總督雲貴等處地方軍務兼理粮餉,,省級,1
太子太保兵部尚書兼都察院右都御史縂管陕甘等處地方軍務兼理粮餉巡撫事兼理茶馬,,省級,1
太子太保兵部尚書兼都察院右都御史總督兩江等處地方直隸等處地方提督軍務粮餉？江統轄南河事務,,省級,1
太子太保兵部尚書兼都察院右都御史總督四川等處地方提督軍務兼理粮餉兼巡撫事,,省級,1
太子太保兵部尚書兼都察院右都御史總督四川等處地方提督軍務兼理粮餉管巡撫事,,省級,1
太子太保兵部尚書兼都察院右都御史總督廣東廣西等處地方軍務兼理粮餉駐閔？？,,省級,1
太子太保兵部尚書兼都察院右都御史總督閩浙等處地方提督軍務兼理粮餉,,省級,1
太子太保兵部尚書兼都察院右都御史總督閩浙等處地方軍務兼理粮餉,,省級,1
太子太保兵部尚書兼都察院右都御史總督雲貴等處地方提督軍務兼理粮餉,,省級,1
太子太保兵部尚書兼都察院右都禦使總督閩浙等處軍務糧餉,,省級,1
太子太保協辦大學士吏部尚書兼都察院右都御史總督陜甘等處地方軍務兼理粮餉管巡撫事兼理茶馬,,省級,1
太子太保兵部尚書兼都察院右都禦使總督陝甘等處地方軍務粮餉管甘肅巡撫事兼理茶馬,,省級,1
太子太保兵部尚書兼都察院右？禦史總督廣東廣西等處地方軍務兼理糧餉,,省級,1
太子太保兵部尚書總督淮揚漕運等處海防軍？糧餉都察院右都禦使,,省級,1
太子太保兵部尚書都察院右都御史總督四川等處地方提督軍務兼理粮餉巡撫事,,省級,1
太子太保兵部尚書都察院右都禦使總督四川等處提督軍務兼理糧餉晉巡撫事,,省級,1
太子太保兵部尚書都察院右都禦使總督直隸等處兼管河道提督軍務糧餉紫荊濟雲等關管巡撫事隘,,省級,1
太子太保刑部尚书兼九门步军统领事兼镶蓝旗汉军都统,,京官,1
太子太保協辦大學士吏部尚書兼都察院右都御史縂管陕甘等處地方軍務兼理粮餉？？？？茶馬,,省級,1
太子太保？？？？大臣御前大臣？作衙內大臣兵部？？？？經理吏部事務仍兼管戶部三庫工部理藩院？？？？鑾儀衛事務步軍統領和碩額附？？忠勇公,,京官,1
太子太傅內大臣文華殿大學士兼禮部尚書仍管两江總督事務提督軍務粮餉操江統轄南河事務,,省級,1
太子少傅巡抚河南等处地方提督军务兼理营田兵部侍郎兼都察院右副都御史加三级军功,,省級,1
太子太傅内大臣兵部尚書兼都察院右都御史？？等處地方軍務兼管？江經理南河河務,,京官,1
太子少保巡撫兼理提督統轄全省等處地方軍務節制各鎮並駐防滿營官兵,,省級,1
太子少保巡撫江寧蘇松常鎮淮揚徐等處地方總理粮儲兼管軍務兵部侍郎兼都察院右都御史加四級軍功,,省級,1
太子少保巡检江宁苏松常镇淮扬徐等处地方总理？？？军务兵部侍郎兼？？？？右都御使加四级军功,,京官,1
太子少保工部尚書,,京官,1
太子少保左侍郎正黃旗滿洲副都統,,旗籍誤填,1
太子少保总督云贵等处地方兵部尚书兼都察院御史提督军务兼理粮饷,,京官,1
太子少保总督江南南河等处河道提督军务兵部侍郎兼都察院右都御使,,省級,1
太子少保总督淮扬漕运等处地方海防军务兼理粮饷兵部尚书兼都察院左都御史,,京官,1
太子少保总督？？巡抚？？等处地方督理军务兼理茶马兵部侍郎兼都察院右副都御史加三级军功,,省級,1
太子少保戶部尚書步軍？？一等繼勇果毅公兼理兵樂部理藩院事,,京官,1
太子少保提督直隶全省军务节制各镇总兵官驻扎古北口,,unknown,1
太子少保提督直隸全省軍務節制各鎮總兵官駐劄古北口,,武職,1
太子少保東閣大學士管理戶部三庫兼署刑部尚書事務,,京官,1
太子少保總督江南南河等處河道提督軍務兵部侍郎兼都察院右都御史,,省級,1
太子少保總督淮揚漕運等處地方海防軍務兼理粮餉兵部尚書兼都察院左都御史,,省級,1
太子少保議政大臣理藩院尚書兼鑲藍旗蒙古都統,,京官,1
太子少保議政大臣？？……？？,,unknown,1
太子少保议政大臣理藩院尚书兼镶蓝旗蒙古都统,,京官,1
太子少保？？……？？,,unknown,1
太子少保巡抚安徽等处地方提督军务兵部侍郎兼都察院右副都御史,,省級,1
太子少保吏部尚書兼鑲紅旗滿洲都統,,京官,1
太子少保刑部尚書恊辦大學士事務,,京官,1
太子少保兵部尚書兼都察院右都御史總督湖北湖南等處地方軍務兼理糧餉,,省級,1
太子太傅總督江南南河等處河道提督軍務兵部尚書都察院右都禦使,,省級,1
太子太傅議政大學內大？文華殿大學士兼禮部尚書仍管兩江總督事務,,省級,1
太子太傅？？……？？河事務,,unknown,1
太子太师总督陕甘等处地方总理军务粮饷兼兵部尚书都察院右都御史,,京官,1
太子太師東閣大學士兵部尚書兼都察院右都禦史總督陝甘等處地方軍務兼理糧餉督巡撫事,,省級,1
太子太師東閣大學士兼兵部尚書仍管陝甘總督事,,省級,1
太子少保兵部侍郎兼都察院右副都御史巡撫河南等處地方提督軍務兼理河道督理營田,,省級,1
太子少保兵部尚書兼都察院右都御史總督兩江等處地方提督軍務粮餉操江統轄南河事務,,省級,1
太子少保兵部尚書兼都察院右都御史總督直隸等處兼管河道提督軍務粮餉紫荊密雲等関隘兼管巡撫事,,省級,1
太子少保刑部尚書巡撫江蘇等處提督軍務糧餉,,省級,1
太子少保兵部尚書兼都察院右都御史總督雲貴等處地方提督軍務兼理粮餉,,省級,1
太子少保兵部尚書兼都察院右都御史總督雲貴等處地方提督軍務兼理糧餉,,省級,1
太子少保兵部尚書兼都察院右都御史總督雲貴等處地方軍務兼理粮餉,,省級,1
太子少保兵部尚書兼都察院右都禦使總督湖廣等處軍務糧餉,,省級,1
太子少保兵部尚書兼都察院右都禦使？？？？京都尉總督閩浙等處地方提督軍務兼理粮餉,,省級,1
太子少保兵部尚書都察院右都禦使總督直隸等處？？？提督軍務糧餉？？……？？兼管巡撫事,,省級,1
太子少保兵部尚書都察院右都禦使總督雲貴丁醜提督軍務糧餉,,省級,1
太子少保刑部尚書協辦大學士事務,,京官,1
安東長樂巡検,,unknown,1
安東？？？巡検,,unknown,1
太子太保兵部尚書兼都察院右都御史縂督四川等處地方提督軍務兼理粮餉管巡検事？職雲騎尉？？？？,,京官,1
少卿兼提督貴州學政,,省級,1
小徵巡検,,unknown,1
小徽村巡检,巡檢,縣首領,1
小徽村巡檢,巡檢,縣首領,1
小河司巡检,巡檢,縣首領,1
小河司巡検,,unknown,1
小海場塩課大使,,京官,1
小海場鹽課,,unknown,1
小溪水马驿丞,,雜職,1
小溪水？？丞,,unknown,1
小直沽批？所大使,,京官,1
小進口巡檢,巡檢,縣首領,1
小里潭巡检,巡檢,縣首領,1
小黃囤巡檢,巡檢,縣首領,1
小黄关巡检,巡檢,縣首領,1
小黄？巡檢,巡檢,縣首領,1
小？沽批驗所大使,,雜職,1
小？沽批验所,,unknown,1
少卿仍兼兵部行走,,京官,1
少卿公中佐領騎都尉兼樂部行走,,武職,1
小征巡檢巡檢,巡檢,縣首領,1
小姑巡檢,巡檢,縣首領,1
小姑山巡検,,unknown,1
寬仁里巡檢事,巡檢,縣首領,1
寧遠㕔巡檢,巡檢,縣首領,1
寧遠城通判,通判,府佐貳,1
寧遠廳巡檢,巡檢,縣首領,1
寧遠驲丞,,unknown,1
寧遠？判,,unknown,1
寨头巡检,巡檢,縣首領,1
寨嶼巡檢,巡檢,縣首領,1
寬仁里巡檢,巡檢,縣首領,1
寳亭司巡檢,巡檢,縣首領,1
小姑山巡检,巡檢,縣首領,1
寳停司巡檢,巡檢,縣首領,1
寳泉局大使,,京官,1
寶停巡檢,巡檢,縣首領,1
寶國場鹽課大使,,京官,1
寶家巡檢,巡檢,縣首領,1
寺前鋪閘官,,雜職,1
寺前鎭閘閘官,,雜職,1
将盈庫大使,,京官,1
少卿兼恭領,,京官,1
少卿兼提督贵州学政,,省級,1
寧海巡檢,巡檢,縣首領,1
尚书兼署工部尚书事务兼理三库事务署理正白旗汉军都统事务兼佐领,,京官,1
山東學政,,省級,1
山東承宣佈政使司布政使,,unknown,1
山東提刑按察使司按察使,,unknown,1
山東正主考,,unknown,1
山東等處提刑按察使司按察使統辖全省驛傳事務,,unknown,1
山枣司巡检,巡檢,縣首領,1
山枣巡檢,巡檢,縣首領,1
山海关通判,通判,府佐貳,1
山海関監督刑部郎中,,省級,1
山淸裡河同知,同知,府佐貳,1
山淸？河同知,同知,府佐貳,1
山清裏河同知,同知,府佐貳,1
山清裡河同知,同知,府佐貳,1
山清？河同知,同知,府佐貳,1
山羊巡檢,巡檢,縣首領,1
山羊貖巡檢,巡檢,縣首領,1
山羊隘巡检,巡檢,縣首領,1
山羊隘？？,,unknown,1
山西副主考主事,,京官,1
山東副主考中書,,京官,1
山東副主考,,unknown,1
山東兗州等處總兵官,,武職,1
層山巡檢,巡檢,縣首領,1
尨海司巡檢,巡檢,縣首領,1
尼山中院學鐸,,unknown,1
尼山书院学禄,,unknown,1
居四場鹽課,,unknown,1
居庸関稅課大使,,京官,1
居庸關稅大使,,京官,1
屠山司巡检,巡檢,縣首領,1
屠山司巡檢,巡檢,縣首領,1
屯田總兵官,,武職,1
山塘驿丞,,雜職,1
山东前帮领运千总,,unknown,1
山东后帮领运千总,,unknown,1
山东提塘兼管河？事務,,unknown,1
山东督粮盐兑道兼理德州仓事务,,unknown,1
山东等处承宣布政使司布政使,,unknown,1
山东等处提刑按察使司按察使,,unknown,1
山内外河同知,同知,府佐貳,1
山坡马驿丞,,雜職,1
寧絛渠巡檢,巡檢,縣首領,1
寧波衛掌印守備,,武職,1
安樂巡檢,巡檢,縣首領,1
宣州卫掌印守备,,unknown,1
宋陽巡檢,巡檢,縣首領,1
宏潭巡检,巡檢,縣首領,1
宏潭巡検,,unknown,1
宗人府府丞湖北學政,,省級,1
宗人府府丞福建學政,,省級,1
宗令,,unknown,1
宗学教习镶白旗,,京官,1
宗學教習鑲白旗,,旗籍誤填,1
官亭巡検,,unknown,1
官富司巡检,巡檢,縣首領,1
官富巡檢,巡檢,縣首領,1
官臺場鹽課大使,,京官,1
定邊左副將軍,,武職,1
宜善巡檢,巡檢,縣首領,1
宜溝馹丞兼？？巡檢事,,雜職,1
宜溝？兼？巡檢事,,unknown,1
宜？司巡检,巡檢,縣首領,1
宝应管河主簿,主簿,縣首領,1
宝泉局大使,,京官,1
宋河鎮巡檢,巡檢,縣首領,1
宋河鎭巡檢,巡檢,縣首領,1
安？庒主簿,主簿,縣首領,1
安豐場鹽課大使,,京官,1
安江司巡检,巡檢,縣首領,1
安江巡檢,巡檢,縣首領,1
安港巡检,巡檢,縣首領,1
安砂巡検,,unknown,1
安砂镇巡检,巡檢,縣首領,1
安福所守御,,unknown,1
安豊巡検,,unknown,1
安豐場塩課大使,,京官,1
安豐巡檢,巡檢,縣首領,1
安？市巡檢,巡檢,縣首領,1
安边理事同知,理事同知,府佐貳,1
安遠寨巡検,,unknown,1
安遠巡檢,巡檢,縣首領,1
安陵巡检,巡檢,縣首領,1
安駕？主簿,主簿,縣首領,1
安鴐庄主簿,主簿,縣首領,1
安？井鹽課大使,,京官,1
安？司巡檢,巡檢,縣首領,1
宣化驿巡检,巡檢,縣首領,1
宣州衛掌印守備,,武職,1
寧條梁巡檢,巡檢,縣首領,1
宣浦驛丞監督巡檢事,巡檢,縣首領,1
富新倉監督兵部員外郞,,京官,1
富新倉監督兵部郎中,,京官,1
富新倉監督刑部員外郎,,京官,1
富新倉監督太常寺？禮郎,,京官,1
富新倉監督太常寺？？,,京官,1
富池巡檢,巡檢,縣首領,1
富池镇巡檢,巡檢,縣首領,1
富連鎭巡檢,巡檢,縣首領,1
富鸿镇巡检,巡檢,縣首領,1
寕古塔倉官,,京官,1
寕遠復營子村巡検,,武職,1
寕遠復營子村巡檢,,武職,1
寕？後？子村巡檢,巡檢,縣首領,1
寜古塔巡檢,巡檢,縣首領,1
寧化巡檢,巡檢,縣首領,1
寧古塔倉官,,京官,1
寧古塔巡檢,巡檢,縣首領,1
寧古塔？正,,unknown,1
寧太領運千總,,武職,1
富安？巡檢兼管水利,巡檢,縣首領,1
富安巡検兼管水利,,unknown,1
富安塲塩課大使,,京官,1
宿遷中河縣丞,縣丞,縣佐貳,1
宽仁里巡检,巡檢,縣首領,1
宿州卫头帮领运千总,,unknown,1
宿州衛頭幫領運千總,,武職,1
宿松運河同知,同知,府佐貳,1
宿迁中河县丞,縣丞,縣佐貳,1
宿迁南岸主簿,主簿,縣首領,1
宿迁运河通判,通判,府佐貳,1
宿迁？河主簿,主簿,縣首領,1
宿遷劉馬巡検,,unknown,1
富安場鹽課大使,,京官,1
宿遷歸仁巡検,,unknown,1
宿遷管河縣丞,縣丞,縣佐貳,1
宿遷？？？？駐？？？,,unknown,1
密圻司巡检,巡檢,縣首領,1
富固場塩課大使,,京官,1
富國場稅課大使,,京官,1
富國場鹽大使,,京官,1
富國場鹽課大使,,京官,1
太子太保兵部尚書兼都察院右都御史縂督四川等處地方提督軍務兼理粮餉管巡檢事,,京官,1
太子太保兵部尚書兼都察院右都御史縂督四川等處地方提督軍務兼理粮餉管巡撫事,,省級,1
山西承宣佈政使司布政使,,unknown,1
土木馹丞管？？？,,雜職,1
四川等處承宣佈政使司布政使,,unknown,1
四川？？官,,unknown,1
四明驛丞,,雜職,1
四明驿丞,,雜職,1
四氏学教授,教授,教職,1
四民學教授,教授,教職,1
回江鎮巡檢,巡檢,縣首領,1
固堤巡檢,巡檢,縣首領,1
固堤店巡检,巡檢,縣首領,1
固堤店巡検,,unknown,1
固鎭巡檢,巡檢,縣首領,1
固镇巡检,巡檢,縣首領,1
图凤镇巡检,巡檢,縣首領,1
國子監司業四川學政,,省級,1
國子監司業廣東副主考,,京官,1
國子監祭酒浙江正主考,,京官,1
國子監祭酒湖北正典試,,京官,1
團風？巡檢,巡檢,縣首領,1
土城子巡検兼管典史事,,unknown,1
四川等处提刑按察使司按察使,,unknown,1
四川等处承宣布政使司布政使,,unknown,1
四川正主考員外郎,,京官,1
嘉興批騐所大使,,京官,1
善岱巡检,巡檢,縣首領,1
善政司巡检,巡檢,縣首領,1
善政巡檢,巡檢,縣首領,1
喇峒司巡检,巡檢,縣首領,1
嘉兴卫领运千总,,unknown,1
嘉兴白粮领运千总,,unknown,1
嘉山镇巡检,巡檢,縣首領,1
嘉明巡检,巡檢,縣首領,1
嘉興衛領運千總,,武職,1
四川提刑按察使司按察使,,unknown,1
嚴鎮場鹽課大使,,京官,1
嚴門巡檢,巡檢,縣首領,1
四品銜留兵部行走,,京官,1
四安司巡检,巡檢,縣首領,1
四安巡檢,巡檢,縣首領,1
四川副主考主事主事,,京官,1
四川副典試,,unknown,1
四川承宣佈政使司布政使,,unknown,1
土城巡检,巡檢,縣首領,1
土木驛丞,,雜職,1
唐縣？巡檢,巡檢,縣首領,1
土木驛丞管巡檢事,,雜職,1
城子巡檢,巡檢,縣首領,1
城子？？滩小湾口,,unknown,1
城子？？灘小灣口,,unknown,1
城门乡巡检,巡檢,縣首領,1
城陵？巡检,巡檢,縣首領,1
埭溪鎭巡檢,巡檢,縣首領,1
堂主事官管銀庫事,,京官,1
堂主事管銀庫事,,京官,1
堂主事管银库事,,京官,1
堂主事？？,,京官,1
場河通判駐高郵州,通判,府佐貳,1
堹平同知,同知,府佐貳,1
塔子沟巡检,巡檢,縣首領,1
塔子溝理事通判,理事通判,府佐貳,1
塔子滿洲？通判,通判,府佐貳,1
塔山司巡检,巡檢,縣首領,1
塔山巡檢,巡檢,縣首領,1
塔於溝巡檢,巡檢,縣首領,1
塘楼岭巡检,巡檢,縣首領,1
城南？？大使兼管浙江？務事,,京官,1
城南稅大使兼管浙江？務事,,京官,1
城北税课司大使,,雜職,1
圣惠镇巡检,巡檢,縣首領,1
土木驲丞管巡檢事,,unknown,1
土木驿丞,,雜職,1
土知州職級,知州,州正印,1
土都巡檢,巡檢,縣首領,1
土魯番同州,,unknown,1
土鲁番巡検,,unknown,1
土鲁番巡檢,巡檢,縣首領,1
土鲁番等處地方領隊大臣,,unknown,1
在城闸闸官,,雜職,1
城北稅課大使,,京官,1
圭市巡检,巡檢,縣首領,1
坑？司巡檢,巡檢,縣首領,1
坡罗里天洞巡检,巡檢,縣首領,1
坡羅里大崗巡檢,巡檢,縣首領,1
坡羅里天洞巡檢,巡檢,縣首領,1
坡頭墟巡檢,巡檢,縣首領,1
坡頭？巡檢,巡檢,縣首領,1
垛庄巡検,,unknown,1
喀喇河巡检,巡檢,縣首領,1
唐縣鎭巡検,,unknown,1
塘樓巡檢,巡檢,縣首領,1
和尚滩巡检,巡檢,縣首領,1
员外郎？？,,京官,1
员外郎？？？？,,京官,1
周坊司巡检,巡檢,縣首領,1
周坊司巡檢,巡檢,縣首領,1
周坊巡檢,巡檢,縣首領,1
周家店闸闸官,,雜職,1
周庄巡検,,unknown,1
周溪巡檢,巡檢,縣首領,1
周罗寨巡检,巡檢,縣首領,1
周羅巡檢,巡檢,縣首領,1
呼圖鎭巡檢,巡檢,縣首領,1
命勅总理省直山东等处盐法都转盐运使司兼盐法道运使,,省級,1
命勅總理省直山東等處鹽法道都轉鹽運使司兼鹽法道鹽運使,,省級,1
命勅總理省直山東鹽法道都轉鹽運使司,,省級,1
命敕總理省直山東等處鹽法都轉鹽運使司兼鹽法道運使,,省級,1
和合巡检,巡檢,縣首領,1
和合駟丞管巡檢事,,unknown,1
和合驛丞,,雜職,1
和合驲丞管巡檢事,,unknown,1
员外郎管右监副事,,京官,1
员外郎兼？河？？？监督,,京官,1
员外郎兼？四？？？,,京官,1
吴松江巡检,巡檢,縣首領,1
吏部左侍郎廂藍旗满洲副都統兼管太僕寺事務,,京官,1
吕城巡检,巡檢,縣首領,1
吕城巡検,,unknown,1
吕城巡檢,巡檢,縣首領,1
吕梁洪巡检,巡檢,縣首領,1
启事官,,unknown,1
吳松巡檢,巡檢,縣首領,1
吴塔巡检,巡檢,縣首領,1
吴淞巡検,,unknown,1
员外郎兼通州中？监督,,京官,1
吴淞巡檢,巡檢,縣首領,1
吾儿峪巡检,巡檢,縣首領,1
呂四場鹽課大使,,京官,1
呂堰鎭巡檢,巡檢,縣首領,1
呂門塲塩課大使,,京官,1
呉城鎭巡檢,巡檢,縣首領,1
呉塔司巡検,,unknown,1
员外郎兼太四仓监督,,京官,1
和合驷丞管巡检事,,unknown,1
和林格圖巡檢,巡檢,縣首領,1
唐縣巡檢,巡檢,縣首領,1
和林格尔协理通判,通判,府佐貳,1
員外郎兼？封司事,,京官,1
員外郎兼？？口抽分,,京官,1
員外郎司行走,,京官,1
員外郎員外郎兼理職方司事,,京官,1
員外郎山西副典試,,京官,1
員外郎廣西正典試,,京官,1
員外郎掌文選司印,,京官,1
員外郎掌稽勳司印,,京官,1
員外郎江西副典試,,京官,1
員外郎管右監副事,,京官,1
員外郎職方司行走,,京官,1
員外郎（軍功）,,京官,1
員外郎？？,,京官,1
員外郎？？？,,京官,1
員外郞掌文選司印,,京官,1
員外郞掌？？司印,,京官,1
員外郞文選司行走,,京官,1
唐县镇巡检,巡檢,縣首領,1
唐古忒（？业）,,unknown,1
員外郎兼雲南司事,,京官,1
員外郎兼通州中倉監督,,京官,1
員外郎兼製造庫事,,京官,1
員外郎兼吏部文選司事,,京官,1
和林格尔巡检,巡檢,縣首領,1
和林格？通判,通判,府佐貳,1
和溪司巡检兼督南平驿,巡檢,縣首領,1
和溪巡檢官南平驲,巡檢,縣首領,1
和？？巡檢,巡檢,縣首領,1
哈斋司巡檢,巡檢,縣首領,1
員外郎仍兼吏部行？,,京官,1
員外郎兼佐領,,武職,1
員外郎兼山西貴州司事,,京官,1
員外郎兼考功司,,京官,1
員外郎兼文選司事,,京官,1
員外郎兼文選司印,,京官,1
員外郎兼樂部和聲署？,,京官,1
員外郎兼淸河本裕倉監督,,京官,1
員外郎兼理文？司事,,京官,1
員外郎兼理製造？事,,京官,1
員外郎兼理？？廰,,京官,1
員外郎兼直隸司事,,京官,1
塘樓嶺巡檢,巡檢,縣首領,1
塘樓鎭巡檢,巡檢,縣首領,1
太子太保兵部尚書兼都察院右都御使總督閩浙等處地方軍務兼理粮餉,,省級,1
大龍馹丞,,雜職,1
大荆驿丞,,雜職,1
大覺衛巡檢,巡檢,縣首領,1
大觉卫巡检,巡檢,縣首領,1
大通巡检,巡檢,縣首領,1
大通巡検,,unknown,1
大通巡檢事,巡檢,縣首領,1
大通橋監督光祿寺典簿,,京官,1
大通橋監督光禄寺典簿,,京官,1
大通橋監督吏部員外郎,,京官,1
大通橋監督鳴贊鞭官,,京官,1
大錢湖戶巡檢,巡檢,縣首領,1
大钱湖户巡检,巡檢,縣首領,1
大関巡檢,巡檢,縣首領,1
大閣屯巡檢,巡檢,縣首領,1
大關鹽井巡檢,巡檢,縣首領,1
大阁屯巡检,巡檢,縣首領,1
大防水利同知,水利同知,府佐貳,1
大靖堡巡檢兼管馹務,巡檢,縣首領,1
大黃巡檢,巡檢,縣首領,1
大盈仓大使,,京官,1
大產巡檢,巡檢,縣首領,1
大理寺評事,,京官,1
大洪巡檢,巡檢,縣首領,1
大殿看守四品官,,unknown,1
大河卫守备,,unknown,1
大河衛守備,,武職,1
大沽河口巡検,,unknown,1
大洋司巡検,,unknown,1
大洋巡檢,巡檢,縣首領,1
大洪司巡検,,unknown,1
大洪岭巡检,巡檢,縣首領,1
大湖同知駐劄洞庭東山,同知,府佐貳,1
大理寺少？兼兵部行走,,京官,1
大湖同知駐劄？,同知,府佐貳,1
大滩巡检,巡檢,縣首領,1
大烏墟巡檢,巡檢,縣首領,1
大爵司巡检,巡檢,縣首領,1
大理寺丞,,京官,1
大理寺丞正,,京官,1
大理寺卿江西正主考,,京官,1
大理寺少卿仍兼大理寺少卿,,京官,1
大黄江口巡检,巡檢,縣首領,1
大龍？巡檢,巡檢,縣首領,1
大橋司巡検,,unknown,1
大龙马驿丞,,雜職,1
天橋廠廵？巡檢,巡檢,縣首領,1
天橋？？？巡檢,巡檢,縣首領,1
天津左所掌印守？？管河道,,省級,1
天津左所領運千總,,武職,1
天津掌印守御兼管河道事务,,省級,1
天津掌印守禦兼管河道事務,,省級,1
天目山巡检,巡檢,縣首領,1
天目巡檢,巡檢,縣首領,1
天門巡檢,巡檢,縣首領,1
天門関巡檢,巡檢,縣首領,1
天門關巡檢,巡檢,縣首領,1
天门关巡检,巡檢,縣首領,1
天？閘閘官,,雜職,1
天？？？？巡檢,巡檢,縣首領,1
太僕寺卿福建學政,,省級,1
太僕寺卿鑲紅旗蒙古副都統,,京官,1
太子太保內大臣昭？伯武英殿大學士兼兵部尚書仍管？？總督事務,,省級,1
太子太保內大臣？？伯？？？？大學士兵部尚書兼都察院右都禦使總督雲貴等處地方提督軍務兼理糧餉,,省級,1
太子太保兵部尚書兼都察院右副都御史總督闽浙等處地方提督軍務监理粮餉,,省級,1
天橋峯峰口巡檢,巡檢,縣首領,1
天橋厰巡口巡檢,巡檢,縣首領,1
天桥？？？巡检,巡檢,縣首領,1
天井閘官,,雜職,1
大？场盐课大使事,,京官,1
大？場塩課大使,,京官,1
大？場鹽課大使,,京官,1
大？巡検,,unknown,1
大？街巡檢,巡檢,縣首領,1
大？関主簿,主簿,縣首領,1
大？？巡检兼驿丞事,巡檢,縣首領,1
大？？？巡檢,巡檢,縣首領,1
天井闸闸官,,雜職,1
天文科五官靈臺郎郎,,京官,1
天利場鹽課大使,,京官,1
天堂寨巡检,巡檢,縣首領,1
天堂寨巡検,,unknown,1
天堂巡檢,巡檢,縣首領,1
天堂？巡檢,巡檢,縣首領,1
天妃閘管,,unknown,1
天妃闸闸官,,雜職,1
天文科五官灵台郎,,unknown,1
大橋巡檢,巡檢,縣首領,1
大廟看守四品官,,unknown,1
塘溪鎮巡檢,巡檢,縣首領,1
复设江南河库道,,省級,1
塩茶同知駐南部,同知,府佐貳,1
塩茶同知駐南部縣,同知,府佐貳,1
塩茶照磨兼司獄事,照磨,府首領,1
塩運使經歷,經歷,府首領,1
塩運經歷,經歷,府首領,1
塩運經歷管餘西場塩課事,經歷,府首領,1
塩？海防同知,同知,府佐貳,1
塩？？補？國塲大使,,京官,1
塩？？？？塲大使,,京官,1
墨爾根城屯庄七品官,,unknown,1
墨爾根城屯庒七品官,,unknown,1
壩頭司巡檢,巡檢,縣首領,1
壩頭巡檢,巡檢,縣首領,1
士橋河鎭巡検,,unknown,1
士橋河鎭巡檢,巡檢,縣首領,1
士都巡検,,unknown,1
处州卫掌印守备,,unknown,1
复姓典史,典史,縣首領,1
复设学録,,unknown,1
塩糧水利縣丞,縣丞,縣佐貳,1
塩粮捕盜督軍同知,同知,府佐貳,1
塩知事管照磨事,知事,府首領,1
塩捕州判駐？谷井,州判,州佐貳,1
塩場關巡檢,巡檢,縣首領,1
塩捕同知駐劄偏關,同知,府佐貳,1
塩捕同知駐劄？？,同知,府佐貳,1
塩捕同知駐南？？,同知,府佐貳,1
塩捕同知駐朱仙鎮,同知,府佐貳,1
塩捕同知駐？関,同知,府佐貳,1
塩捕同知駐？？？,同知,府佐貳,1
塩捕州判駐豐﨏井,州判,州佐貳,1
塩捕水利同知駐？？,水利同知,府佐貳,1
塩知事借？？？,知事,府首領,1
塩捕清軍同知,清軍同知,府佐貳,1
塩捕？判,,unknown,1
塩河縣丞,縣丞,縣佐貳,1
塩法軍捕同知,同知,府佐貳,1
塩法軍捕同知駐景德鎭,同知,府佐貳,1
塩漕水利通判駐南潯,通判,府佐貳,1
塩漕水利通判駐南？,通判,府佐貳,1
塩知事借補典史,典史,縣首領,1
复设教习,,京官,1
复设？？？？闸官事,,雜職,1
大庄科巡检,巡檢,縣首領,1
复？训导,訓導,教職,1
大城潭巡檢,巡檢,縣首領,1
大埠頭理苗州同,州同,州佐貳,1
大塘河務？？駐？？？,,unknown,1
大姑塘巡检,巡檢,縣首領,1
大姑岭巡检,巡檢,縣首領,1
大姑巡檢,巡檢,縣首領,1
大姑河口巡檢,巡檢,縣首領,1
大姑河巡检,巡檢,縣首領,1
大學士管理戶部三庫事務,,京官,1
大宁坝盐课大使,,京官,1
大安里巡检,巡檢,縣首領,1
大安里巡檢,巡檢,縣首領,1
大安馹丞兼管巡檢事,,雜職,1
大安驿丞,,雜職,1
大審街巡檢,巡檢,縣首領,1
大寺寨巡检,巡檢,縣首領,1
大寺寨巡検,,unknown,1
大巴山巡检,巡檢,縣首領,1
大平鄉巡檢,巡檢,縣首領,1
大同镇巡检,巡檢,縣首領,1
大同鎭巡検,,unknown,1
大同巡檢,巡檢,縣首領,1
多云镇巡检,巡檢,縣首領,1
夏莊巡檢,巡檢,縣首領,1
夏鎮閘閘官,,雜職,1
夏镇闸闸官,,雜職,1
夏阳司巡检,巡檢,縣首領,1
夏阳巡检,巡檢,縣首領,1
夏陽司巡検,,unknown,1
夕月坛奉祀,,unknown,1
夕月锬奉祀,,unknown,1
多雲巡檢,巡檢,縣首領,1
大利縣丞駐牛？灘,縣丞,縣佐貳,1
多雲鎭巡檢,巡檢,縣首領,1
夜护司巡检,巡檢,縣首領,1
夜護巡檢,巡檢,縣首領,1
大井盐课大使事务,,京官,1
大产司巡检,巡檢,縣首領,1
大信司巡検,,unknown,1
大信巡檢,巡檢,縣首領,1
大军仓大使,,京官,1
山西右衛右翼副都統,,unknown,1
山西提刑按察使司按察使,,unknown,1
张秋通判,通判,府佐貳,1
左侍郎浙江學政,,省級,1
左侍郎兼管光祿寺事務,,京官,1
左侍郎兼管光禄寺事務兼管火藥局正白旗满洲副都統公中佐領,,武職,1
左侍郎兼管國子監事,,京官,1
左侍郎兼管工部侍郎事務,,京官,1
左侍郎兼管樂部,,unknown,1
左侍郎兼管樂部總查京通各倉事務,,unknown,1
左侍郎兼管鑲黃旗漢軍副都統內務府總管,,京官,1
左侍郎兼管镶黄旗汉军副都统内务府总管,,unknown,1
左侍郎兼鑲紅旗漢軍副都統,,旗籍誤填,1
左侍郎兼鑲藍旗滿洲副都統,,旗籍誤填,1
左侍郎兼順天府府尹,,unknown,1
左侍郎廂白旗满洲副都統,,旗籍誤填,1
左侍郎廂白旗漢軍副都統,,旗籍誤填,1
左侍郎廂紅旗滿洲副都統,,旗籍誤填,1
左侍郎廂藍旗满洲副都統兼管太僕寺事務,,京官,1
左侍郎提督江西學政,,省級,1
左侍郎提督直隶学政,,省級,1
左侍郎正紅旗滿洲副都統,,旗籍誤填,1
左侍郎正黄旗满洲副都統,,旗籍誤填,1
左侍郎兼內務府大臣,,京官,1
左侍郎事務,,unknown,1
左使掌印滿雲麾使兼佐領,,武職,1
工部右侍郎兼署侍郎事務,,京官,1
巡视南城工科掌印给事中,,京官,1
巡视南城掌浙江道监察御史,,京官,1
巡视西城掌陕西道监察御史,,京官,1
巡视西城江南道监察御史,,京官,1
巡？？鎭平,,unknown,1
工部侍郎兼管奉天府尹事,,京官,1
工部侍郎兼管府尹事,,京官,1
工部右侍郎兼管光祿寺事務,,京官,1
工部員外,,京官,1
左使掌印满云麾使兼佐领,,武職,1
工部堂主事,,京官,1
工部尚书兼署吏部尚书事务,,京官,1
工部尚書兼督察院御史署理總督廣東廣西等處地方軍務兼理粮饷駐劄？？,,省級,1
工部尚書廂白旗蒙古都統,,京官,1
工部尚書正白旗蒙古都統,,京官,1
工部尚書管理奉宸苑事務縂管内務府大臣,,京官,1
工部尚書鑲藍旗都統,,京官,1
工部掌印郎中,,京官,1
左侍郎江西正典試,,unknown,1
左侍郎管理順天府府尹兼管樂部總查京通各倉事務,,unknown,1
巡视北城刑科给事中,,京官,1
左侍郎鑲白旗滿洲副都統,,旗籍誤填,1
左春坊左庶子兼管國子監司業事,,京官,1
左春坊左庶子掌坊事兼翰林院侍讀,,京官,1
左春坊左贊善兼翰林院檢討教習庶吉士提督廣東學政,,省級,1
左春坊左贊善廣西學政,,省級,1
左春坊左赞善,,unknown,1
左春坊左赞善兼翰林院检讨教习庶吉士提督广东学政,,省級,1
左春坊庶子掌坊,,unknown,1
左春坊庶子掌坊事兼翰林院侍讀,,京官,1
左监监副,,京官,1
左監監副,,京官,1
左翼助教,,京官,1
左翼步軍總尉恊理三營,,武職,1
左翼步軍翼尉,,unknown,1
左翼監督禮部尚書,,京官,1
左衞領運千總,,武職,1
左评事,,unknown,1
巴城司巡検,,unknown,1
巴城巡檢,巡檢,縣首領,1
巴域司巡檢,巡檢,縣首領,1
左春坊左中允山西正主考,,unknown,1
左春坊左中允兼翰林院編修貴州學政,,省級,1
左春坊左中允兼翰林院修撰敎習庶吉士,,京官,1
左寺丞兼中倉監督,,京官,1
左侍郎鑲藍旗滿洲副都統,,旗籍誤填,1
左侍郎順天學政,,省級,1
左司副理事官管銀庫事,,京官,1
左司掌印滿雲麾使世襲恩騎尉,,武職,1
左司理事官管理銀庫事,,京官,1
左安司巡检,巡檢,縣首領,1
左安巡檢,巡檢,縣首領,1
左寺丞兼中仓监督,,京官,1
左帮领运千总,,unknown,1
左旗营巡检,,武職,1
左所掌左所事汉云麾使,,unknown,1
左所滿闲散雲麾使,,武職,1
左所閑散滿雲麾使,,武職,1
左所閒散滿雲麾使,,武職,1
左所闲散满治仪正,,unknown,1
左所領運千總,,武職,1
左所领运千总,,unknown,1
左旗巡檢,巡檢,縣首領,1
巡视北城河南道监察御史,,京官,1
巡视中城礼科掌印给事中,,京官,1
巴河鎭巡検,,unknown,1
巡視南城吏科掌印給事,,unknown,1
巡視中城掌陝西道禦史,,unknown,1
巡視中城浙江道監察御史,,京官,1
巡視中城禮科給事中,,京官,1
巡視中城科給事,,unknown,1
巡視中城邢科給事中,,京官,1
巡視北城兵科掌印給事中,,京官,1
巡視北城刑科掌印給事中,,京官,1
巡視北城吏科掌印給事中,,京官,1
巡視北城山西道監察御史,,京官,1
巡視北城掌京畿道監察禦史,,unknown,1
巡視北城掌廣東道監察御史,,京官,1
巡視北城掌廣東道監察禦史,,unknown,1
巡視北城掌浙江道監察御史,,京官,1
巡視北城掌陝西道監察御史,,京官,1
巡視北城掌雲南道監察御史,,京官,1
巡視北城江南道監察御史,,京官,1
巡視北城陝西道監察御史,,京官,1
巡視北城陝西道監察禦史,,unknown,1
巡視南城京畿道監察禦史,,unknown,1
巡視中城掌陝西道監察御史,,京官,1
巡視中城掌福建道監察御史,,京官,1
巡視中城掌廣東道監察御史,,京官,1
巡検管？水驛丞事,,unknown,1
巡撫福建等處提督軍務糧餉兵部右侍郎都察院？副都禦使,,省級,1
巡撫西安等處地方督理軍務糧餉兵部侍郎兼都察院右副都禦使,,省級,1
巡撫貴州兼督湖北川東等處提督軍務節制兵馬兵部侍郎都察院右？都禦使,,省級,1
巡撫雲南兼建昌畢節丁醜軍務兼川貴兵餉兵部侍郎都察院右副都禦使,,省級,1
巡检,巡檢,縣首領,1
巡检借補典史,典史,縣首領,1
巡検兼管吏目事,,unknown,1
巡検分駐？？？管司獄事,,unknown,1
巡檢兼管？？？,巡檢,縣首領,1
巡視中城戶科給事,,unknown,1
巡檢分駐學？？？？？,巡檢,縣首領,1
巡檢銜補河泊所所官,巡檢,縣首領,1
巡檢駐劄？？？？,巡檢,縣首領,1
巡檢駐鎭坪,巡檢,縣首領,1
巡視中城刑科掌印給事中,,京官,1
巡視中城山西道監察御史,,京官,1
巡視中城山西道監察禦史,,unknown,1
巡視中城戶科堂印給事中,,京官,1
巡視南城刑科給事中,,京官,1
巡視南城工科掌印給事中,,京官,1
巡视中城吏科掌印给事中,,京官,1
巡視南城户科掌印給事中,,京官,1
巡視西城京畿道監察御史,,京官,1
巡視西城刑科掌印給事中,,京官,1
巡視西城刑科給事中,,京官,1
巡視西城吏科給事中,,京官,1
巡視西城工科給事中,,京官,1
巡視西城戶科給事中,,京官,1
巡視西城户科掌印給事中,,京官,1
巡視西城掌廣西道監察禦史,,unknown,1
巡視西城掌湖廣道監察御史,,京官,1
巡視西城掌福建道監察御史,,京官,1
巡視西城掌陝西道監察御史,,京官,1
巡視西城掌雲南道監察禦史,,unknown,1
巡視西城江南道監察御史,,京官,1
巡視西城江南道監察禦史,,unknown,1
巡視西城江西道監察御史,,京官,1
巡視西城湖廣道監察御史,,京官,1
巡視西城禮科給事中,,京官,1
巡视东城吏科掌印给事中,,京官,1
巡视东城山西道监察御史,,京官,1
巡視東城理科掌印給事,,unknown,1
巡視東城河南道監察御史,,京官,1
巡視東城江南道監察禦史,,unknown,1
巡視南城禮科掌印給事中湖北副典試,,京官,1
巡視南城掌江南道監察御史,,京官,1
巡視南城掌江西道監察禦史,,unknown,1
巡視南城掌河南道監察御史,,京官,1
巡視南城掌浙江道監察御史,,京官,1
巡視南城江南道監察御史,,京官,1
巡視南城河南道監察御史,,京官,1
巡視南城河南道監察禦史,,unknown,1
巡視南城禮科掌印給事中,,京官,1
巡視南城禮科給事中,,京官,1
巡視東城掌福建道監察禦史,,unknown,1
巡視巡視西城吏科掌印給事中,,京官,1
巡視東城兵科掌印給事中,,京官,1
巡視東城刑科給事中,,京官,1
巡視東城吏部給事中,,京官,1
巡視東城山西道監察御史,,京官,1
巡視東城掌四川道監察禦史,,unknown,1
巡視東城掌廣西道監察禦史,,unknown,1
巡視東城掌河南道監察御史,,京官,1
巴河巡檢,巡檢,縣首領,1
巴里坤巡檢,巡檢,縣首領,1
巡撫湖南等處提督軍務糧餉兵部侍郎都察院右副都禦使,,省級,1
廣東等處承宣佈政使司布政使,,unknown,1
廈門分防司知,,unknown,1
廊镇巡检,巡檢,縣首領,1
廟子角司巡檢,巡檢,縣首領,1
廟山巡檢,巡檢,縣首領,1
廟湾場塩課大使,,京官,1
廟湾大？巡検,,unknown,1
廟湾巡検,,unknown,1
廟溝場塩課大使,,京官,1
廟灣六套巡檢駐人和店,巡檢,縣首領,1
廟灣場鹽課大使,,京官,1
廟角巡檢,巡檢,縣首領,1
廣備庫大使,,京官,1
廣大津同知,同知,府佐貳,1
廣大漳同知,同知,府佐貳,1
廣安巡檢,巡檢,縣首領,1
廣東副主考中書,,京官,1
廣東副典試,,unknown,1
廣東承宣佈政使司布政使,,unknown,1
廣東提刑按察使司按察使,,unknown,1
廂紅旗蒙古副都統,,旗籍誤填,1
康樂？塩課大使,,京官,1
康店鎭巡檢,巡檢,縣首領,1
府經歷偕補新橋巡檢,巡檢,縣首領,1
府經借補扎佐巡檢,巡檢,縣首領,1
府經借補？？？,,unknown,1
府經偕補主簿,主簿,縣首領,1
府經偕補吏目,吏目,州首領,1
府經備補典史,典史,縣首領,1
府經厯借補照磨,照磨,府首領,1
府經歷借補照磨,照磨,府首領,1
府經歷借補黄螂巡檢,巡檢,縣首領,1
府經管主簿,主簿,縣首領,1
康店鎭巡検,,unknown,1
府縣協補吏目,,武職,1
府？借補吏目,吏目,州首領,1
府？？補管河主簿,主簿,縣首領,1
庫倫辨事大臣,,unknown,1
庫大使,,京官,1
康家渡塩場,,unknown,1
康店司巡檢兼縣丞事,巡檢,縣首領,1
康店巡檢兼縣丞事,巡檢,縣首領,1
廣東正主考,,unknown,1
廣東等處都轉盐運使司盐運使,,unknown,1
府丞管主簿,主簿,縣首領,1
廣武坡巡檢,巡檢,縣首領,1
建武巡检,巡檢,縣首領,1
建阳卫掌印守备,,unknown,1
建陽衛掌印守備,,武職,1
建陽馹丞管巡檢事,,雜職,1
廻城司巡檢,巡檢,縣首領,1
廻岐司巡检,巡檢,縣首領,1
廻岐巡檢,巡檢,縣首領,1
廻麓寨巡檢,巡檢,縣首領,1
廻龍巡檢,巡檢,縣首領,1
开顺镇巡检,巡檢,縣首領,1
弓矢司掌印满云麾使,,unknown,1
引仗漢整儀尉,,武職,1
引杖汉整仪尉,,unknown,1
引杖漢整儀尉,,武職,1
张家口理事同知,理事同知,府佐貳,1
张家坝巡检,巡檢,縣首領,1
张家坪巡检,巡檢,縣首領,1
张山店巡检,巡檢,縣首領,1
张渚巡检,巡檢,縣首領,1
建昌管巡檢,巡檢,縣首領,1
建昌營巡檢,,武職,1
建昌營巡検,,武職,1
廣豐倉大使,,京官,1
廣海巡檢,巡檢,縣首領,1
廣清馹丞駐西湖兼巡檢事,,雜職,1
廣濟道大使,,京官,1
廣濟？庫大使,,京官,1
廣西承宣佈政使司布政使,,unknown,1
廣西提刑按察使司按察使,,unknown,1
廣西等處承宣佈政使司布政使,,unknown,1
廣豊倉大使,,京官,1
廣豐庫大使,,京官,1
建昌所守禦,,武職,1
廣通嶺巡檢,巡檢,縣首領,1
廣通巡檢,巡檢,縣首領,1
廣通鎭巡檢,巡檢,縣首領,1
廣？驲丞駐？胡兼巡檢事,,unknown,1
廣？？員外郎掌稽勳司印,,京官,1
廬？場？課大使,,京官,1
建南巡检,巡檢,縣首領,1
建昌所守御,,unknown,1
府知事管典史事,知事,府首領,1
府丞提督學正稽察左翼覺羅學,學正,教職,1
市㲼次司巡檢,巡檢,縣首領,1
平政巡檢,巡檢,縣首領,1
常州白粮帮领运千总,,unknown,1
常平仓大使,,京官,1
常盈倉大使兼管庫務,,京官,1
常边？？？？？？,,unknown,1
幕德里巡检,巡檢,縣首領,1
幡幢司掌印满云麾使,,unknown,1
平乐一甲巡检,巡檢,縣首領,1
平乐镇巡检,巡檢,縣首領,1
平刑关巡检,巡檢,縣首領,1
平刑關巡檢,巡檢,縣首領,1
平圃巡檢,巡檢,縣首領,1
平垻湖三里邨巡検,,unknown,1
平头司巡检,巡檢,縣首領,1
平头？司长官司吏目,吏目,州首領,1
平山卫前帮领运千总,,unknown,1
平山卫千总,,unknown,1
平山司巡检,巡檢,縣首領,1
平山后幫領運千總,,武職,1
平山衛前幫領運千總,,武職,1
常山巡檢,巡檢,縣首領,1
布？？借補經歷,經歷,府首領,1
布？？借補海豊場塩課大使,,京官,1
布政司庫大使管石？場塩課事,,省級,1
市漢次司巡檢,巡檢,縣首領,1
市議次司巡檢,巡檢,縣首領,1
市议次司巡检,巡檢,縣首領,1
市郭里巡检,巡檢,縣首領,1
市（氵义）巡檢,巡檢,縣首領,1
布政使廣盈庫大使,,京官,1
布政使理問,,京官,1
布政司广盈库大使,,省級,1
布政司理同,,省級,1
布？管州判事,,unknown,1
布政司？？,,省級,1
布政少司經歷,經歷,府首領,1
布理借補經歷,經歷,府首領,1
布經借補經歷,經歷,府首領,1
布經借補經歷兼管税務,經歷,府首領,1
布經歷備？經歷,經歷,府首領,1
布經？縣丞,縣丞,縣佐貳,1
布经管经历事,,unknown,1
平山衛千總,,武職,1
平望司巡检,巡檢,縣首領,1
府丞兼奉天等處提督學政,,省級,1
平望司巡検,,unknown,1
广东等处提刑按察使司按察使,,unknown,1
广信所守御,,unknown,1
广南巡检,巡檢,縣首領,1
广大漳同知,同知,府佐貳,1
广安司巡检,巡檢,縣首領,1
广武城巡检,巡檢,縣首領,1
广武崖巡检,巡檢,縣首領,1
广济库大使,,京官,1
广海寨巡检,巡檢,縣首領,1
广西等处承宣布政使司布政使,,unknown,1
广西等处提刑按察使司按察使,,unknown,1
广通镇巡检,巡檢,縣首領,1
广？仓大使,,京官,1
庄浪理事通判,理事通判,府佐貳,1
庐？场？课大使,,京官,1
庙子角巡检,巡檢,縣首領,1
庙山司巡检,巡檢,縣首領,1
庙湾巡检,巡檢,縣首領,1
府丞兼奉天等处提督学正,學正,教職,1
广东等处承宣布政使司布政使,,unknown,1
幹鎮巡檢,巡檢,縣首領,1
幹州訓導,訓導,教職,1
平順靜學訓導,訓導,教職,1
平望巡檢,巡檢,縣首領,1
平樂巡檢,巡檢,縣首領,1
平樂甲巡檢,巡檢,縣首領,1
平邢司巡檢,巡檢,縣首領,1
平鄉巡檢,巡檢,縣首領,1
平阳墟巡检,巡檢,縣首領,1
平陽場巡檢,巡檢,縣首領,1
平陽鎭巡檢,巡檢,縣首領,1
平頭巡檢,巡檢,縣首領,1
幹州巡檢,巡檢,縣首領,1
平頭？司長官司吏目,,土司,1
平頭？司長官司州同,,土司,1
平顕司巡檢,巡檢,縣首領,1
平顧長官吏目,吏目,州首領,1
平？关三里店巡检,巡檢,縣首領,1
平？司巡檢,巡檢,縣首領,1
幹壩巡檢,巡檢,縣首領,1
幹州同知,同知,府佐貳,1
巡撫福建等處地方提督軍務兵部右侍郎兼都察院右副都禦史兼理糧餉,,省級,1
巡撫湖北等處地方提督軍務兼管粮餉兵部侍郎兼都察院右副都御史,,省級,1
山西正主考,,unknown,1
州判駐龍泉井,州判,州佐貳,1
州判駐剳羅？,州判,州佐貳,1
州判駐劄普測,州判,州佐貳,1
州判駐劄羅解,州判,州佐貳,1
州判駐劄草壩,州判,州佐貳,1
州判駐劄草霸,州判,州佐貳,1
州判駐劄衞嘉,州判,州佐貳,1
州判駐半城鎭,州判,州佐貳,1
州判駐威馬？,州判,州佐貳,1
州判駐定？驲兼？水利,州判,州佐貳,1
州判駐彝良,州判,州佐貳,1
州判駐彭城鎭,州判,州佐貳,1
州判駐東興街,州判,州佐貳,1
州判駐沙泥馹兼司水利,州判,州佐貳,1
州判駐灃市鎭,州判,州佐貳,1
州判駐祝林？,州判,州佐貳,1
州判駐紮中後所,州判,州佐貳,1
州判駐貴草？,州判,州佐貳,1
州判駐迤東三岔鎮,州判,州佐貳,1
州判駐進市三？鎮,州判,州佐貳,1
州判駐剳羅斛,州判,州佐貳,1
州判駐剳羅州,州判,州佐貳,1
州判駐剳碼嘉,州判,州佐貳,1
州判管？？口闸官事,州判,州佐貳,1
州判管豐財地塩課事,州判,州佐貳,1
州判管豐財場塩課事,州判,州佐貳,1
州判管越支揚塩課事,州判,州佐貳,1
州判管越支揚課事,州判,州佐貳,1
州判管黃雒河巡檢事,州判,州佐貳,1
州判管？牧場塩課大使事,州判,州佐貳,1
州判管？茶场盐课大使事,州判,州佐貳,1
州判管？茶場鹽課大使事,州判,州佐貳,1
州判管？？場塩課大使,州判,州佐貳,1
州判駐剳普？,州判,州佐貳,1
州判管？？場塩課大使事,州判,州佐貳,1
州判管？？？主簿事,州判,州佐貳,1
州判管？？？事,州判,州佐貳,1
州判管？？？大使事,州判,州佐貳,1
州判管？？？库大使,州判,州佐貳,1
州判駐九家？兼管屯務,州判,州佐貳,1
州判駐剳化營,,武職,1
州判駐剳微信,州判,州佐貳,1
州判駐黄草垻,州判,州佐貳,1
州判駐龍関鎮,州判,州佐貳,1
州判管縣丞駐？？？？,州判,州佐貳,1
州判駐龍關镇,州判,州佐貳,1
州同巡検,州同,州佐貳,1
州同改授县丞,縣丞,縣佐貳,1
州同改授管河县丞,縣丞,縣佐貳,1
州同改授管河縣丞,縣丞,縣佐貳,1
州同管下沙場塩課大使事,州同,州佐貳,1
州同管下沙場鹽課,州同,州佐貳,1
州同管下砂場塩課事,州同,州佐貳,1
州同管丰县主簿,主簿,縣首領,1
州同管五港港口巡検,州同,州佐貳,1
州同管五港灌口巡檢,州同,州佐貳,1
州同管南界場鹽課事,州同,州佐貳,1
州同管南陽閘,州同,州佐貳,1
州同管在？閘,州同,州佐貳,1
州同管塩城縣丞事,州同,州佐貳,1
州同管大井鹽課,州同,州佐貳,1
州同管大烏巡檢事,州同,州佐貳,1
州同管宿迁北岸主簿,主簿,縣首領,1
州同管宿遷北岸主簿,主簿,縣首領,1
州同管宿遷糧河縣丞事,州同,州佐貳,1
州同州判管事,州判,州佐貳,1
州同兼水利,州同,州佐貳,1
州同備補州判駐昌邱店,州判,州佐貳,1
州判驻扎中后所,州判,州佐貳,1
州判駐？？,州判,州佐貳,1
州判駐？？井,州判,州佐貳,1
州判驻劄威信,州判,州佐貳,1
州判驻劄普渊,州判,州佐貳,1
州判驻劄罗州,州判,州佐貳,1
州判驻劄草坝,州判,州佐貳,1
州判驻大塘,州判,州佐貳,1
州判驻平昌关,州判,州佐貳,1
州判驻梅溪,州判,州佐貳,1
州同借補粮捕州判駐邊臨鎮,州判,州佐貳,1
州判驻白马关,州判,州佐貳,1
州判驻石桥井,州判,州佐貳,1
州判驻罗泉井,州判,州佐貳,1
州判？袁家口閘事,州判,州佐貳,1
州判？？場塩課大使事,州判,州佐貳,1
州判？？？,州判,州佐貳,1
州判？？？？,州判,州佐貳,1
州務同知,同知,府佐貳,1
州判管豐時場鹽大使,州判,州佐貳,1
州判管縣丞駐駐耍兒渡,州判,州佐貳,1
州同管寺前舖閘閘官事,州同,州佐貳,1
崔家霸巡检,巡檢,縣首領,1
山？？？河務同知,同知,府佐貳,1
岑港司巡检,巡檢,縣首領,1
岱岳站巡検,,unknown,1
岱岳站巡檢,巡檢,縣首領,1
岳山巡检,巡檢,縣首領,1
岳州卫守备,,unknown,1
岳州衛守備,,武職,1
峒？司巡檢,巡檢,縣首領,1
峦夷長？？,,unknown,1
峰井塲塩課大使,,京官,1
峽口巡檢,巡檢,縣首領,1
崇文門大使,,京官,1
崇文门税大使,,京官,1
崇明縣塩大使,,京官,1
崑都崙巡检,巡檢,縣首領,1
崑都？巡檢,巡檢,縣首領,1
崑？？巡檢,巡檢,縣首領,1
崔壩巡檢,巡檢,縣首領,1
崔家埧巡檢,巡檢,縣首領,1
山？？？同知,同知,府佐貳,1
山？？河？,,unknown,1
山？？河同知,同知,府佐貳,1
山阳高？？主簿,主簿,縣首領,1
山西等处承宣布政使司布政使,,unknown,1
山西等处提刑按察使司按察使,,unknown,1
山西等處承宣布使司布政使,,unknown,1
山西等處提刑按察使司按察使統辖全省驛傳事務,,unknown,1
山角司巡检,巡檢,縣首領,1
山角巡檢,巡檢,縣首領,1
山阳外河主簿,主簿,縣首領,1
山阳里河主簿,主簿,縣首領,1
山阳？河县丞,縣丞,縣佐貳,1
山？管河同知,同知,府佐貳,1
山陽同營口巡檢,,武職,1
山陽外河縣丞,縣丞,縣佐貳,1
山陽理河主簿,主簿,縣首領,1
山陽童家管巡檢巡檢,巡檢,縣首領,1
山陽童家？巡検,,unknown,1
山陽裏河縣丞,縣丞,縣佐貳,1
山陽高？？主簿,主簿,縣首領,1
山？南岸河？？,,unknown,1
崔家壩巡檢,巡檢,縣首領,1
嵢峡司巡検,,unknown,1
州判管縣丞事駐？？？,州判,州佐貳,1
嵢峽司巡检,巡檢,縣首領,1
州判管富國場塩課大使,州判,州佐貳,1
州判管寺前鋪閘官事,州判,州佐貳,1
州判管小鹽池？,州判,州佐貳,1
州判管廣鹽庫大使事,州判,州佐貳,1
州判管戴家廟閘閘官事,州判,州佐貳,1
州判管拚茶場塩課事,州判,州佐貳,1
州判管拼茶場塩課大使事,州判,州佐貳,1
州判管拼茶場鹽課,州判,州佐貳,1
州判管掘港場鹽課,州判,州佐貳,1
州判管東安司巡檢,州判,州佐貳,1
州判管東？関批驗所大使事,州判,州佐貳,1
州判管沙头场？课大使事,州判,州佐貳,1
州判管洛口批驗所大使,州判,州佐貳,1
州判管濟用庫大使事,州判,州佐貳,1
州判管石港場塩課事,州判,州佐貳,1
州判管石港場鹽課事,州判,州佐貳,1
州判管縣丞事駐丹直,州判,州佐貳,1
州判管縣丞事駐楊村,州判,州佐貳,1
州判管縣丞事駐耍兒渡,州判,州佐貳,1
州判管宿遷北岸主簿,主簿,縣首領,1
州判管周家店閘閘官事,州判,州佐貳,1
州判管周家店閘官事,州判,州佐貳,1
州判兼管批騐所事,州判,州佐貳,1
嵢峽巡檢,巡檢,縣首領,1
嵢？司巡檢,巡檢,縣首領,1
嶽山,,unknown,1
嶽山巡檢,巡檢,縣首領,1
州判借补糧河縣丞,縣丞,縣佐貳,1
州判借補經歷,經歷,府首領,1
州判偕補縣丞,州判,州佐貳,1
州判兼管北？所事,州判,州佐貳,1
州判兼管批验所事,州判,州佐貳,1
州判管吏目,吏目,州首領,1
州判掌？？水利縣丞,州判,州佐貳,1
州判改授教諭,教諭,教職,1
州判管伍佑场大使事,州判,州佐貳,1
州判管伍佑場塩課事,州判,州佐貳,1
州判管伍佑場大使事,州判,州佐貳,1
州判管北岸主簿事,州判,州佐貳,1
州判管北岸巡検事,州判,州佐貳,1
州判管县丞事分管水利,州判,州佐貳,1
州同管富？塲塩课大使事,州同,州佐貳,1
州同管小靖巡檢？？,州同,州佐貳,1
巡撫湖北地方提督軍務糧餉兵部侍郎都察院副都禦使,,省級,1
州？？？龍駒寨,,unknown,1
州同驻徐溪口,州同,州佐貳,1
州同驻扎溪口,州同,州佐貳,1
州同驻扎蛤易,州同,州佐貳,1
州同驻河基镇,州同,州佐貳,1
州同驻阳平关,州同,州佐貳,1
州同驻高沙市,州同,州佐貳,1
州同驻黄龙,州同,州佐貳,1
州同驻龙源镇,州同,州佐貳,1
州同？县丞事？？？,州同,州佐貳,1
州同？山？裏河主簿,主簿,縣首領,1
州同？？,州同,州佐貳,1
州同？？事军功,州同,州佐貳,1
州同？？州管河州同,州同,州佐貳,1
州同？？縣丞,州同,州佐貳,1
州同？？？場鹽課事,州同,州佐貳,1
州同？？？？鹽課大使事,州同,州佐貳,1
州同？？？？？？,州同,州佐貳,1
州固管縣？事,,unknown,1
州國管河？？？駐？？澱,,unknown,1
州同驻彭城镇,州同,州佐貳,1
州同驻劄彛良,州同,州佐貳,1
州同驻劄册亨,州同,州佐貳,1
州同駐剳冊亨,州同,州佐貳,1
州同管？？闸官事,州同,州佐貳,1
州同管？？？事,州同,州佐貳,1
州同管？？？河县丞事,州同,州佐貳,1
州同管？？？鹽課事,州同,州佐貳,1
州同胥茫？閘,州同,州佐貳,1
州同駐三足（屯+土）,州同,州佐貳,1
州同駐入陽,州同,州佐貳,1
州同駐凃溪口,州同,州佐貳,1
州同駐剳冊亭,州同,州佐貳,1
州同驻三足坉,州同,州佐貳,1
州同駐劄冊亭,州同,州佐貳,1
州同駐劄彛良,州同,州佐貳,1
州同駐彭城鎮,州同,州佐貳,1
州同駐徐溪口,州同,州佐貳,1
州同駐窪泥驲兼？水利,州同,州佐貳,1
州同駐西固,州同,州佐貳,1
州同駐黃龍,州同,州佐貳,1
州同駐？馬池,州同,州佐貳,1
州？管？河縣丞事,,unknown,1
巡抚云南兼建昌毕节等处地方賛理军务兵部侍郎兼都察院右副都御使兼**兵*,,省級,1
州同管？？閘閘官事,州同,州佐貳,1
巡抚兼理提督统辖全省等处地方军务节制各镇加三级军功,,省級,1
巡撫兼理提督統辖全省軍務節制各鎮,,省級,1
巡撫兼理鹽課兼海防轄蘇松常鎭徽五府廣德州江西廣信等處,,省級,1
巡撫兼理鹽課兼海防轄蘇松常鎮徽五府廣德州廣信等處,,省級,1
巡撫兼理鹽課兼海防轄蘇松常鎮徽五府廣德州江西廣信等處,,省級,1
巡撫兼理鹽課海防轄蘇松常鎮徽廣德九江西廣信等處,,省級,1
巡撫安徽等處地方提督軍務兵部侍郎兼都察院右副都御史,,省級,1
巡撫安徽等處地方提督軍務兵部侍郎都察院副都禦使,,省級,1
巡撫山東等處督理營田兼理軍務兵部侍郎都察院右副都禦使,,省級,1
巡撫山西太原等處兼理提督統轄全省地方軍務節制各鎮,,省級,1
巡撫山西等處兼提督統轄全省地方軍務節制各鎮,,省級,1
巡撫山西等處兼理提督統轄全省等處地方軍務節制各鎮,,省級,1
巡撫山西等處提督衙門等關軍務兼雲鎮兵部侍郎都察院右副都禦使,,省級,1
巡撫廣東地方提督軍務糧餉兵部侍郎？察院副都禦使,,省級,1
巡撫廣西等處軍務糧餉兵部侍郎都察院副都禦使,,省級,1
巡撫江西南昌等處地方提督軍務兵部侍郎兼都察院右副都御史兼理粮餉,,省級,1
巡撫江西提督軍務糧餉兵部侍郎兼都察院右副都禦使,,省級,1
巡撫河南等處提督軍務兼河道督理管田兵部侍郎都察院右副都禦使,,省級,1
巡撫浙江等處地方兵部侍郎兼都察院右副都禦史提督軍務兼理糧餉,,省級,1
巡撫浙江等處提督軍務糧餉兵部侍郎都察院右副都禦使,,省級,1
巡撫兼理提督統轄全省等處地方軍務節制各鎮幷駐防满营官兵,,省級,1
巡撫兼理提督統轄全省等處地方軍務節制各鎮并駐防滿营官兵,,省級,1
巡撫兼理提督統轄全省等處地方軍務節制各鎮兼公中佐領,,省級,1
巡抚湖北等处地方提督军务兼理粮饷兵部侍郎兼都察院右副都御史,,省級,1
巡抚兼理盐课兼海防辖苏松常镇徽五府广德州广信等处,,省級,1
巡抚山东等处地方兵部侍郎兼都察院右都副御史督理营田兼理军务,,省級,1
巡抚山西太原等处兼理提督统辖全省等处地方军务节制各镇,,省級,1
巡抚山西太原等处地方兵部侍郎兼都察院右副都御史提督？门等关军务兼理？镇,,省級,1
巡抚广东等处地方提督军务兼理粮饷兵部侍郎都察院右副都御史,,省級,1
巡抚广西等处地方提督军务兼理粮饷兵部侍郎都察院副都御使,,省級,1
巡抚江西南昌等处地方提督军务兵部侍郎兼都察院右副都御史兼理粮饷,,省級,1
巡抚浙江等处地方兵部侍郎兼都察院右副都御史提督军务兼理粮饷,,省級,1
巡抚湖南等处地方提督军务管理粮饷兵部侍郎兼都察院右副都御史,,省級,1
巡撫兼理提督統轄全省等處地方軍務節制各鎭并駐防滿营官兵,,省級,1
巡抚福建等处地方提督军务兵部右侍郎兼都察院右副都御史兼理粮饷,,省級,1
巡抚西安等处地方督理军务兼理粮饷兵部侍郎兼都察院右副都御史,,省級,1
巡抚贵州兼督理湖北川东等处地方提督军务节制通省兵马兵部侍郎兼都察院右副都御史,,省級,1
巡撫兼提督統轄全省地方軍務節制各鎮,,省級,1
巡撫兼提督統轄全省軍務節制各鎮,,省級,1
巡撫兼理塩課辖山西河東塩課陕西大小二池兼河南等處汝州直隷潼関,,省級,1
巡撫兼理提督節制各鎮并駐防滿營官兵,,省級,1
巡撫兼理提督統轄全省等处地方軍務節制各鎮,,省級,1
州同管？？關,州同,州佐貳,1
州同管？？閘官事,州同,州佐貳,1
州同管山阳外河县丞事,州同,州佐貳,1
州同管糧河縣丞事,州同,州佐貳,1
州同管楊莊閘,州同,州佐貳,1
州同管歸化場事,州同,州佐貳,1
州同管歸化場塩課大使事,州同,州佐貳,1
州同管水利粮丞事,州同,州佐貳,1
州同管水利糧丞事,州同,州佐貳,1
州同管水利縣丞事,州同,州佐貳,1
州同管河县丞？三？？,州同,州佐貳,1
州同管河縣丞駐三角淀,州同,州佐貳,1
州同管河西務主簿,主簿,縣首領,1
州同管淡水塲塩課大使事,州同,州佐貳,1
州同管清河县丞事,州同,州佐貳,1
州同管清用庫大使,州同,州佐貳,1
州同管濟庫大使事,州同,州佐貳,1
州同管王家？？？？事,州同,州佐貳,1
州同管理？？巡檢事,州同,州佐貳,1
州同管理？？？？事,州同,州佐貳,1
州同管磚板閘閘官事,州同,州佐貳,1
州同管祥陳北岸主簿事,州同,州佐貳,1
州同管管何縣丞事,州同,州佐貳,1
州同管梁？？場鹽課,州同,州佐貳,1
州同管梁垛場塩課事,州同,州佐貳,1
州同管桃源縣丞事,州同,州佐貳,1
州同管抱母井盐课大使事,州同,州佐貳,1
州同管山陽外河縣丞事,州同,州佐貳,1
州同管州判事駐劄威信,州判,州佐貳,1
州同管常茂場塩課大使事,州同,州佐貳,1
州同管庫大使事,州同,州佐貳,1
州同管廣塩庫大使事,州同,州佐貳,1
州同管廣盈庫事,州同,州佐貳,1
州同管批驗所,州同,州佐貳,1
州同管批验所,州同,州佐貳,1
州同管抱母井鹽課,州同,州佐貳,1
州同管桃源县丞事,州同,州佐貳,1
州同管抱母井鹽課大使事,州同,州佐貳,1
州同管拖母井塩課大使事,州同,州佐貳,1
州同管撫隆井塩課事,州同,州佐貳,1
州同管杭村巡检,州同,州佐貳,1
州同管杭村巡檢,州同,州佐貳,1
州同管東？批鹽所,州同,州佐貳,1
州同管板浦場塩課事,州同,州佐貳,1
州同管桃園縣丞事,州同,州佐貳,1
州同管粮河縣丞事,州同,州佐貳,1
州同管經歷事,州同,州佐貳,1
州同管？？縣丞事,州同,州佐貳,1
州同管縣丞事駐劄周村,州同,州佐貳,1
州同管高家堰主簿,主簿,縣首領,1
州同管高家堰主簿事,州同,州佐貳,1
州同管高良？主簿事,州同,州佐貳,1
州同管麗江井鹽課,州同,州佐貳,1
州同管？化縣丞事,州同,州佐貳,1
州同管？城县丞事,州同,州佐貳,1
州同管？塲塩課大使事,州同,州佐貳,1
州同管？家？闸官事,州同,州佐貳,1
州同管？州管河州判,州判,州佐貳,1
州同管？板闸闸官事,州同,州佐貳,1
州同管？水塲塩課大使事,州同,州佐貳,1
州同管？河县丞事,州同,州佐貳,1
州同管？河縣丞事,州同,州佐貳,1
州同管？？场盐课大使事,州同,州佐貳,1
州同管？？場鹽課事,州同,州佐貳,1
州同管？？塲塩課大使事,州同,州佐貳,1
州同管？？大？巡檢事,州同,州佐貳,1
州同管？？庫大使事,州同,州佐貳,1
州同管？？盐课大使事,州同,州佐貳,1
州同管騰沛閘官事,州同,州佐貳,1
州同管靳家口閘閘官事,州同,州佐貳,1
州同管青村場鹽課,州同,州佐貳,1
州同管豊濟庫大使事,州同,州佐貳,1
州同管縣丞事駐周村,州同,州佐貳,1
州同管縣丞事駐羅溪,州同,州佐貳,1
州同管縣丞事駐羌北鎮,州同,州佐貳,1
州同管縣丞事駐錢家集,州同,州佐貳,1
州同管縣丞事駐？？？,州同,州佐貳,1
州同管裹河縣丞事,州同,州佐貳,1
州同管西？場鹽課,州同,州佐貳,1
州同管角斜場鹽課,州同,州佐貳,1
州同管豐滿哭,州同,州佐貳,1
州同管雒口批驗所大使,州同,州佐貳,1
州同管赵村闸闸官事,州同,州佐貳,1
州同管通濟閘事,州同,州佐貳,1
州同管長林場鹽課大使,州同,州佐貳,1
州同管長樂司巡検事,州同,州佐貳,1
州同管阜寜？河縣丞事,州同,州佐貳,1
州同管阜寧糧河縣丞事,州同,州佐貳,1
州同管阿陋井大使事,州同,州佐貳,1
州同管阿陋井盐课驻广通,州同,州佐貳,1
吏部左侍郎兼署工部侍郎事務,,京官,1
吏部左侍郎兼管太僕寺事務,,京官,1
吏部左侍郎兼管國子監檢祭酒事,,京官,1
八尺巡檢,巡檢,縣首領,1
兩嶺口上巡檢,巡檢,縣首領,1
兩廣？？場塩課大使,,京官,1
兩浙嘉興松塩運分司運判,,unknown,1
兩浙嘉興松江鹽院分司運判,,unknown,1
兩浙塩運司將盈庫大使,,京官,1
兩浙寧紹塩運副使,,unknown,1
兩浙江南等處塩法都轉塩運使司分巡馹塩道駐剳省城,,unknown,1
兩浙江南等處塩法都轉塩運使司分巡馹塩道駐劄省城,,unknown,1
兩浙江南等處鹽法都轉鹽運使司兼管驛道駐劄省城,,unknown,1
兩浙江南等處鹽法都轉鹽運使司兼馹道駐省城,,unknown,1
兩浙江南等處鹽法都轉鹽運使司分巡驛鹽道駐劄省城,,unknown,1
兩浙江西等處鹽法都轉鹽運使司兼管驛道駐劄省城,,unknown,1
兩淮壩上巡檢,巡檢,縣首領,1
兩淮霸上巡檢,巡檢,縣首領,1
兩淮馬溝河巡檢,巡檢,縣首領,1
兩路同知,同知,府佐貳,1
兩路同知？？,同知,府佐貳,1
八叠嶺司巡檢,巡檢,縣首領,1
八叠？司巡检,巡檢,縣首領,1
內閣掌印典籍,,京官,1
內閣學士署理禮部左侍郎仍管太常寺正？公中佐領仍兼？？？,,京官,1
內閣學士署理禮部右侍郎事務,,京官,1
內閣學士兼禮部侍郎廂紅旗蒙古副都統,,京官,1
內閣學士兼禮部侍郎仍管太常寺正卿事,,京官,1
內閣學士兼禮部侍郎兼管國子監祭酒事,,京官,1
內閣學士兼禮部侍郎兼管樂部事務,,京官,1
內閣學士兼禮部侍郎兼管鴻臚寺事,,京官,1
內閣學士兼禮部侍郎兼管鴻臚寺事務,,京官,1
內閣學士兼禮部侍郎兼管鴻臚寺事務及鳴贊事務,,京官,1
內閣學士兼禮部侍郎兼管鴻臚寺事務正白旗蒙古副都統,,京官,1
內閣學士兼禮部侍郎太常寺正卿仍兼管禮部事務,,京官,1
內閣學士兼禮部侍郎廂藍旗蒙古副都統,,京官,1
內閣學士署吏部左侍郎,,京官,1
內閣學士兼禮部侍郎提督浙江學政,,省級,1
內閣學士兼禮部侍郎文淵閣直閣事浙江學政,,省級,1
內閣學士兼禮部侍郎江南正主考,,京官,1
內閣學士兼禮部侍郎江蘇學政,,省級,1
內閣學士兼禮部侍郎湖北學政,,省級,1
內閣學士兼禮部侍郎管中書？事務教習庻起士江西正式典官,,京官,1
內閣學士兼禮部侍郎署理吏部右侍郎事,,京官,1
內閣學士兼禮部侍郎鑲黃旗漢軍副都統,,京官,1
八尺寨巡检,巡檢,縣首領,1
八沟巡检,巡檢,縣首領,1
內閣學士兼禮部侍郎仍兼管鴻臚寺事務正白旗蒙古副都統,,京官,1
八渡墟主簿,主簿,縣首領,1
兵部侍郎兼副都统散秩大臣和硕额驸,,京官,1
兵部侍郎兼督察院右都御史總督閩浙等處地方提督軍務兼理粮餉承襲三等輕車都尉,,省級,1
兵部侍郎兼都察院副都禦使巡撫廣東等處地方提督軍務兼理糧餉仍兼管粵海関事務,,省級,1
兵部侍郎兼都察院副都禦使巡撫湖北等處地方提督軍務兼理糧餉,,省級,1
兵部侍郎兼都察院右副都御史巡撫安徽寕池太廬鳯穎廣德滁和六泗等處地方提督軍務,,省級,1
兵部侍郎兼都察院右副都御史巡撫安徽寧池太盧鳳穎廣德滁和六泗五州等處地方提督軍務,,省級,1
兵部侍郎兼都察院右副都御史巡撫山東等處地方督理營田监理事務,,省級,1
兵部侍郎兼都察院右副都御史巡撫山東等處地方督理管田兼理統轄全省軍務糧餉節制各鎮,,省級,1
兵部侍郎兼都察院右副都御史巡撫山東等處地方督理管田兼理軍務兼公中佐領,,省級,1
兵部侍郎兼都察院右副都御史巡撫山西太原等處地方提督雁門等関軍務兼理雲鎮,,省級,1
兵部侍郎兼都察院右副都御史巡撫山西太原等處地方提督雁門等關軍務兼理雲鎮,,省級,1
兵部侍郎兼都察院右副都御史巡撫山西太原等處地方提督雁門等關軍務兼理雲鎮兼理提督統轄全省軍務粮餉節制各鎮,,省級,1
兵部侍郎兼都察院右副都御史巡撫山西太原等處地方提督雁門等關軍務兼理？,,省級,1
兵部侍郎兼都察院右副都御史巡撫山西太原等處地方督理等關軍務兼理雲鎮,,省級,1
兵部侍郎兼都察院右副都御史巡撫江寧蘇松常鎮淮揚徐等處地方總理粮餉提督軍務,,省級,1
兵部侍郎兼都察院右副都御史巡撫江西南昌等處地方兼理提督統轄全省軍務粮餉,,省級,1
兵部侍郎兼都察院右副都御史巡撫江西南昌等處地方兼理提督統轄全省軍務粮餉節制各鎮,,省級,1
兵部侍郎兼都察院右副都御史巡撫江西南昌等處提督軍務粮餉,,省級,1
兵部侍郎兼都察院右副都御史巡撫河南等處地方提督軍務兼理河道？等營田,,省級,1
兵部侍郎兼副都統散秩大臣和碩額驸,,京官,1
兴衣乡巡检,巡檢,縣首領,1
兴泰里巡检,巡檢,縣首領,1
六塘巡檢,巡檢,縣首領,1
八渡？主？,,unknown,1
八溝理事,,unknown,1
八疊嶺巡檢,巡檢,縣首領,1
八里岔大社巡检,巡檢,縣首領,1
八里？？巡檢,巡檢,縣首領,1
八？嶺巡検,,unknown,1
八？？主簿,主簿,縣首領,1
六品烏林逹,,unknown,1
六庙看守四品官,,unknown,1
兴武卫守备,,unknown,1
六廟看守四品官,,unknown,1
六白丈巡檢,巡檢,縣首領,1
六百丈巡检,巡檢,縣首領,1
六？墟巡檢,巡檢,縣首領,1
六？河移駐高家溝,,unknown,1
关虎店巡检,巡檢,縣首領,1
关阳镇巡检,巡檢,縣首領,1
兴化乡巡检,巡檢,縣首領,1
內閣學士兼禮部侍郎仍兼鴻臚寺事務正白旗蒙古副都統,,京官,1
內閣侍讀學士廣東正典試,,京官,1
兵部侍郎兼都察院右副都御史巡撫河南等處地方軍務粮餉兼理提督節制各鎮并轄駐防满营官兵兼管河东河務,,省級,1
信都寨巡检,巡檢,縣首領,1
伊犁惠遠城巡檢,巡檢,縣首領,1
伊犁撫民？？,,unknown,1
伊犁馹事同知,同知,府佐貳,1
伍佑場大使,,京官,1
伍佑場鹽課大使,,京官,1
伍？？？課大使,,京官,1
会通税课局大使,,京官,1
佐領管員外郎兼山東司事務,,武職,1
佑太倉監督刑部員外,,京官,1
佳里典巡檢,巡檢,縣首領,1
使水司巡檢兼管驛務,巡檢,縣首領,1
例監,,unknown,1
侍補巡檢,巡檢,縣首領,1
侍郎銜管理太常寺卿公中佐領,,京官,1
便水馬巡檢,巡檢,縣首領,1
便水馬馹丞,,雜職,1
便水馬驲丞,,unknown,1
便水馹丞,,雜職,1
便水马驿丞,,雜職,1
任城卫领运千总,,unknown,1
仲家？閘閘事,,unknown,1
仙居巡檢,巡檢,縣首領,1
仁和场盐？大使,,京官,1
亦資孔驲丞兼管巡檢事,,unknown,1
亦資托馹丞兼管巡檢事,,雜職,1
亦资孔驿丞,,雜職,1
亦？丸驛丞兼管巡檢事,,雜職,1
京山司巡检,巡檢,縣首領,1
京畿道事監察禦史稽察宗人府掌印兼鑲黃旗滿洲旗務,,京官,1
京畿道監察御史陕甘學政,,省級,1
亭前鎭巡檢兼管馹丞事,巡檢,縣首領,1
仁和楊塩課大使,,京官,1
仙居口巡檢,巡檢,縣首領,1
仁和楊鹽課大使,,京官,1
仁懐㕔照磨,照磨,府首領,1
仁懷廳照磨,照磨,府首領,1
仆牛司巡检,巡檢,縣首領,1
仓大使,,京官,1
仓官,,京官,1
他鄰督撲通判,通判,府佐貳,1
仙居口巡检,巡檢,縣首領,1
保安马驿丞,,雜職,1
信都巡檢,巡檢,縣首領,1
內閣侍讀學士兼票簽處管理典籍㕔事務國史館提調,,京官,1
信都邨巡檢,巡檢,縣首領,1
先农坛奉祀,,unknown,1
光祿寺卿兼管鴻臚寺卿及鳴贊事務,,京官,1
光祿寺卿福建學政,,省級,1
光祿寺少卿兼理司事,,京官,1
光祿寺少卿浙江副主考,,京官,1
光祿寺署丞,,京官,1
光禄寺署正,,京官,1
光福振巡檢,巡檢,縣首領,1
光福镇巡检,巡檢,縣首領,1
光？鎮巡檢,巡檢,縣首領,1
兒都齊巡検,,unknown,1
內務府護軍户部郎中？？副監督兼步軍統領衙門,,京官,1
內務府郎中,,京官,1
內務府郎中督理山海鈔關,,京官,1
內部典籍,,京官,1
內閣侍讀四川正典試,,京官,1
內閣侍讀四川正？官,,京官,1
內閣侍讀學士兼佐領,,京官,1
內閣侍讀學士兼左領,,京官,1
儲齊倉監督戶部員外郎,,京官,1
儲濟倉監督戸部員外郎,,京官,1
儀征管河縣丞,縣丞,縣佐貳,1
倒马关巡检,巡檢,縣首領,1
信陽場鹽課,,unknown,1
信陽場鹽課大使,,京官,1
信陽巡検駐泊于鎭,,unknown,1
信陽巡檢駐泊子鎮,巡檢,縣首領,1
倒馬関巡檢,巡檢,縣首領,1
倒馬関巡檢駐橫河口,巡檢,縣首領,1
倒馬関巡檢駐？河口,巡檢,縣首領,1
倒馬關巡檢？？？,巡檢,縣首領,1
候補主事儀制司行走,,京官,1
儀征幫領運千總,,武職,1
候補員外郞文選司行走,,京官,1
偏橋司左司,,unknown,1
偏橋司正司,,unknown,1
偏？司右司,,unknown,1
偏？司左司,,unknown,1
偏？司正司,,unknown,1
備補庫大使,,京官,1
僕牛司巡檢,巡檢,縣首領,1
兵部侍郎兼都察院右副都御史巡撫河南等處地方提督軍務兼理漕務督理營田,,省級,1
兵部侍郎兼都察院右副都御史巡撫浙江等處地方提督軍務兼理糧餉督理南北二関,,省級,1
亢村驿丞,,雜職,1
分守武漢黃德等處道駐黃州府,,unknown,1
减河李村巡檢,巡檢,縣首領,1
凤凰营巡检,,武職,1
凤凰营训导,,武職,1
凤凰营通判驻？？,,武職,1
凤岭巡检,巡檢,縣首領,1
凤阳卫守备,,unknown,1
出山巡檢,巡檢,縣首領,1
出山店巡檢,巡檢,縣首領,1
分守口北兵備道整飭宣化等處兼管粮餉馹傳事務駐劄宣化府,,unknown,1
分守口北整飭宣化府等處兼管粮餉驛傳事務駐劄宣化府,,unknown,1
分守口北整飭宣化等處兼管糧餉驛傳事務駐劄宣化府,,unknown,1
分守口北整饬宣化府等处兼管粮饷驿传事务驻扎宣化府,,unknown,1
分守安襄郧等处地方下荆南道驻扎襄阳府,,unknown,1
分守安襄鄖等處地方下荊南道駐劄襄陽府,,unknown,1
分守常鎮通等處地方道,,unknown,1
分守常镇扬通等处地方道,,unknown,1
分守广东粮驿道管通省民屯钱粮？？料价兼管驿传水利等处地方,,unknown,1
分守桂平梧欎道兼管通省馹塩事務駐剳桂林府,,unknown,1
分守武汉黄德等处地方道驻扎黄州府,,unknown,1
减河吏目？？巡检,吏目,州首領,1
凌禄司巡检,巡檢,縣首領,1
凌厝巡检,巡檢,縣首領,1
冠軍使官旗手衛駕庫事務兼佐領,,武職,1
军？水利同知驻？？,水利同知,府佐貳,1
冠军使掌中所印,,武職,1
冠军使掌前所印兼佐领,,武職,1
冠军使掌右所印署佐领,,武職,1
冠军使掌后所印兼佐领,,武職,1
冠军使掌左所印,,武職,1
冠军使掌旗手卫印,,武職,1
冠军使掌驯象所印轻车都尉兼世管佐领,,武職,1
冠軍使掌旗手衛印,,武職,1
凉山巡检,巡檢,縣首領,1
冠軍使掌旗手衞印,,武職,1
冠軍使掌馴象所印一等男兼佐領,,武職,1
冠軍使掌馴象所印輕車都尉兼世管佐領,,武職,1
冠軍使管旗手衛兼駕庫事兼佐領,,武職,1
冠軍使管旗手衛掌駕庫事務兼佐領,,武職,1
冠軍使管旗手衞兼駕庫事世襲恩騎尉兼佐領,,武職,1
冷水关巡检,巡檢,縣首領,1
冷水巡檢,巡檢,縣首領,1
分守武漢黃德等處地方道駐黃州府,,unknown,1
分守武漢黄德等處地方道駐劄黄州府,,unknown,1
军粮同知,同知,府佐貳,1
分守河东兵备道管辖蒲平二府解绛吉关四州,,unknown,1
分巡右江道駐劄柳州府,,unknown,1
分巡四川通省淸軍驛傳鹽茶道,,unknown,1
分巡四川通省清军驿传盐茶道,,unknown,1
分巡四川通省清軍驛傅鹽茶道,,unknown,1
分巡大顺广等处地方兵备道兼管水利河道事务,,省級,1
分巡天津海防子牙苑家店河天津河間等處地方河道事務,,省級,1
分巡天津海防子牙苑家店河天津河间等处地方河道事务,,省級,1
分巡天津海防子牙苑家淀河天津河間等處地方兼管河務兵備道,,unknown,1
分巡天津海防子牙苑家淀河天津河間等處地方河道事務,,省級,1
分巡天津海防子牙苑家澱河天津河間等處河道事,,省級,1
分巡宁绍台道兼管海防事务驻扎宁波府,,unknown,1
分巡寧紹台兵備道兼管海防事務駐劄寧波府,,unknown,1
分巡寧紹台道兼管海防事務駐劄寧波府,,unknown,1
分巡寧紹臺道兼海防事駐寧波,,unknown,1
分巡寧紹臺道兼管海防事務駐劄寧波府,,unknown,1
分巡山东兖沂曹兼管水利黄河等处地方道,,unknown,1
分巡山东通省运河兵备道兼管河库事务,,unknown,1
分巡山東兗沂曹兼管水利黃河等處地方道,,unknown,1
分巡山東兗沂曹兼管水利黄河等處地方道,,unknown,1
分巡右江道朱柳州府,,unknown,1
分巡台湾等处地方道,,unknown,1
分巡古州兵备道辖黎平都匀等处地方,,unknown,1
分守苍梧道驻剳梧州府兼理通省驿盐事务,,unknown,1
分守河北兵備道管轄彰衛懷三府兼管水利河務,,unknown,1
分守河北兵备道管辖彰卫怀三府等处地方,,unknown,1
分守河東兵備道管轄蒲平二府解絳吉關四州,,unknown,1
分守河東兵備道管轄蒲平二府解絳吉隰四州,,unknown,1
分守济东泰武道兼理通省驿传水利事务辖高濮平三州,,unknown,1
分守督理湖南等處地方糧儲道,,省級,1
分守督理湖南等處糧儲道,,省級,1
分守粮储道兼兼屯田水利事务,,unknown,1
分守蒼梧道駐梧州府兼通省驛鹽事,,unknown,1
分巡古州兵備道轄黎平都勻等處,,unknown,1
分守襄鄖兵備道兼管水利事務駐剳襄陽府,,unknown,1
分守雁平道轄大朔寧忻代保等處,,unknown,1
分巡上荆南道管理荆宜地方兼理水利事,,unknown,1
分巡兵備道轄高亷等處地方駐劄高州府,,unknown,1
分巡兵備道轄高廉地方駐高州府,,unknown,1
分巡凤祁等处地方盐驿道,,unknown,1
分巡南汝光道駐剳信陽州兼管水利事務,,unknown,1
分巡南汝道駐剳信陽州兼管水利事務,,unknown,1
军？水利同知驻？川,水利同知,府佐貳,1
冉直镇巡抚,,省級,1
兵部侍郎兼都察院右副都御史巡撫湖北等處地方總督軍務兼理粮餉,,省級,1
兵部尚書兼都察院右都御史總督两廣等處地方提督軍務兼理粮餉,,省級,1
兵部侍郎兼都察院右都禦使總督河南山東河道提督軍務,,省級,1
兵部侍郎兼都察院右？？御史巡撫湖北等處地方提督軍務兼理粮餉,,省級,1
兵部侍郎兼都察院有副都禦使巡撫江蘇等處地方提督軍務糧餉,,省級,1
兵部侍郎總督江南南河等處河道提督軍務兼都察院右副都禦史,,省級,1
兵部侍郎都察院右副都御史巡撫安徽等處地方提督軍務粮餉,,省級,1
兵部侍郎都察院右副都御史總督河南山東河道提督軍務,,省級,1
兵部侍郎都察院右副都禦使巡撫安徽等處地方提督軍務糧餉,,省級,1
兵部侍郎都察院右副都禦使巡撫雲南等處地方提督軍務兼理糧餉,,省級,1
兵部侍郎都察院右都禦使總督河南山東河道提督軍務,,省級,1
兵部右侍郎,,京官,1
兵部右侍郎兼管國子監祭酒事,,京官,1
兵部右侍郎兼都察院右副都御史巡撫福建等處地方提督軍務兼理糧餉,,省級,1
兵部右侍郎提督江西学政扔兼兵部侍郎事,,省級,1
兵部尚书兼都察院右都御史总督河南山东河道提督军务,,省級,1
兵部尚书提督九门步军统领事果毅公,,京官,1
兵部尚書兼督察院右都御史總督閩浙等處地方提督軍務兼理粮餉,,省級,1
兵部尚書兼都察院右都御史監督两江等處地方提督軍務粮餉？江統轄南河事務,,京官,1
兵部尚書兼都察院右都御史縂督四川等處地方提督軍務兼理粮餉管巡検事,,京官,1
兵部尚書兼都察院右都御史縂督直隷等處兼管河道提督軍務粮餉葉荆密雲等関隘兼管巡撫事,,省級,1
兵部侍郎兼都察院右副都禦史總督淮揚漕運等處海防軍務兼理糧餉,,省級,1
兵部侍郎兼都察院右副都禦史巡撫江西南昌等處地方提督軍務糧餉,,省級,1
兵部侍郎兼都察院右副都禦史巡撫江蘇等處地方提督軍務糧餉,,省級,1
兵部侍郎兼都察院右副都禦使巡撫山西太原等處地方提督衙門等？軍務兼？？,,省級,1
兵部侍郎兼都察院右副都御史巡撫湖南等處地方提督軍務糧餉,,省級,1
兵部侍郎兼都察院右副都御史巡撫福建等處地方提督軍務兼理糧餉,,省級,1
兵部侍郎兼都察院右副都御史巡撫福建等處地方提督軍務监理粮餉,,省級,1
兵部侍郎兼都察院右副都御史巡撫雲南兼建昌畢節等處地方督理軍務兼川貴兵餉,,省級,1
兵部侍郎兼都察院右副都御史巡撫雲南兼建昌畢節等處地方贊理軍務兼川貴兵餉,,省級,1
兵部侍郎兼都察院右副都御史巡撫？蘇松常鎭淮揚徐州等處縂理儲粮道軍務,,省級,1
兵部侍郎兼都察院右副都御史總督江南南河等處河道提督事務,,省級,1
兵部侍郎兼都察院右副都禦使巡撫山東等處地方督理營田兼理軍務,,省級,1
兵部侍郎兼都察院右副都禦使巡撫廣西等處地方提督軍務兼理糧餉,,省級,1
兵部侍郎兼都察院右副都禦史巡撫山東等處地方督理管田兼理軍務,,省級,1
兵部侍郎兼都察院右副都禦使巡撫江西南昌等處地方提督軍務糧餉,,省級,1
兵部侍郎兼都察院右副都禦使巡撫河南等處軍務兼？？滿營官兵兼？？河務,,省級,1
兵部侍郎兼都察院右副都禦使巡撫浙江等處地方提督軍務糧餉,,省級,1
兵部侍郎兼都察院右副都禦使巡撫湖南等處地方提督軍務糧餉,,省級,1
兵部侍郎兼都察院右副都禦使巡撫福建等處地方提督軍務兼理粮餉,,省級,1
兵部侍郎兼都察院右副都禦使巡撫西安等處地方提督軍務糧餉,,省級,1
兵部侍郎兼都察院右副都禦使督理巡撫貴州等處地方提督軍務兼理糧餉,,省級,1
兵部侍郎兼都察院右副都禦史巡撫安徽等處地方提督軍務糧餉,,省級,1
兵部尚書兼都察院右都御史縂管陕甘等處地方軍務兼理粮餉巡撫事兼理茶馬,,省級,1
兵部尚書兼都察院右都御史總督两江等處地方提督軍務粮餉操江統轄南河事務,,省級,1
冉直鎮巡撫,,省級,1
兵部尚書兼都察院右都御史總督四川等處地方提督軍務兼理粮餉管巡撫事,,省級,1
兼理？司主事,,京官,1
兼理？？司郎中,,京官,1
兼福建江西？主事,,京官,1
兼贊禮郎,,京官,1
兼辦考功司主事,,京官,1
兼？庫務,,unknown,1
内閣典籍,,京官,1
内閣學士兼禮部侍郎兼管太常寺事,,京官,1
内閣學士兼禮部侍郎兼管太常寺事務,,京官,1
内閣學士兼禮部侍郎兼管樂部事務,,京官,1
内閣學士兼禮部侍郎文淵閣直閣事江南正主考,,京官,1
内閣學士兼禮部侍郎管理？部事務,,京官,1
内閣學士兼管樂部事務,,unknown,1
内阁中书兼管司经局正字,,京官,1
内阁侍读学士兼佐领,,武職,1
内阁典籍兼旧太仓监督,,京官,1
内阁典？,,unknown,1
内阁学士兼礼部侍郎仍兼鸿胪寺事务,,京官,1
内阁学士兼礼部侍郎提督浙江学政,,省級,1
兼理文選司員外郎,,京官,1
兼理員外,,unknown,1
兼理侍郎兼正藍旗蒙古都統,,旗籍誤填,1
兵部尚書兼都察院右都禦使總督湖北湖南等處地方軍務兼理糧餉,,省級,1
兵部尚書兼都察院右都御史總督河南山東河道鹽督軍務,,省級,1
兵部尚書兼都察院右都御史總督湖北湖南等處地方軍務兼理糧餉,,省級,1
兵部尚書兼都察院右都御史總督直隷等處兼管河道提督軍務粮餉葉荆密雲等関隘兼管巡撫事,,省級,1
兵部尚書兼都察院右都御史總督直隸等處兼管河道提督軍務粮餉紫荆密雲等関隘兼管巡撫事,,省級,1
兵部尚書兼都察院右都御史總督軍務兼理糧餉,,省級,1
兵部尚書兼都察院右都御史總督閩浙等處地方提督軍務兼理糧餉,,省級,1
兵部尚書兼都察院右都御史總督雲貴等處地方軍務兼理粮餉,,省級,1
兵部尚書兼都察院右都禦使總督四川等處地方提督軍務兼理糧餉管巡撫事,,省級,1
兵部尚書兼都察院右都禦史總督兩廣等處地方提督軍務兼理糧餉,,省級,1
兼北新倉監督,,unknown,1
兵部尚書兼都察院右都禦史總督兩江等處地方直隸等處地方提督軍務糧餉？江統轄南和事務,,省級,1
兵部尚書兼都察院右都禦史總督直隸等處兼管河道提督軍務糧餉紫荊密雲等關隘兼管巡撫事,,省級,1
兵部尚書兼都察院右都禦史總督陝甘等處地方軍務兼理糧餉督巡撫事兼理？？,,省級,1
兵部尚書兼鑲紅旗滿洲都統,,京官,1
兵部尚書兼鑲黃旗滿洲副都統,,京官,1
兵部尚書統理滿漢官兵節制各囘部管轄一應事務伊犁將軍,,京官,1
兵部左侍郎兼管欽天監監正事務,,京官,1
兼北新仓监督,,unknown,1
亦資孔馹丞兼管？？事,,雜職,1
亢村馹丞兼巡檢事,,雜職,1
吏部左侍郎,,京官,1
两淮霸上巡检,巡檢,縣首領,1
东安司巡检,巡檢,縣首領,1
东山司巡检,巡檢,縣首領,1
东岱堡北凌司巡检,巡檢,縣首領,1
东平守御所千总,,unknown,1
东平所管河千总,,unknown,1
东昌卫守备,,unknown,1
东泉镇巡检,巡檢,縣首領,1
东湖马驿丞,,雜職,1
东路捕盗驻扎通州兼永平府同知分辖通三武宝蓟遵大香等州县,同知,府佐貳,1
丞縣借補？？巡検,,unknown,1
两岭口巡检,巡檢,縣首領,1
两廣招收塲地塩課大使,,京官,1
两廣？收塲地塩課大使,,京官,1
两浙嘉兴松江盐院分司运判,,unknown,1
两浙宁绍盐运副使,,unknown,1
两浙江西等处盐法都转盐运使司兼管驿道驻扎省城,,unknown,1
两浙盐运司？？？大使,,省級,1
两淮烏沁河巡検,,unknown,1
两淮烏沙河巡檢,巡檢,縣首領,1
东场司巡检,巡檢,縣首領,1
东司掌印满云麾使,,unknown,1
东厂大使,,京官,1
下河寨巡检,巡檢,縣首領,1
上馬市巡檢駐棠陰,巡檢,縣首領,1
上？？巡檢,巡檢,縣首領,1
下历巡检,巡檢,縣首領,1
下庄司巡检,巡檢,縣首領,1
下庄司巡検,,unknown,1
下庒司巡檢,巡檢,縣首領,1
下沙場鹽課大使,,京官,1
下沙頭場塩課大使,,京官,1
下河水利通判駐劄武？,通判,府佐貳,1
丙戌科？？檢討,,京官,1
下河水利通判驻荆武城,通判,府佐貳,1
下淡水巡检,巡檢,縣首領,1
下淡水巡檢駐鳳山舊城,巡檢,縣首領,1
下祁司巡檢,巡檢,縣首領,1
下？司巡检,巡檢,縣首領,1
下？通判駐揚州,通判,府佐貳,1
丙戌科編修,,京官,1
丙戌科翰林院庶吉士,,京官,1
两淮白塔河巡檢,巡檢,縣首領,1
严康乡巡检,巡檢,縣首領,1
上陳驛丞兼巡検事,,雜職,1
严门司巡检,巡檢,縣首領,1
中营巡檢,,武職,1
中雲司巡検,,unknown,1
中霸场巡检,巡檢,縣首領,1
中霸場巡檢,巡檢,縣首領,1
丰圆镇巡检,巡檢,縣首領,1
丰盈仓大使,,京官,1
丰顺乡巡检,巡檢,縣首領,1
临淮镇巡检,巡檢,縣首領,1
临清卫守备,,unknown,1
丹徒巡檢,巡檢,縣首領,1
丹徒憤越閘官,,雜職,1
丹徒横越閘閘官,,雜職,1
丹徒？越閘閘官,,雜職,1
丹陽州同管縣丞事,州同,州佐貳,1
主事五品官,,京官,1
主事兼儀制司事,,京官,1
主事兼刑部貴州司事,,京官,1
主事兼南新仓监督,,京官,1
主事兼南新倉監督,,京官,1
中营巡检,,武職,1
中營巡検,,武職,1
中河縣丞駐？？橋,縣丞,縣佐貳,1
中所掌所事汉云麾使,,unknown,1
中书改授学正,學正,教職,1
中书？？？？通判,通判,府佐貳,1
中公？主簿,主簿,縣首領,1
中和司巡検,,unknown,1
中和巡檢,巡檢,縣首領,1
中堂司巡检,巡檢,縣首領,1
中堂巡檢,巡檢,縣首領,1
中壩巡檢,巡檢,縣首領,1
中所掌所事漢雲麾使,,武職,1
中河縣丞駐永濟橋,縣丞,縣佐貳,1
中所掌所事漢雲麾使兼佐領一等男,,武職,1
中所滿闲散雲麾使,,武職,1
中所閒散滿治儀正,,武職,1
中所閒散滿雲麾使,,武職,1
中書兼？勅房,,京官,1
中村司巡检,巡檢,縣首領,1
中正場鹽課大使,,京官,1
中正闲散满治仪正,,unknown,1
上陳驲丞兼巡檢事,,unknown,1
上陳馹兼巡檢事,,unknown,1
主事兼堂主事事,,京官,1
三樂鎭巡検,,unknown,1
三儀鎭巡檢,巡檢,縣首領,1
三儀鎮巡檢,巡檢,縣首領,1
三官寨巡检,巡檢,縣首領,1
三层岭巡检,巡檢,縣首領,1
三層嶺巡検,,unknown,1
三層巡檢,巡檢,縣首領,1
三層領巡檢,巡檢,縣首領,1
三屯巡检,巡檢,縣首領,1
三屯營巡検,,武職,1
三山司巡検,,unknown,1
三岔河巡检,巡檢,縣首領,1
三岔河巡檢,巡檢,縣首領,1
三岔驛丞兼巡検事,,雜職,1
三岔驿丞,,雜職,1
三州司巡檢,巡檢,縣首領,1
三座塔理事通判,理事通判,府佐貳,1
三林巡檢,巡檢,縣首領,1
三林庄巡检,巡檢,縣首領,1
三林庄巡検,,unknown,1
三儀巡檢,巡檢,縣首領,1
万家三庄闸官,,雜職,1
万全驿丞,,雜職,1
丁？場塩課大使,,京官,1
一千兰考管河通判,通判,府佐貳,1
一都巡检,巡檢,縣首領,1
丁丑科散館？討,,unknown,1
丁溪司閘官,,雜職,1
丁溪場鹽課大使,,京官,1
丁溪塲塩課大使,,京官,1
丁溪閘閘管,,unknown,1
丁溪闸闸官,,雜職,1
七品小京官山東司行走,,京官,1
七級上下閘,,unknown,1
七品小京官祀祭司行走,,京官,1
七品小京官福祭司行走,,京官,1
七品小京官稽勳司行走,,京官,1
七家嶺？丞管巡檢,巡檢,縣首領,1
七引巡檢,巡檢,縣首領,1
七引店巡检,巡檢,縣首領,1
七浦司巡检,巡檢,縣首領,1
七浦司巡検,,unknown,1
三林莊巡檢,巡檢,縣首領,1
三橋巡檢,巡檢,縣首領,1
上里平河村巡检,巡檢,縣首領,1
三水司巡检,巡檢,縣首領,1
上四庄巡检,巡檢,縣首領,1
上坪寨巡检,巡檢,縣首領,1
上坪巡檢,巡檢,縣首領,1
上官橋巡検,,unknown,1
上岡巡檢,巡檢,縣首領,1
上平寨巡檢,巡檢,縣首領,1
上桥河镇巡检,巡檢,縣首領,1
上河水利州判,州判,州佐貳,1
上泗莊巡検,,unknown,1
上津堡巡检,巡檢,縣首領,1
上津堡巡検,,unknown,1
上津巡檢,巡檢,縣首領,1
上清鎮新建,,unknown,1
上碑鎮西嶺口巡檢,巡檢,縣首領,1
上罔司巡检,巡檢,縣首領,1
上罔司巡検,,unknown,1
上裏平河巡檢,巡檢,縣首領,1
上裡平河村巡檢,巡檢,縣首領,1
上里平河巡檢,巡檢,縣首領,1
上四巡檢,巡檢,縣首領,1
上下？巡检,巡檢,縣首領,1
上下二尉巡檢,巡檢,縣首領,1
三義巡検,,unknown,1
三江口巡检,巡檢,縣首領,1
三江司巡检,巡檢,縣首領,1
三江巡檢,巡檢,縣首領,1
三河司巡检,巡檢,縣首領,1
三洲司巡检,巡檢,縣首領,1
三洲巡檢,巡檢,縣首領,1
三溪巡检,巡檢,縣首領,1
三溪巡検,,unknown,1
三要司巡检,巡檢,縣首領,1
三防廳主簿,主簿,縣首領,1
三角吕東巡檢,巡檢,縣首領,1
三角巡检,巡檢,縣首領,1
三角巡檢稅課大使,巡檢,縣首領,1
三角澱管通判,通判,府佐貳,1
三都巡檢,巡檢,縣首領,1
三都汃巡检,巡檢,縣首領,1
三都汛訓導,,武職,1
三防塘主簿,主簿,縣首領,1
主事兼司事,,京官,1
主事兼大通橋監督,,京官,1
井崗巡檢,巡檢,縣首領,1
九峰巡檢,巡檢,縣首領,1
主簿駐劄爐橋東,主簿,縣首領,1
主簿駐吳城鎭,主簿,縣首領,1
主簿駐呉城鎭,主簿,縣首領,1
主簿駐河西務,主簿,縣首領,1
主簿駐爐橋？,主簿,縣首領,1
主簿驻扎炉桥东,主簿,縣首領,1
主簿？駐？埠鎮,主簿,縣首領,1
主簿？？……？？,主簿,縣首領,1
主簿？？北鄉司巡檢,主簿,縣首領,1
主？管前所巡檢事,,unknown,1
主？長寧？？巡檢事,巡檢,縣首領,1
主？？？總撲同知,同知,府佐貳,1
主？？？？？？,,unknown,1
乂头巡检,巡檢,縣首領,1
久山镇巡检,巡檢,縣首領,1
乌兰布统巡检,巡檢,縣首領,1
乌山司巡检,巡檢,縣首領,1
乔头驿丞,,雜職,1
九峰司巡检,巡檢,縣首領,1
主簿駐劄炉橋東,主簿,縣首領,1
主簿趙村閘閘官事,主簿,縣首領,1
主簿管？？？？？事,主簿,縣首領,1
主簿管長安馹丞事,主簿,縣首領,1
主簿管石頭口巡檢事,主簿,縣首領,1
主簿管縣丞事,主簿,縣首領,1
主簿管臨淮鎮巡檢,主簿,縣首領,1
主簿管興龍巡檢事,主簿,縣首領,1
主簿管若水司巡檢事,主簿,縣首領,1
主簿管萬家閘閘官事,主簿,縣首領,1
主簿管蘇溪司巡檢事,主簿,縣首領,1
主簿管趙村閘閘官事,主簿,縣首領,1
主簿管開河閘官事,主簿,縣首領,1
主簿管？龍巡檢事,主簿,縣首領,1
主簿管風海司巡検事,主簿,縣首領,1
主簿管鯰魚口巡檢事,主簿,縣首領,1
主簿管黃山巡檢事,主簿,縣首領,1
主簿管黄山巡檢事,主簿,縣首領,1
主簿管龍門巡檢事,主簿,縣首領,1
主簿管？庄关闸官事,主簿,縣首領,1
主簿管？河閘官事,主簿,縣首領,1
主簿管？豐閘官,主簿,縣首領,1
九峰司巡檢,巡檢,縣首領,1
九村驛丞兼管巡檢司事,,雜職,1
主簿管直河司巡檢事,主簿,縣首領,1
九江卫前帮领运千总,,unknown,1
五官晨,,unknown,1
五官正任,,京官,1
五官监候,,unknown,1
五寨司巡检,巡檢,縣首領,1
五寨巡檢,巡檢,縣首領,1
五山巡檢,巡檢,縣首領,1
五山汛巡检,,武職,1
五嶽司巡檢,巡檢,縣首領,1
五斗口巡检,巡檢,縣首領,1
五斗口巡檢,巡檢,縣首領,1
五虎門巡検,,unknown,1
五虎門巡檢駐南？,巡檢,縣首領,1
五虎门巡检驻南台,巡檢,縣首領,1
五郎関巡檢,巡檢,縣首領,1
五鬥巡檢,巡檢,縣首領,1
五？？巡検,,unknown,1
五？？巡檢,巡檢,縣首領,1
井周司巡检,巡檢,縣首領,1
井周司巡檢,巡檢,縣首領,1
五官司農,,unknown,1
五官司农,,unknown,1
五官司书,,unknown,1
事,,unknown,1
九江后帮领运千总,,unknown,1
九江衛前幫領運千總,,武職,1
九溪司巡检,巡檢,縣首領,1
九疑魯觀巡檢,巡檢,縣首領,1
九疑鲁观巡检,巡檢,縣首領,1
九？司巡檢,巡檢,縣首領,1
乾州巡检,巡檢,縣首領,1
乾霸巡检,巡檢,縣首領,1
二十四都巡检,巡檢,縣首領,1
五县寨巡检,巡檢,縣首領,1
二十四都巡検,,unknown,1
二十四？巡檢,巡檢,縣首領,1
二品侍衞管郎中事,,武職,1
二河水利通判,通判,府佐貳,1
云南分巡通省清军驿傳盐法道,,省級,1
云南等处承宣布政使司布政使,,unknown,1
云南等处提刑按察使司按察使,,unknown,1
云州县丞,縣丞,縣佐貳,1
主簿管知事事,主簿,縣首領,1
主簿管照磨事,主簿,縣首領,1
主事兼太平仓监督,,京官,1
主事？？？,,京官,1
主事旗籍司行走,,京官,1
主事武選司車駕司行走,,京官,1
主事武選司？？司行走,,京官,1
主事江南司行走,,京官,1
主事江南司行走坐辦軍需局,,京官,1
主事江蘇司行走,,京官,1
主事江西兼山東司事,,京官,1
主事江西司兼山東司事,,京官,1
主事河南副典試,,京官,1
主事湖廣司兼浙江司事,,京官,1
主事湖廣福建司行走,,京官,1
主事稽勲司行走,,京官,1
主事管知縣事,,京官,1
主事職方武庫司行走,,京官,1
主事貴州司行走,,京官,1
主事陕西司行走,,京官,1
主事騐封司文選司行走,,京官,1
主事驗豊司行走,,京官,1
主事？舊太倉監督,,京官,1
主事改？知縣,知縣,縣正印,1
主事改補知縣,知縣,縣正印,1
主事改授知县,知縣,縣正印,1
主事兼職方司武庫司事,,京官,1
主事兼太平倉監督,,京官,1
主事兼富新仓监督,,京官,1
主事兼山東司事,,京官,1
主事兼提督？？？,,京官,1
主事兼文選司行走,,京官,1
主事兼武選司事務,,京官,1
主事兼管職方武庫司事,,京官,1
主事兼經歷司事,,京官,1
主事兼萬安倉督監,,京官,1
主事改授捕盜同知,同知,府佐貳,1
主事兼製造庫事,,京官,1
主事兼貴州司事,,京官,1
主事兼車駕司事,,京官,1
主事兼都水司？例館？修,,京官,1
主事兼？？司？,,京官,1
主事四品官,,京官,1
主事山東副典？,,京官,1
主事改授捕盗同知,同知,府佐貳,1
主事？銀庫？,,京官,1
主簿信？邳州新安巡檢,主簿,縣首領,1
主簿管清水河巡檢事,主簿,縣首領,1
主簿借補司獄,司獄,府首領,1
主簿管安山驿丞事,主簿,縣首領,1
主簿管寕化所巡檢事,主簿,縣首領,1
主簿管寧遠㕔司獄事,主簿,縣首領,1
主簿管巡檢事,主簿,縣首領,1
主簿管庫淮鎮巡檢,主簿,縣首領,1
主簿管廣盈倉大使事,主簿,縣首領,1
主簿管开河闸官事,主簿,縣首領,1
主簿管張家巡檢事,主簿,縣首領,1
主簿管慶豊閘官,主簿,縣首領,1
主簿管新店閘官事,主簿,縣首領,1
主簿管昕河閘,主簿,縣首領,1
主簿管杜林鎮巡檢事,主簿,縣首領,1
主簿管棗林閘官事,主簿,縣首領,1
主簿管棗林閘閘官事,主簿,縣首領,1
主簿管永通闸官事,主簿,縣首領,1
主簿管河,主簿,縣首領,1
主簿管沿水司巡檢事,主簿,縣首領,1
主簿管洪江司巡檢事,主簿,縣首領,1
主簿管淸水河巡檢事,主簿,縣首領,1
主簿管安山閘,主簿,縣首領,1
主簿管孟村巡檢事,主簿,縣首領,1
主簿管威海司巡檢事,主簿,縣首領,1
主簿管九疑魯觀巡檢,主簿,縣首領,1
主簿借補龍坪鎮巡檢,巡檢,縣首領,1
主簿偕補典史,主簿,縣首領,1
主簿司,主簿,縣首領,1
主簿改授下河巡檢,巡檢,縣首領,1
主簿改授九疑魯覲司巡檢,巡檢,縣首領,1
主簿改授九疑魯覲巡檢,巡檢,縣首領,1
主簿石？水河巡檢,主簿,縣首領,1
主簿管九疑魯觀司巡檢,主簿,縣首領,1
主簿管出山店巡检事,主簿,縣首領,1
主簿管奥龍巡検事,主簿,縣首領,1
主簿管前所巡檢事,主簿,縣首領,1
主簿管南旺閘,主簿,縣首領,1
主簿管南旺閘官事,主簿,縣首領,1
主簿管南旺闸官事,主簿,縣首領,1
主簿管县丞事,主簿,縣首領,1
主簿管同里巡檢事,主簿,縣首領,1
主簿管固鎮巡檢事,主簿,縣首領,1
主簿管大巴山巡檢,主簿,縣首領,1
分巡山東全省運河兵備道兼管河庫事務,,unknown,1
分巡岳常澧道等處地方駐劄澧州,,unknown,1
分巡岳常灃道等處地方駐劄灃州,,unknown,1
右衛頭幫領運千總,,武職,1
右所千总,,unknown,1
右所幹總,,unknown,1
右所掌所事汉云麾使署佐领,,武職,1
右所滿闲散雲麾使,,武職,1
右所錢總,,unknown,1
右所閑散滿雲麾使,,武職,1
右所闲散满云麾使,,unknown,1
右春坊右中允兼翰林院编修,,京官,1
右春坊右庶子掌坊事兼翰林院侍講,,京官,1
右春坊右贊善四川學政,,省級,1
右春坊右赞善,,unknown,1
右春坊右？？？敎習庶吉士兼翰林院檢討,,京官,1
右监副,,京官,1
右監副,,京官,1
右經偕捕經歷兼管稅務,經歷,府首領,1
右翼助教,,京官,1
右翼步軍總尉恊理三營,,武職,1
右翼步軍翼尉,,unknown,1
右翼監督工部左侍郎,,京官,1
右帮领运千总,,unknown,1
右寺丞兼禄米仓监督,,京官,1
右寺丞兼祿米倉監督,,京官,1
右侍郎鑲黄旗滿洲副都統,,旗籍誤填,1
右侍郎正黃旗滿洲副都統兼公中佐領,,武職,1
右侍郎正黃旗滿洲副都統兼管太常寺事務,,京官,1
右侍郎正黄旗满洲副都統公中佐領,,武職,1
右侍郎正黄旗滿洲副都統兼光祿寺事務,,京官,1
右侍郎管理樂部事務,,unknown,1
右侍郎總管內務府大臣,,京官,1
右侍郎鑲紅旗漢軍副都統,,旗籍誤填,1
右侍郎鑲藍旗滿洲副都統,,旗籍誤填,1
右侍郎鑾儀衛使,,京官,1
右宗人奉恩輔國公,,unknown,1
右卫头帮领运千总,,unknown,1
右司副理事管銀庫事,,unknown,1
右司副理事管银库事,,unknown,1
右司副理管銀庫事,,unknown,1
右司掌印满治仪正兼云骑尉,,unknown,1
右司掌印滿治儀正,,武職,1
右司掌印滿治儀正兼雲騎尉,,武職,1
右宗人奉恩將軍,,unknown,1
右衛副都統,,unknown,1
右评事,,unknown,1
右侍郎文淵閣直閣事,,unknown,1
叶坊驿巡检,巡檢,縣首領,1
吉安巡檢,巡檢,縣首領,1
吉安所守御,,unknown,1
吉寕？崇順里巡檢,巡檢,縣首領,1
吉林將軍衙門管檔主事,,unknown,1
吉林巡检,巡檢,縣首領,1
吉林左翼助敎,,京官,1
吉林理事通判,理事通判,府佐貳,1
吉楊鎭巡検,,unknown,1
吉楊鎭巡檢,巡檢,縣首領,1
吉臨將軍衙門管檔主事,,unknown,1
吉臨理事通判,理事通判,府佐貳,1
吉阳镇巡检,巡檢,縣首領,1
吉陽巡檢,巡檢,縣首領,1
吉陽鎭巡檢,巡檢,縣首領,1
吉？鄉？順？巡檢,巡檢,縣首領,1
同安司巡检,巡檢,縣首領,1
同安司巡検,,unknown,1
同理司巡檢,巡檢,縣首領,1
同知借補知縣,知縣,縣正印,1
吉安司巡检,巡檢,縣首領,1
吉临将军衙门管档主事,,unknown,1
合河？巡檢,巡檢,縣首領,1
司廣營検並溈州二驛,,武職,1
司乐,,京官,1
司务总管大通桥仓监督,,京官,1
司务？？？,,京官,1
司務兼山西司,,京官,1
司務兼文選司行走,,京官,1
司務廰司務,,京官,1
司務虞衡司行走,,京官,1
司務？？？,,京官,1
司掌司事治儀正,,武職,1
合河店巡検,,unknown,1
司狱兼管经历事,司獄,府首領,1
司狱管经历事,司獄,府首領,1
司獄兼永豊倉大使事,司獄,府首領,1
司獄兼永豐倉大使事,司獄,府首領,1
司經局洗馬兼翰林院修撰,,京官,1
司經局洗馬掌局事兼翰林院修撰,,京官,1
司经局洗马,,unknown,1
司農,,unknown,1
右侍郎正藍旗滿洲副都統,,旗籍誤填,1
右侍郎廂黄旗滿洲副都統,,旗籍誤填,1
同知分驻巴里浦,同知,府佐貳,1
古砦鎮巡檢,巡檢,縣首領,1
古一都巡検,,unknown,1
古北口巡检,巡檢,縣首領,1
古北口巡検,,unknown,1
古城寨巡检,巡檢,縣首領,1
古城寨巡検,,unknown,1
古城巡检,巡檢,縣首領,1
古城巡検？？？？,,unknown,1
古城巡檢駐史家？,巡檢,縣首領,1
古城？巡檢,巡檢,縣首領,1
古娠巡檢移駐史家集,巡檢,縣首領,1
古安乡崇顺里巡检,巡檢,縣首領,1
古寧鄉崇順里巡檢,巡檢,縣首領,1
古寨司巡檢,巡檢,縣首領,1
古寨巡检驻鲁甸,巡檢,縣首領,1
古寨巡檢駐行向,巡檢,縣首領,1
古岩鎮巡檢,巡檢,縣首領,1
古浪司巡檢,巡檢,縣首領,1
古皆巡檢,巡檢,縣首領,1
古皆鎮巡檢,巡檢,縣首領,1
口益庫大使,,京官,1
口岸巡检,巡檢,縣首領,1
受？巡检,巡檢,縣首領,1
县丞驻鹿寨村,縣丞,縣佐貳,1
县丞驻祖安镇,縣丞,縣佐貳,1
县丞驻管前,縣丞,縣佐貳,1
县丞驻羌北镇,縣丞,縣佐貳,1
县丞驻美原镇,縣丞,縣佐貳,1
县丞驻荔溪,縣丞,縣佐貳,1
县丞驻贡井,縣丞,縣佐貳,1
县丞驻青州军功,縣丞,縣佐貳,1
县丞驻马逢井,縣丞,縣佐貳,1
县丞驻？？,縣丞,縣佐貳,1
受纳仓大使,,京官,1
县丞？？？？,縣丞,縣佐貳,1
县丞？？？？？巡检事,巡檢,縣首領,1
參贊大臣,,unknown,1
双城镇巡检,巡檢,縣首領,1
双桥司巡检,巡檢,縣首領,1
双江司巡检,巡檢,縣首領,1
双沟司巡检,巡檢,縣首領,1
受納倉大使,,京官,1
古皆镇巡检,巡檢,縣首領,1
古良司巡检,巡檢,縣首領,1
右侍郎廂藍旗漢軍都統,,旗籍誤填,1
古良司巡検,,unknown,1
史目,,unknown,1
史部尚書兼鑲白旗蒙古都統事務三等輕車都尉,,旗籍誤填,1
右侍郎兼兵部侍郎事,,京官,1
右侍郎兼正白旗副都統,,旗籍誤填,1
右侍郎兼管光祿寺事務,,京官,1
右侍郎兼管吏部侍郎事務,,京官,1
右侍郎兼管太常寺事務廂紅旗滿洲副都統,,京官,1
右侍郎兼管太常寺事務鑲白旗滿洲副都統,,京官,1
右侍郎兼管太常寺事務鑲紅旗滿洲副都統,,京官,1
右侍郎兼管太常寺事務鑲藍旗满洲副都統公中佐領,,京官,1
右侍郎兼管正白旗汉军副都统兼佐领纪录一次军功纪录一次,,武職,1
右侍郎兼管正紅旗漢軍副都統,,旗籍誤填,1
右侍郎兼管署吏部侍郎事務,,京官,1
右侍郎兼管順天府尹事,,unknown,1
右侍郎兼管順天府府尹事務,,unknown,1
右侍郎兼鑲白旗漢軍都統,,旗籍誤填,1
右侍郎兼鑲藍旗滿洲副都統,,旗籍誤填,1
右侍郎兼镶黄旗蒙古都统,,unknown,1
右侍郎廂藍旗滿洲副都統,,旗籍誤填,1
史村驛丞,,雜職,1
史村馹管巡檢事丞,巡檢,縣首領,1
史家集？？,,unknown,1
可慶巡檢兼照磨,巡檢,縣首領,1
古良巡檢,巡檢,縣首領,1
古良？巡検,,unknown,1
古蘭州巡检,巡檢,縣首領,1
古蘭巡檢,巡檢,縣首領,1
古镇巡检,巡檢,縣首領,1
古？巡檢駐魯甸,巡檢,縣首領,1
可度巡検？？？二驛,,unknown,1
可廣營検並溈州二驛,,武職,1
可渡巡检兼管？？二驲,巡檢,縣首領,1
史和司巡检,巡檢,縣首領,1
可渡巡檢兼管倘唐二馹,巡檢,縣首領,1
可渡巡檢兼管？唐二驲,巡檢,縣首領,1
台奇通判,通判,府佐貳,1
台州卫掌印守备,,unknown,1
台州衛掌印守備,,武職,1
台怀镇巡检,巡檢,縣首領,1
台懐鎮巡檢,巡檢,縣首領,1
台懷鎮巡檢,巡檢,縣首領,1
同知兼水利,同知,府佐貳,1
同知甘知州事,同知,府佐貳,1
分巡岳常醴道等处地方驻扎澧州,,unknown,1
吏目管茫積閘,吏目,州首領,1
吏目管望亭？巡檢事,吏目,州首領,1
吏目管東五港？巡檢事,吏目,州首領,1
吏目管梁湖壩巡檢,吏目,州首領,1
吏目管極高司巡檢事,吏目,州首領,1
吏目管檢校事,吏目,州首領,1
吏目管淳化鎭巡檢事,吏目,州首領,1
吏目管淸江閘官事,吏目,州首領,1
吏目管清江閘官事,吏目,州首領,1
吏目管溫家？巡檢事,吏目,州首領,1
吏目管灌口巡檢,吏目,州首領,1
吏目管灌口巡檢事,吏目,州首領,1
吏目管白沙司巡檢,吏目,州首領,1
吏目管白沙巡検事,吏目,州首領,1
吏目管磐石司巡檢事,吏目,州首領,1
吏目管福興閘官事,吏目,州首領,1
吏目管竹崎司巡檢事,吏目,州首領,1
吏目管粉壁寨巡檢,吏目,州首領,1
吏目管羅塘司巡檢事,吏目,州首領,1
吏目管羅岡巡檢,吏目,州首領,1
吏目管望亭巡檢事,吏目,州首領,1
吏目管望亭司巡檢事,吏目,州首領,1
吏目管平田巡檢,吏目,州首領,1
吏目管减河李村巡檢事,吏目,州首領,1
吏目備補？？鎭巡檢,吏目,州首領,1
吏目兼管上下凍州事,吏目,州首領,1
吏目掛沙溪司巡檢事,吏目,州首領,1
吏目管三屯巡檢事,吏目,州首領,1
吏目管三屯營巡檢事,,武職,1
吏目管久山巡檢事,吏目,州首領,1
吏目管仲家淺閘官事,吏目,州首領,1
吏目管仲家？閘官事,吏目,州首領,1
吏目管前所巡檢事,吏目,州首領,1
吏目管巡檢事,吏目,州首領,1
吏目管喜峯口巡檢事,吏目,州首領,1
吏目管大寺寨巡檢事,吏目,州首領,1
吏目管大寺巡檢事,吏目,州首領,1
吏目管大寺？巡檢事,吏目,州首領,1
吏目管安東五港？巡檢事,吏目,州首領,1
吏目管安港巡檢,吏目,州首領,1
吏目管家？巡檢事,吏目,州首領,1
吏目管巡檢,吏目,州首領,1
吏目管舊州巡檢,吏目,州首領,1
吏目管萬壽巡檢事,吏目,州首領,1
吏目備補汾湖巡検,吏目,州首領,1
吏目管萬青巡檢,吏目,州首領,1
吏目管？？？巡検事,吏目,州首領,1
吏目管？？？巡檢事,吏目,州首領,1
吏目陳陽巡檢,吏目,州首領,1
吏目驻扎？门,吏目,州首領,1
吏目？補？司巡檢,吏目,州首領,1
吏目？補？？司巡檢,吏目,州首領,1
吏目？西硤口巡檢,吏目,州首領,1
吏目？？……？？,吏目,州首領,1
吏目？？洪巡檢事,吏目,州首領,1
吏目？？石？巡檢事,吏目,州首領,1
吏目？？？務巡檢,吏目,州首領,1
吏目？？？？太平市巡檢,吏目,州首領,1
吏目？？？？巡檢,吏目,州首領,1
吏目？？？？？,吏目,州首領,1
吏科馹丞管巡検事,,雜職,1
吏部侍郎,,京官,1
吏部右侍郎兼管欽天監監正事務,,京官,1
吏部右侍郎兼管钦天监监正事务,,京官,1
吏部員外郎,,京官,1
吏目管？？驛丞事,吏目,州首領,1
吏目管？？巡檢事,吏目,州首領,1
吏目管？？巡检事,吏目,州首領,1
吏目管高泉巡檢,吏目,州首領,1
吏目管萬青巡檢事,吏目,州首領,1
吏目管蒲門巡檢事,吏目,州首領,1
吏目管補龍池巡檢,吏目,州首領,1
吏目管金山驛丞事,吏目,州首領,1
吏目管長？司巡檢事,吏目,州首領,1
吏目管雲州馹丞事,吏目,州首領,1
吏目管馬？？？？事,吏目,州首領,1
吏目管高橘巡檢事,吏目,州首領,1
吏目管高泉巡檢事,吏目,州首領,1
吏目管？門巡檢事,吏目,州首領,1
吏目管魏城馹丞事,吏目,州首領,1
吏目管黃沙馹丞,吏目,州首領,1
吏目管黄村巡檢事,吏目,州首領,1
吏目管黄沙馹丞事,吏目,州首領,1
吏目管龍華鎭巡檢事,吏目,州首領,1
吏目管龍華鎮巡檢事,吏目,州首領,1
吏目管？州巡檢,吏目,州首領,1
吏目管？河？？巡檢事,吏目,州首領,1
吏目備補馬當鎭巡檢,吏目,州首領,1
吏目備補江東司巡检,吏目,州首領,1
同知監循紀？,同知,府佐貳,1
同知驻劄郎岱,同知,府佐貳,1
同知駐劄大關,同知,府佐貳,1
同知駐劄接壌,同知,府佐貳,1
同知駐劄東冶,同知,府佐貳,1
同知駐劄永樂,同知,府佐貳,1
同知駐劄無湖,同知,府佐貳,1
同知駐劄馬？,同知,府佐貳,1
同知駐吳城,同知,府佐貳,1
同知駐喜鵲？,同知,府佐貳,1
同知駐太儀鎮,同知,府佐貳,1
同知駐宫鹊營,,武職,1
同知駐巴里坤,同知,府佐貳,1
同知駐接壤,同知,府佐貳,1
同知駐永乐,同知,府佐貳,1
同知駐龍陵廳,同知,府佐貳,1
同知駐？烏鎮,同知,府佐貳,1
同知駐？陵厛,同知,府佐貳,1
同知駐？？,同知,府佐貳,1
同知駐？？場,同知,府佐貳,1
同知驻八寨,同知,府佐貳,1
同知駐剳郎？,同知,府佐貳,1
同知駐剳郎岱,同知,府佐貳,1
同知駐剳燕湖,同知,府佐貳,1
同知管糧鹽總捕水利事,同知,府佐貳,1
同知移駐如昔,同知,府佐貳,1
同知移駐？門,同知,府佐貳,1
同知移驻吴城,同知,府佐貳,1
同知管水利粮塩總捕,同知,府佐貳,1
同知管水利糧鹽總捕,同知,府佐貳,1
同知管知县事,同知,府佐貳,1
同知管粮塩？？？？？,同知,府佐貳,1
同知管糧馬通判事,同知,府佐貳,1
同知管通判臨駐江西寨,同知,府佐貳,1
同知駐剳烏鎮,同知,府佐貳,1
同知管通判？駐江西寨,同知,府佐貳,1
同知管黃角井通判事,同知,府佐貳,1
同知管？捕水利通判駐張秋,同知,府佐貳,1
同知管？？？,同知,府佐貳,1
同知駐六義鎮,同知,府佐貳,1
同知駐剳大？,同知,府佐貳,1
同知駐剳大？？,同知,府佐貳,1
同知駐剳接壤,同知,府佐貳,1
同知驻劄大关,同知,府佐貳,1
同知驻古州,同知,府佐貳,1
吏目備補楊邏司巡検,吏目,州首領,1
同知驻喜鹊营,,武職,1
吏目借補大？関巡檢,巡檢,縣首領,1
吏目借補平望司巡檢,巡檢,縣首領,1
吏目借補往流集巡检,巡檢,縣首領,1
吏目借補楊邏司巡檢,巡檢,縣首領,1
吏目借補江東司巡檢,巡檢,縣首領,1
吏目借補河泊所所官,,unknown,1
吏目借補河？鎭巡檢,巡檢,縣首領,1
吏目借補淸泥司巡檢,巡檢,縣首領,1
吏目借補潭口司巡檢,巡檢,縣首領,1
吏目借補西硤口巡檢,巡檢,縣首領,1
吏目借補馬當鎭巡檢,巡檢,縣首領,1
吏目借補黄茅司巡檢,巡檢,縣首領,1
吏目借補龍池巡檢,巡檢,縣首領,1
吏目借補？？,,unknown,1
吏目借調典史,典史,縣首領,1
吏目借？？？巡檢,吏目,州首領,1
吏目備補孟村巡検,吏目,州首領,1
吏目備補孟村巡檢,吏目,州首領,1
吏目備補検校,吏目,州首領,1
吏目借補嘉明巡檢,巡檢,縣首領,1
吏目借補嘉峯口巡検,,unknown,1
吏目借補喜峯口巡檢,巡檢,縣首領,1
同知？？？？,同知,府佐貳,1
同知驻忠？？？,同知,府佐貳,1
同知驻思茅,同知,府佐貳,1
同知驻扎永？,同知,府佐貳,1
同知驻扎马？,同知,府佐貳,1
同知驻扎？？,同知,府佐貳,1
同知驻永绥,同知,府佐貳,1
同知？？通判駐周家口,同知,府佐貳,1
同知？？？通判駐碭山,同知,府佐貳,1
同裏司巡檢,巡檢,縣首領,1
吏目借補古？？巡検,,unknown,1
同裏巡檢,巡檢,縣首領,1
同里司巡检,巡檢,縣首領,1
同里巡検,,unknown,1
后部司巡检,巡檢,縣首領,1
吏員借補白苑司巡檢,巡檢,縣首領,1
吏目亢村馹丞兼借補管巡檢？事,巡檢,縣首領,1
吏目借補典史典史,典史,縣首領,1
吏目借補古？司巡檢,巡檢,縣首領,1
县丞驻石牌兼管水利,縣丞,縣佐貳,1
县丞驻石桥铺,縣丞,縣佐貳,1
县丞驻白市驿,縣丞,縣佐貳,1
前幫領領運千總,,武職,1
刑部司務,,京官,1
刑部司務廰,,京官,1
刑部员外郎,,京官,1
刑部員外郎留欽天監監副任,,京官,1
刑部尚書兼管理藩院尚書事務,,京官,1
刑部尚書鑲紅旗蒙古都統,,京官,1
刑部山东？事,,京官,1
刑部左侍郎管理工部侍郎事務,,京官,1
刑部左侍郎署正藍旗滿洲副都統協理步軍統領衙門刑名事務,,京官,1
刑部提牢馬醫官吏目,,京官,1
刑部江西司,,京官,1
刑部直隶司员外郎,,京官,1
刑部郎中兼員外郎,,京官,1
刑部陝西司郎中,,京官,1
刑部？？主事,,京官,1
刘马庄巡检,巡檢,縣首領,1
则补巡检,巡檢,縣首領,1
制造庫司庫,,京官,1
制？？？？,,unknown,1
刑部司务,,京官,1
刑部右侍郎提督江西学政扔兼兵部侍郎事,,省級,1
刑部右侍郎仍兼顺天府府尹事,,京官,1
分防驻扎？？同知,同知,府佐貳,1
分管漕務督理江安徽寧池太廬鳯淮揚等處地方十府粮道,,省級,1
分管漕務督理江安江徽寕池太盧鳯揚等處地方？府粮道,,省級,1
分管漕務督理蘇松常鎭四府粮儲道兼巡视河漕等處地方,,省級,1
分管漕務督理蘇松常鎮四府糧儲道兼巡視河漕等處地方,,省級,1
分防同知駐剳漁洋,同知,府佐貳,1
分防同知駐？中甸,同知,府佐貳,1
分防社庫經歷,經歷,府首領,1
分防通判巡検兼管司獄事,通判,府佐貳,1
分駐塩場？縣丞,縣丞,縣佐貳,1
刑部右侍郎仍兼順天府府尹事,,京官,1
分駐江北鎮理民督捕同知,同知,府佐貳,1
分駐江北？？？督捕同知,同知,府佐貳,1
分驻北镇？？？捕同知,同知,府佐貳,1
分驻古州理苗照磨,照磨,府首領,1
分鹽巡檢,巡檢,縣首領,1
分鹽所巡檢,巡檢,縣首領,1
刑部佐侍郎管理光祿寺事務,,京官,1
刑部侍郎兼管都統事,,京官,1
前帮千总,,unknown,1
前所掌所事汉云麾使,,unknown,1
分管漕务督理江安？宁池大庐？淮扬等处地方十府粮道,,省級,1
前所掌所事漢雲麾使,,武職,1
助馬巡檢,巡檢,縣首領,1
助马口巡检,巡檢,縣首領,1
包安馬馹丞,,雜職,1
包港巡检,巡檢,縣首領,1
包港巡検,,unknown,1
北乡司巡检,巡檢,縣首領,1
北乡寨巡检,巡檢,縣首領,1
北仓大使,,京官,1
北众司巡检,巡檢,縣首領,1
北佐司巡檢,巡檢,縣首領,1
北倉大使,,京官,1
北倉大使兼？沽巡檢事,,京官,1
北关批验所大使,,京官,1
北厂大使,,京官,1
北国寨巡检,巡檢,縣首領,1
北國寨巡檢,巡檢,縣首領,1
北國巡檢,巡檢,縣首領,1
北圍寨巡檢,巡檢,縣首領,1
北寨巡檢,巡檢,縣首領,1
劍門驛丞,,雜職,1
劉馬莊巡檢,巡檢,縣首領,1
劉馬庄巡檢,巡檢,縣首領,1
副理事官兼海運倉监督,,京官,1
前所掌所事漢雲麾使兼佐領,,武職,1
前所滿闲散雲麾使,,武職,1
前所闲散满云麾使,,unknown,1
前所闲散满治仪正,,unknown,1
剑门驿驿丞,,雜職,1
副備贊贊禮郎,,京官,1
副明理事官,,京官,1
副理事官兼海运仓监督,,京官,1
副理事官管銀庫事,,京官,1
劉馬庄巡検,,unknown,1
副監督兵部主事,,京官,1
副監督兵部員外郎,,京官,1
副監督兵部堂主事,,京官,1
副監督刑部員外郎,,京官,1
副監督工部右侍郎,,京官,1
副都统兼左翼步军总尉协理三营,,武職,1
劉家巡檢,巡檢,縣首領,1
劉莊場鹽課大使,,京官,1
分管漕务督理苏松常镇四府糧储道兼巡视河漕等处地方,,unknown,1
分盐所巡检,巡檢,縣首領,1
县丞驻油坊镇,縣丞,縣佐貳,1
分巡淮徐河務兵備道轄邳宿銅豐桃源海州等處地方駐劄徐州府,,unknown,1
分巡廬鳳道轄穎毫泗六安滁和等處地方,,unknown,1
分巡延建邵三府等处地方道,,unknown,1
分巡延建邵三府等處地方道,,unknown,1
分巡延建邵道,,unknown,1
分巡建昌上南等处地方道,,unknown,1
分巡整飭寧夏河東河西等處地方兵備道,,unknown,1
分巡整飭寧夏河東河西等處地方道,,unknown,1
分巡整饬宁夏河东河西等处地方道兼水利事,,unknown,1
分巡松太等處地方兵備道,,unknown,1
分巡松茂道等處地方駐剳茂州,,unknown,1
分巡歸綏地方兵備道總理旗民蒙古事務駐？？,,unknown,1
分巡汉兴道驻扎汉中府,,unknown,1
分巡河南开归陈许等处兼理河务兵备道,,unknown,1
分巡河南陜汝道朱陜州,,unknown,1
分巡河南陜汝道駐剳陜州,,unknown,1
分巡河陕汝道駐劄陕州,,unknown,1
分巡河陜汝兼馹傳水利道駐劄陝州,,unknown,1
分巡河陜汝道駐劄陝州,,unknown,1
分巡浙江金衢严等处地方道,,unknown,1
分巡廬鳳兵備道轄穎亳泗六安滁和等處地方,,unknown,1
分巡廣饒九南等處道駐剳饒州府,,unknown,1
分巡廣東惠潮嘉兵備道,,unknown,1
分巡川南永寕驛務道辖叙瀘資等府州駐劄瀘洲,,unknown,1
分巡嶺西備道轄肇羅等處,,unknown,1
分巡嶺西兵备道管辖肇罗等处地方,,unknown,1
分巡嶺西道管辖肇羅等處地方,,unknown,1
分巡嶺西道轄肇羅等處地方,,unknown,1
分巡川北道管辖顺庆保宁等处地方,,unknown,1
分巡川北道轄順慶保寧地方,,unknown,1
分巡川南永宁道辖叙泸资等府驻扎永宁卫,,unknown,1
分巡川南永寕地方道按察使銜轄叙瀘資等府州駐劄瀘洲,,unknown,1
分巡川南永寧道轄敘瀘資等府州駐剳瀘州,,unknown,1
分巡廣東南邵連道,,unknown,1
分巡川南永寧道轄敘瀘資等府駐劄永寧衛,,unknown,1
分巡巡海汀漳龍等處地方兵備道,,unknown,1
分巡巡海汀漳龍等處地方道,,unknown,1
分巡巡海汀漳龙等处地方道,,unknown,1
分巡左江道駐南寧府,,unknown,1
分巡平慶等處地方驛塩兵備道駐剳固原州,,unknown,1
分巡广东惠潮嘉等处地方兵备道,,unknown,1
分巡庐凤道辖颖毫泗六安滁和等处地方,,unknown,1
分巡浙江金衢嚴道,,unknown,1
分巡淮徐海道等处地方,,unknown,1
分理？？？？巡检事,巡檢,縣首領,1
分巡淮徐海道等處地方,,unknown,1
分巡通州运河道兼永平通蓟遵等处屯田海防粮饷驻扎通州管通惠道,,省級,1
分巡通州運河道兼永平通薊遵等處屯田海防粮餉駐劄通州管通惠道,,省級,1
分巡通州運河道兼永平通薊遵等處屯田海防糧餉駐劄通州管通惠道,,省級,1
分巡通州運河道兼永平通薊遵等處屯田海防糧餉駐紮通州管通惠道,,省級,1
分巡陕西抚治西宁等处地方道,,unknown,1
分巡陝西撫治西寧等處地方道,,unknown,1
分巡雷琼等处地方兵备道,,unknown,1
分巡雷瓊兵備道,,unknown,1
分巡霸昌道兼理屯田驿传粮饷事务驻扎昌平州,,unknown,1
分巡順廣等處地方兵備道兼管水利河道事務,,省級,1
分巡鳳邠等處地方塩驛道,,unknown,1
分巡鳳邠等處鹽驛道,,unknown,1
分巡齊民浦巡檢事,巡檢,縣首領,1
分水关巡检,巡檢,縣首領,1
分水巡檢,巡檢,縣首領,1
分湖巡檢,巡檢,縣首領,1
分理番民南坯巡檢,巡檢,縣首領,1
分理番民南屏巡檢,巡檢,縣首領,1
分理番民南？巡檢事,巡檢,縣首領,1
分巡迤東道管轄曲澂廣開東蒙昭等處地方駐尋甸州,,unknown,1
分巡贵西道管贵安土兵黔威等处地方兼辖各土司控制云南镇雄照通东川等处地方,,unknown,1
分巡貴西道管黃安士兵默威等處轄各土司控制雲南鎮雄照通東川等處,,unknown,1
分巡溫處兵備道兼管水利事務駐溫州府,,unknown,1
分巡淮扬海河务道兼理漕务盐法海防等处地方,,unknown,1
分巡淮揚河務兵備道兼理漕務鹽法海防等處地方,,unknown,1
分巡淮揚河務道兼理漕務塩法海防等處地方,,unknown,1
分巡淮揚海河務道兼理漕務鹽法海防等處地方,,unknown,1
分巡清河道兼辖保定正定等处地方,,省級,1
分巡温处等处地方道驻扎温州府,,unknown,1
分巡湖北等处地方督粮道,,省級,1
分巡湖北等處督糧道,,省級,1
分巡溫處等處地方兵備道兼管水利事駐劄溫州府,,unknown,1
分巡西寧等處地方兵備道,,unknown,1
分巡溫處等處地方道兼管水利事駐劄溫州府,,unknown,1
分巡溫處等處地方道駐劄溫州府,,unknown,1
分巡溫處道駐溫州府,,unknown,1
分巡漢興道駐剳漢中府,,unknown,1
分巡漢興道駐漢中府,,unknown,1
分巡盧鳳道轄穎豪泗六安滁和等處地方,,unknown,1
分巡臺灣等處地方兵備道,,unknown,1
分巡苏松等处地方兵备道,,unknown,1
北岸主簿移駐北？,主簿,縣首領,1
北岸河通判駐楊村,通判,府佐貳,1
北峽閏巡檢,巡檢,縣首領,1
县丞分驻永丰市,縣丞,縣佐貳,1
南？镇巡检,巡檢,縣首領,1
博士管教授事,,京官,1
博望驛丞,,雜職,1
博望驿丞,,雜職,1
卢沟桥巡检,巡檢,縣首領,1
卢洪市巡检,巡檢,縣首領,1
卢？？？？？大使,,京官,1
卭水弯？正？官司,,unknown,1
卭水蕃夷正長官司,,土司,1
卭水？夷正長官司,,土司,1
卯峒巡检,巡檢,縣首領,1
印莊巡檢,巡檢,縣首領,1
原鳳中二帮領運千總,,武職,1
原鳳中兒幫領運千總,,武職,1
厦门分防同知,同知,府佐貳,1
县丞兼水利驻容奇,縣丞,縣佐貳,1
县丞兼管兴田驿,縣丞,縣佐貳,1
县丞兼管瑞洪,縣丞,縣佐貳,1
县丞分驻人旺,縣丞,縣佐貳,1
南？鎮巡檢,巡檢,縣首領,1
南？通判駐海寧,通判,府佐貳,1
南？通判駐海寕,通判,府佐貳,1
南路捕盜同知專轄霸保文大固永東七州縣駐劄黃村,捕盜同知,府佐貳,1
南皋同知,同知,府佐貳,1
南翔司巡检,巡檢,縣首領,1
南翔巡檢,巡檢,縣首領,1
南裏巡檢,巡檢,縣首領,1
南路司狱,司獄,府首領,1
南路捕盗駐黄村兼河涧府同知分辖霸保文大固永東大等八州縣,同知,府佐貳,1
南路捕盗駐黄村兼河涧府同知分辖霸保文大固永東等八州縣,同知,府佐貳,1
南路捕盗驻扎黄村兼河间府？？同知专辖霸保文大同永东七州县分辖大宛二级军功,同知,府佐貳,1
南路捕盜同知駐黄村分轄霸保交大固永東大等八州縣,捕盜同知,府佐貳,1
南？海防？？二江通判,通判,府佐貳,1
南路捕盜駐劄黃村兼河間府？？同知專轄霸保文大同永東七州縣分轄大宛二級軍功,同知,府佐貳,1
南路捕盜駐黃村兼河間府同知分轄霸保文大同永東大等八州縣,同知,府佐貳,1
南路捕盜駐黃村兼河間府同知分轄霸保文大固永東大等霸州縣,同知,府佐貳,1
南路捕盜駐黄村兼河間府同知分轄霸保文大固永東大等八州縣,同知,府佐貳,1
南輔通判,通判,府佐貳,1
南里乡巡检,巡檢,縣首領,1
南里寨巡檢,巡檢,縣首領,1
南？堡巡检,巡檢,縣首領,1
县丞分驻凯里,縣丞,縣佐貳,1
县丞分驻汕尾,縣丞,縣佐貳,1
北撲通判,通判,府佐貳,1
县丞分驻邛水,縣丞,縣佐貳,1
县丞驻周墩,縣丞,縣佐貳,1
县丞驻周常寺,縣丞,縣佐貳,1
县丞驻太湖,縣丞,縣佐貳,1
县丞驻张夏镇,縣丞,縣佐貳,1
县丞驻张家口,縣丞,縣佐貳,1
县丞驻张家岭,縣丞,縣佐貳,1
县丞驻忠路,縣丞,縣佐貳,1
县丞驻扎冕山,縣丞,縣佐貳,1
县丞驻扎南村,縣丞,縣佐貳,1
县丞驻扎南溪,縣丞,縣佐貳,1
县丞驻扎朱亭,縣丞,縣佐貳,1
县丞驻扎江浒山,縣丞,縣佐貳,1
县丞驻扎澳门,縣丞,縣佐貳,1
县丞驻扎赤水,縣丞,縣佐貳,1
县丞驻扎麻沽,縣丞,縣佐貳,1
县丞驻杨林街,縣丞,縣佐貳,1
县丞驻柳霁,縣丞,縣佐貳,1
县丞驻楞村,縣丞,縣佐貳,1
县丞驻永郡里,縣丞,縣佐貳,1
县丞驻劄雷县,縣丞,縣佐貳,1
县丞驻劄郎洞,縣丞,縣佐貳,1
县丞驻劄内殊,縣丞,縣佐貳,1
县丞管河主簿事,縣丞,縣佐貳,1
县丞分驻高滩,縣丞,縣佐貳,1
县丞点调宝山所,縣丞,縣佐貳,1
县丞移驻金门,縣丞,縣佐貳,1
县丞管七级上下闸官事,縣丞,縣佐貳,1
县丞管三儀鎭巡检事,縣丞,縣佐貳,1
县丞管司獄事,縣丞,縣佐貳,1
县丞管吏目事军功,吏目,州首領,1
县丞管巡检事,縣丞,縣佐貳,1
县丞管河事道大使,縣丞,縣佐貳,1
县丞驻刟周村,縣丞,縣佐貳,1
县丞管赤石司巡检事,縣丞,縣佐貳,1
县丞管铜山北河主簿,主簿,縣首領,1
县丞管？？？闸官事,縣丞,縣佐貳,1
县丞驻三？场,縣丞,縣佐貳,1
县丞驻下街镇,縣丞,縣佐貳,1
县丞驻东乐堡,縣丞,縣佐貳,1
县丞驻云霄,縣丞,縣佐貳,1
县丞驻关山镇,縣丞,縣佐貳,1
南澳巡檢,巡檢,縣首領,1
南潯鎭巡檢,巡檢,縣首領,1
南潯巡檢,巡檢,縣首領,1
南涧巡检,巡檢,縣首領,1
北関批驗大使,,京官,1
北關批驗所大使,,雜職,1
北？司巡檢,巡檢,縣首領,1
北？大使兼西沽巡檢？？,巡檢,縣首領,1
北？寨巡檢,巡檢,縣首領,1
北？村巡檢,巡檢,縣首領,1
北？河同知,同知,府佐貳,1
北？理事同知,理事同知,府佐貳,1
北？理藩同知,同知,府佐貳,1
北？？巡檢,巡檢,縣首領,1
北？？？兼西沽巡検事,,unknown,1
十一都巡検,,unknown,1
十二都巡检,巡檢,縣首領,1
十八寨巡檢,巡檢,縣首領,1
十八盘巡检,巡檢,縣首領,1
十八？巡檢,巡檢,縣首領,1
十八？？？,,unknown,1
十字巡檢,巡檢,縣首領,1
十字路巡检,巡檢,縣首領,1
北鄉店巡檢,巡檢,縣首領,1
北郊司巡檢,巡檢,縣首領,1
北運河通判？？？,通判,府佐貳,1
北路捕盗驻扎沙河兼保定府同知分辖昌顺怀密平延？宛大等八州县,同知,府佐貳,1
北新倉監督刑部員外,,京官,1
北新倉監督禮部員外,,京官,1
北河同知,同知,府佐貳,1
北河海防河務同知,同知,府佐貳,1
北爐巡檢,巡檢,縣首領,1
北硤關巡檢,巡檢,縣首領,1
北蒼大使兼西沽巡檢事,,京官,1
北路司狱,司獄,府首領,1
北路捕盜同知駐沙河分轄昌順懐密平延併宛大等八州縣,捕盜同知,府佐貳,1
北运河通判？？？,通判,府佐貳,1
北路捕盜駐劄沙河兼保定府同知分轄昌順懐密平五州縣,同知,府佐貳,1
北路捕盜駐劄沙河兼保定府同知分轄昌順懷密平延倂宛大等八州縣,同知,府佐貳,1
北路捕盜駐沙河兼保定府同知分轄昌順懐密平延倂宛大等八州縣,同知,府佐貳,1
北路捕盜駐沙河兼保定府同知分轄昌順懷密平延倂宛大等八州縣,同知,府佐貳,1
北路撲盜駐沙河兼保定府同知分轄昌順懷密平延倂宛大等八州縣,同知,府佐貳,1
北路理畨同知,同知,府佐貳,1
北路理番同知,同知,府佐貳,1
北运河同知,同知,府佐貳,1
十字路巡検,,unknown,1
千總借補東昌上河把總,,武職,1
千總備補東昌上河把總,,武職,1
南槎村巡檢,巡檢,縣首領,1
南撲通判,通判,府佐貳,1
南新倉監督內閣中書,,京官,1
南新倉監督刑部主事,,京官,1
南新倉監督吏部員外郎,,京官,1
南昌卫守备,,unknown,1
南昌衛守備,,武職,1
南村巡检,巡檢,縣首領,1
南桥镇巡检,巡檢,縣首領,1
南橋嶺巡檢,巡檢,縣首領,1
南塘通判駐海寕,通判,府佐貳,1
南橋巡檢,巡檢,縣首領,1
南橋鎭巡検,,unknown,1
南橋鎭巡檢,巡檢,縣首領,1
南汛千總,,武職,1
南河漕河提塘,,unknown,1
南河漕運塘務,,unknown,1
南津司巡检,巡檢,縣首領,1
南津巡檢,巡檢,縣首領,1
南州巡檢,巡檢,縣首領,1
南坪巡檢,巡檢,縣首領,1
千罗巡检,巡檢,縣首領,1
協辦堂主事協領,,武職,1
升郯寨巡檢,巡檢,縣首領,1
升鄉巡檢,巡檢,縣首領,1
升？寨巡检,巡檢,縣首領,1
半洋巡檢,巡檢,縣首領,1
华阳镇巡检,巡檢,縣首領,1
協辦中書,,武職,1
協辦侍讀事務內閣典籍,,京官,1
協辦堂主事佐領,,武職,1
協辨大臣,,武職,1
南厂大使,,京官,1
南信？？駐？？？,,unknown,1
南关驿丞兼巡检事,,雜職,1
南北两岸通判駐劄碭山,通判,府佐貳,1
南北两河通判驻扎砀山,通判,府佐貳,1
南北兩岸通判駐劄碭山,通判,府佐貳,1
南北兩河通判駐紮碭山,通判,府佐貳,1
南北岸通判,通判,府佐貳,1
南北岸通判駐？山,通判,府佐貳,1
张登司巡检,巡檢,縣首領,1
弥沙井盐课大使,,京官,1
知縣管永嘉場塩課事,知縣,縣正印,1
清河閘官,,雜職,1
清化逕巡檢,巡檢,縣首領,1
清化镇税课大,,unknown,1
清化馹丞,,雜職,1
清化马驿丞,,雜職,1
清坡司巡檢,巡檢,縣首領,1
清水河协理通判,通判,府佐貳,1
清水河協理通判,,武職,1
清水河巡检,巡檢,縣首領,1
清水河巡檢,巡檢,縣首領,1
清江嘴巡檢,巡檢,縣首領,1
清江嘴鎭巡檢,巡檢,縣首領,1
清江嘴鎮巡檢,巡檢,縣首領,1
清江嘴镇巡检,巡檢,縣首領,1
清江巡檢,巡檢,縣首領,1
清江鎮巡檢,巡檢,縣首領,1
清江镇巡检,巡檢,縣首領,1
清江閘官,,雜職,1
清江閘管,,unknown,1
清江闸闸官,,雜職,1
清军水利同知,同知,府佐貳,1
淸軍海防總捕同知,同知,府佐貳,1
淸軍捕盗貼堂同知,同知,府佐貳,1
淳化嶺巡檢,巡檢,縣首領,1
淮南税大使,,京官,1
淮安分司運判,,unknown,1
淮安卫掌印守备,,unknown,1
淮安壩批驗所大使,,雜職,1
淮安衛掌印守備,,武職,1
淮安関監督,,unknown,1
淮所批驗所,,unknown,1
淮樓巡檢,巡檢,縣首領,1
淳化鎭巡檢,巡檢,縣首領,1
淸軍同知駐樊城,同知,府佐貳,1
淳化镇巡检,巡檢,縣首領,1
淳化？巡檢,巡檢,縣首領,1
淸化司巡檢兼管驛務,巡檢,縣首領,1
淸市捕盜同知,捕盜同知,府佐貳,1
淸水理事巡檢,巡檢,縣首領,1
淸河馬頭巡検,,unknown,1
淸源司巡檢,巡檢,縣首領,1
淸源郷學訓導,訓導,教職,1
清河管河縣丞,縣丞,縣佐貳,1
清河閘閘官,,雜職,1
淮南儀所監製同知,同知,府佐貳,1
清波司巡檢,巡檢,縣首領,1
温家圳巡檢,巡檢,縣首領,1
温家？巡检,巡檢,縣首領,1
温家？巡檢,巡檢,縣首領,1
温州卫掌印守备,,unknown,1
温木司巡检,巡檢,縣首領,1
港口驿丞,,雜職,1
渾口司巡檢,巡檢,縣首領,1
湖fu巡檢,巡檢,縣首領,1
湖㳇巡檢,巡檢,縣首領,1
湖北副主考,,unknown,1
湖北副典試,,unknown,1
湖北學政,,省級,1
湖北承宣佈政使司布政使,,unknown,1
湖北按察使司按察使,,unknown,1
湖北正主考,,unknown,1
湖北等处承宣布政使司布政使,,unknown,1
湖北等处提刑按察使司按察使,,unknown,1
湖北等處提刑按察使司按察使統辖全省驛傳事務,,unknown,1
湖南副主考員外郎,,京官,1
渠寧巡檢兼管？務,巡檢,縣首領,1
渠寧巡檢兼管訓導,巡檢,縣首領,1
減河吏目兼管興化巡檢,吏目,州首領,1
清軍捕盜？堂同知,同知,府佐貳,1
清泥司巡检,巡檢,縣首領,1
清泥巡檢,巡檢,縣首領,1
清源講學訓導,訓導,教職,1
清花巡檢,巡檢,縣首領,1
清花？巡检,巡檢,縣首領,1
清花？巡檢,巡檢,縣首領,1
清軍同知駐剳樊城,同知,府佐貳,1
清軍捕盗同知,同知,府佐貳,1
清軍糧捕水利同知,同知,府佐貳,1
渚溪巡檢,巡檢,縣首領,1
清軍糧撲通判,通判,府佐貳,1
清軍？？同知,同知,府佐貳,1
清道巡檢,巡檢,縣首領,1
清道镇巡检,巡檢,縣首領,1
清风关巡检,巡檢,縣首領,1
渌？司巡檢,巡檢,縣首領,1
渔浦司巡检,巡檢,縣首領,1
渚溪司巡检,巡檢,縣首領,1
淮南批騐所大使,,京官,1
淮南儀所監制同知,同知,府佐貳,1
湖南提刑按察使司按察使,,unknown,1
海防河务同知,同知,府佐貳,1
海門同知,同知,府佐貳,1
海门副巡检,巡檢,縣首領,1
海门社巡检,巡檢,縣首領,1
海防兼？路理番同知,同知,府佐貳,1
海防同知南臺,同知,府佐貳,1
海防同知移駐南勝,同知,府佐貳,1
海防同知駐剳？通,同知,府佐貳,1
海防同知駐劄梁通,同知,府佐貳,1
海防同知駐紮乍浦,同知,府佐貳,1
海防同知駐金山縣,同知,府佐貳,1
海防同知駐？？,同知,府佐貳,1
海防同知驻南台,同知,府佐貳,1
海防同知驻扎乍浦,同知,府佐貳,1
海防同知驻扎南？,同知,府佐貳,1
海防同知驻金山县,同知,府佐貳,1
海防同知？？？,同知,府佐貳,1
海防州同駐富寕,州同,州佐貳,1
海防州同駐茜郑,州同,州佐貳,1
海防州同駐？？,州同,州佐貳,1
海門副巡檢,巡檢,縣首領,1
海運海防總撲同知,同知,府佐貳,1
海運倉監督吏部員外郎,,京官,1
浯洲塲塩大使,,京官,1
浦邊巡檢,巡檢,縣首領,1
浦門司巡検,,unknown,1
浦門司巡檢,巡檢,縣首領,1
浪沧江巡检,巡檢,縣首領,1
浪滄巡檢,巡檢,縣首領,1
浮山司巡检,巡檢,縣首領,1
浮山巡檢,巡檢,縣首領,1
浮山訓導,訓導,教職,1
浯洲塲塩課大使,,京官,1
海運倉監督刑部員外郎,,京官,1
海宁所守御,,unknown,1
海安司巡检,巡檢,縣首領,1
海安司巡検,,unknown,1
海寧所守禦,,武職,1
海晏矬峒二塲塩課大使,,京官,1
海晏？峒二塲塩課大使,,京官,1
海沧通判,通判,府佐貳,1
海運倉監督內閣中書,,京官,1
海防水利通判？？？？,通判,府佐貳,1
海防河務同知駐鶴山,同知,府佐貳,1
淮北批騐所大使,,京官,1
海防移駐南臺,,unknown,1
润？司巡检,巡檢,縣首領,1
涧窝岭巡检,巡檢,縣首領,1
涵江司巡检,巡檢,縣首領,1
涵江司巡検,,unknown,1
涵江巡檢,巡檢,縣首領,1
涼莊理事通判,理事通判,府佐貳,1
淇渾巡檢,巡檢,縣首領,1
淇潭盘巡検,,unknown,1
淇？堡巡检,巡檢,縣首領,1
淡水同知移駐竹塹,同知,府佐貳,1
淡水同知駐剳竹塹,同知,府佐貳,1
淡水同知駐竹？,同知,府佐貳,1
淡水廳属新庄巡檢,巡檢,縣首領,1
淡水廳属竹塹巡檢,巡檢,縣首領,1
淡水廳属竹靈巡檢,巡檢,縣首領,1
淡水廳？竹靈巡檢,巡檢,縣首領,1
淡水聽？？庒巡檢,巡檢,縣首領,1
淩眉巡檢,巡檢,縣首領,1
淩祿巡檢,巡檢,縣首領,1
涇江巡檢,巡檢,縣首領,1
涇江口巡検,,unknown,1
海？船政同知,同知,府佐貳,1
海防軍民同知駐？出？,同知,府佐貳,1
海防粮捕水利同知,水利同知,府佐貳,1
海防粮捕？漕同知,同知,府佐貳,1
海防糧捕盜？同知,同知,府佐貳,1
海防糧捕鹽*同知,同知,府佐貳,1
海防糧捕鹽漕同知,同知,府佐貳,1
海防軍民同知,同知,府佐貳,1
海防軍民同知駐劄前山寨,同知,府佐貳,1
海防軍民同知駐？,同知,府佐貳,1
海防追蒱水利同知,水利同知,府佐貳,1
海？場鹽課大使,,京官,1
海防？事同知,同知,府佐貳,1
海防？捕盗？同知,同知,府佐貳,1
海防？撲鹽？同知,同知,府佐貳,1
海防？民同知駐？？？？？？,同知,府佐貳,1
海防？？同知,同知,府佐貳,1
海防？？向外駐佛山,,unknown,1
海防？？？？駐佛山,,unknown,1
海陵巡檢,巡檢,縣首領,1
湖南承宣佈政使司布政使,,unknown,1
湖南等處提刑按察使司按察使,,unknown,1
浙江等處承宣布政使司布政使仍兼管海防事務,,unknown,1
照磨？？？？？庫大使,照磨,府首領,1
烈嶼？塩課大使,,京官,1
烏山司巡檢,巡檢,縣首領,1
烏沙河巡檢,巡檢,縣首領,1
烏蘭哈達理事通判,理事通判,府佐貳,1
烏蘭布統巡檢,巡檢,縣首領,1
烏魯木齊倉大使,,京官,1
烏魯木齊理事通判,理事通判,府佐貳,1
烏魯木齊通判,通判,府佐貳,1
烏？司巡检,巡檢,縣首領,1
热河巡检,巡檢,縣首領,1
照磨借補典史,典史,縣首領,1
照磨兼管塩道庫大使事,照磨,府首領,1
照磨兼管廣*倉事,照磨,府首領,1
照磨兼管？？大使事,照磨,府首領,1
照磨兼管？？？？？？？,照磨,府首領,1
照磨管驲站庫,照磨,府首領,1
照磨駐剳江北,照磨,府首領,1
照磨駐？？院,照磨,府首領,1
照磨？管廣？倉事,照磨,府首領,1
炎松巡检,巡檢,縣首領,1
灸松巡檢,巡檢,縣首領,1
灵山司巡检,巡檢,縣首領,1
濱江巡檢,巡檢,縣首領,1
濟民場鹽課大使,,京官,1
濠寨巡检,巡檢,縣首領,1
濠寨巡検,,unknown,1
濤雒場鹽課大使,,京官,1
濤？場塩課大使,,京官,1
濮州所领运千总,,unknown,1
濮牛巡檢,巡檢,縣首領,1
濱樂分司運同,,unknown,1
濵樂分司運同,,unknown,1
灰埠巡檢,巡檢,縣首領,1
瀘定場巡檢,巡檢,縣首領,1
瀘定巡檢,巡檢,縣首領,1
瀘溪市縣級,,unknown,1
瀛朝分界巡檢,巡檢,縣首領,1
灌口司巡检,巡檢,縣首領,1
灘頭巡檢,巡檢,縣首領,1
火井巡檢,巡檢,縣首領,1
火井沟巡检,巡檢,縣首領,1
照磨？？,照磨,府首領,1
熊岳口通判,通判,府佐貳,1
濟寧衛南汛管河千總,,武職,1
熊嶽口通判,通判,府佐貳,1
特授两淮都轉盐運使,,unknown,1
特授两淮都转盐运使,,unknown,1
特授付指揮,,京官,1
特授仪征帮领运千总,,unknown,1
特授儀徵幫領運千總,,武職,1
特授兩淮都轉塩運使,,unknown,1
特授分守凉庄道整饬凉永镇羌等处事务驻扎凉州府,,unknown,1
特授分守巡海兴泉永等处地方道驻扎厦门,,unknown,1
特授分守巡海興泉永等處地方兵備道駐劄廈門,,unknown,1
特授分守巡海興泉永等處地方道駐劄廈門,,unknown,1
特授分守涼莊兵備道整飭涼永鎮羌等處事務駐劄涼州府,,unknown,1
特授分守涼莊道整飭涼永鎮羌等處事駐劄涼州府,,unknown,1
特授分守潼商等处地方兵备道,,unknown,1
特授分守登莱青整饬海防道兼管水利事务,,unknown,1
特授分守登萊靑整飭海防道兼管水利事務,,unknown,1
特授分守登萊青整飭海防道兼管水利事務,,unknown,1
特授分守督理湖南等处地方粮储道,,unknown,1
特授分守雁平道管辖大朔宁三府忻保代三州等处地方,,unknown,1
特授分巡上荊南道管轄荊宜施三府駐荊州府兼理水利事務,,unknown,1
特授两淮都轉塩運使,,unknown,1
牛？沙巡检,巡檢,縣首領,1
牛食販巡檢,巡檢,縣首領,1
營？巡檢兼水馬驲,,武職,1
熊嶽理事通判,理事通判,府佐貳,1
熱河巡检,巡檢,縣首領,1
熱河教授,教授,教職,1
熱河理？同知,同知,府佐貳,1
營子溝理事通判,,武職,1
營繕司員外兼理製造庫事,,武職,1
營頭司巡檢兼管水島驛,,武職,1
營？司巡檢兼水馬馹,,武職,1
爾沙鹽課大使,,京官,1
牛華溪鹽課大使,,京官,1
牛屯巡檢,巡檢,縣首領,1
牛屯河巡检,巡檢,縣首領,1
牛庒倉官,,京官,1
牛庒巡檢,巡檢,縣首領,1
牛羊？巡檢,巡檢,縣首領,1
牛肚湾巡检,巡檢,縣首領,1
牛莊倉官,,京官,1
牛莊巡檢,巡檢,縣首領,1
濟寧衛守備,,武職,1
濟寧衛北汛管河千總,,武職,1
湖南等處提刑按察使司按察使統轄全省驛傳事務,,unknown,1
滿整儀尉,,武職,1
湛川司巡检,巡檢,縣首領,1
湯坑市巡檢,巡檢,縣首領,1
湻化巡檢,巡檢,縣首領,1
溪源巡检,巡檢,縣首領,1
溪源巡検,,unknown,1
溫家垌巡檢,巡檢,縣首領,1
溫州衛掌印守備,,武職,1
溫木巡檢,巡檢,縣首領,1
滁口司巡检,巡檢,縣首領,1
滁口巡檢,巡檢,縣首領,1
滁州卫掌印守备,,unknown,1
滁州衛掌印守備,,武職,1
滕沛閘官,,雜職,1
滨乐分司巡同,,unknown,1
滩头司巡检,巡檢,縣首領,1
滸黃巡檢,巡檢,縣首領,1
滸黄州巡檢,巡檢,縣首領,1
滸黄鎭巡検,,unknown,1
滿冠軍使掌旗手衛事兼佐領,,武職,1
湘鄉寨巡檢,巡檢,縣首領,1
湘江巡檢,巡檢,縣首領,1
湘乡寨巡检,巡檢,縣首領,1
湖波巡檢,巡檢,縣首領,1
湖口司巡检,巡檢,縣首領,1
湖州所千总,,unknown,1
湖州所千總,,武職,1
湖州所領運千總,,武職,1
湖州白粮领运千总,,unknown,1
湖日巡检,巡檢,縣首領,1
湖樂司巡検,,unknown,1
湖没巡檢,巡檢,縣首領,1
湖溪巡检,巡檢,縣首領,1
湖？巡檢,巡檢,縣首領,1
湖溪巡検,,unknown,1
湖藥巡檢,巡檢,縣首領,1
湖設巡檢,巡檢,縣首領,1
湖设巡检,巡檢,縣首領,1
湖鎮巡檢,巡檢,縣首領,1
湖镇司巡检,巡檢,縣首領,1
湖陵司巡檢,巡檢,縣首領,1
湖？司巡檢,巡檢,縣首領,1
滿冠軍使掌旗手衞印兼佐領,,武職,1
滿？同知,同知,府佐貳,1
濟寕衞南汛千總,,武職,1
漁浦巡檢,巡檢,縣首領,1
潤陂司巡檢,巡檢,縣首領,1
潭口巡檢,巡檢,縣首領,1
潭溪长官司吏目,吏目,州首領,1
潮连司巡检,巡檢,縣首領,1
潮連巡檢,巡檢,縣首領,1
潼関廳復設訓導,復設訓導,教職,1
潼関廳？？同知,同知,府佐貳,1
潼關廳同知,同知,府佐貳,1
潼關廳複設訓導,訓導,教職,1
澄迈司巡检,巡檢,縣首領,1
澄邁巡檢,巡檢,縣首領,1
澄？？巡檢,巡檢,縣首領,1
澗富巡檢,巡檢,縣首領,1
澗窩嶺巡檢,巡檢,縣首領,1
澤補巡檢,巡檢,縣首領,1
澱山巡検,,unknown,1
澱河州判,州判,州佐貳,1
澳龍河鎮巡檢,巡檢,縣首領,1
濛裹事巡檢,巡檢,縣首領,1
潤波巡檢,巡檢,縣首領,1
潞城巡检,巡檢,縣首領,1
潖江巡檢,巡檢,縣首領,1
漢口镇禮智司巡檢,巡檢,縣首領,1
漁溪巡檢,巡檢,縣首領,1
漏刻科五官挈壺正,,unknown,1
漕務水利縣丞,縣丞,縣佐貳,1
漕標中軍副將兼管營事,,武職,1
漕糧通判,通判,府佐貳,1
漢口仁義巡檢,巡檢,縣首領,1
漢口禮智巡檢,巡檢,縣首領,1
漢口镇仁義司巡檢,巡檢,縣首領,1
漢整儀尉,,武職,1
漾？司巡検,,unknown,1
漢軍主事,,京官,1
漢銮儀使世襲一等輕車都尉正白旗漢軍副都統,,旗籍誤填,1
漢鑾儀使正白旗漢軍副都統,,旗籍誤填,1
漳汀司巡检,巡檢,縣首領,1
漳湖分界巡檢,巡檢,縣首領,1
漳潮分界巡检,巡檢,縣首領,1
漾濞司巡检,巡檢,縣首領,1
漾濞巡檢,巡檢,縣首領,1
浦董場塩課大使,,京官,1
浙江等處承宣布政使司布政使,,unknown,1
特授分巡川东道兼辖重夔二府等处地方,,unknown,1
江头巡检,巡檢,縣首領,1
江南安徽寕池太廬鳯頴廣滁和六泗等處承寅布政使司布政使,,unknown,1
江南安徽寕池太盧鳯潁廣滁和六泗等處承寅布政使司布政使,,unknown,1
江南安徽寕池太盧鳳頴廣滁和六泗等處承宣布政使司布政使,,unknown,1
江南安徽寕池太盧鳳？廣滁和六泗等處承宜布政使司布政使,,unknown,1
江南安徽寧池太廬鳳穎等處提刑按察使司按察使,,unknown,1
江南安徽寧池太盧鳳穎廣滁和六泗等處承宜布政使司布政使,,unknown,1
江南安徽寧池太盧鳳穎廣滁和六泗等處承宣佈政使司布政使,,unknown,1
江南安徽寧池太盧鳳穎廣滁和六泗等處提刑按察使司按察使,,unknown,1
江南淮徐河务道辖邳宿铜丰桃源等处地方,,unknown,1
江南淮徐河務道轄邳宿銅豐桃源等處地方,,unknown,1
江南淮徐河務道辖邳宿銅豊桃源海州等處駐劄徐州府,,unknown,1
江南道监察御史兼巡视西城,,京官,1
江南道监察御史提督山西学政,,省級,1
江南道監察御史提督山西學政,,省級,1
江南道禦史兼兵部行走,,京官,1
江口场巡检,巡檢,縣首領,1
江口巡检,巡檢,縣首領,1
江口巡検,,unknown,1
江口都巡檢,巡檢,縣首領,1
江南安徽寕池太廬鳯穎廣滁和六泗等處按察使司按察使,,unknown,1
江南安徽寕池太廬鳯穎廣滁和六泗等處承宣布政使司布政使,,unknown,1
江南安徽宁池太庐凤颖等处提刑按察使司按察使,,unknown,1
永新所守御,,unknown,1
永安鎭巡檢,巡檢,縣首領,1
永安鎮巡檢,巡檢,縣首領,1
永安镇巡检,巡檢,縣首領,1
永寧通判,通判,府佐貳,1
永平司巡检,巡檢,縣首領,1
永建所守禦,,武職,1
永慶司巡検,,unknown,1
永慶巡檢,巡檢,縣首領,1
永新所守禦,,武職,1
江东司巡检,巡檢,縣首領,1
永绥经历,經歷,府首領,1
永绥训导,訓導,教職,1
永豊倉大使,,京官,1
永豐鎭巡檢,巡檢,縣首領,1
永阜仓大使,,京官,1
永阜倉大使,,京官,1
永驻太平市巡检,巡檢,縣首領,1
汇村司巡检,巡檢,縣首領,1
江口镇巡检,巡檢,縣首領,1
江宁淮扬徐海通六府州等处承宣布政使司布政使,,unknown,1
永宁询价,,unknown,1
江宁织造笔帖式,,省級,1
江西副主考中書,,京官,1
江西副主考主事,,京官,1
江西承宣佈政使司布政使,,unknown,1
江西提刑按察使司按察使,,unknown,1
江西督糧道兼巡南撫建等處,,省級,1
江西等处承宣布政使司布政使,,unknown,1
江西等处提刑按察使司按察使,,unknown,1
江西等處提刑按察使司按察使統轄全省馹傳事務,,unknown,1
江西等處提刑按察使司按察使統轄全省驛傳事務,,unknown,1
江西通省塩法道兼管瑞袁臨等處地方衛,,unknown,1
江西通省督粮道兼巡南抚建等处地方,,省級,1
江西通省督粮道兼巡南撫建等處地方,,省級,1
江西通省督糧道兼巡南撫建等處地方兼管水利,,省級,1
江西道监察御史兼掌印郎中,,京官,1
江西道監察御史稽察正藍旗漢軍旗務,,旗籍誤填,1
江西道監察禦史稽察宗人府掌印,,京官,1
江都管河县丞,縣丞,縣佐貳,1
江防備補同知,同知,府佐貳,1
江防撲盜同知,同知,府佐貳,1
江蘇等處提刑按察使司按察使統轄全省驲傳事務,,unknown,1
江蘇等處提刑按察使司按察使統轄全省驛傳事務,,unknown,1
江蘇等處承宣佈政使司布政使,,unknown,1
江寧等處承宣佈政使司布政使,,unknown,1
江安？？军大使,,京官,1
江寕南南汛千總,,武職,1
江寕粮道庫大使,,省級,1
江寕織造烏林逹,,省級,1
江寜織造筆帖式,,省級,1
江寧司巡檢,巡檢,縣首領,1
江寧巡檢,巡檢,縣首領,1
江寧淮揚徐海通六府州等處承宣布政使司布政使,,unknown,1
江峪巡檢,巡檢,縣首領,1
江蘇松常鎮太五府州等處承宣布政使司布政使,,unknown,1
江村巡檢,巡檢,縣首領,1
江浦司巡检,巡檢,縣首領,1
江浦巡檢,巡檢,縣首領,1
江淮卫守备,,unknown,1
江淮巡檢,巡檢,縣首領,1
江淮衛守備,,武職,1
江漲稅課司大使兼管吳山馹,,雜職,1
江苏松常镇太五府州等处承宣布政使司布政使,,unknown,1
永安巡檢,巡檢,縣首領,1
永壽巡検,,unknown,1
江防軍補同知,同知,府佐貳,1
武陽鎮巡檢,巡檢,縣首領,1
正順同知,同知,府佐貳,1
正顺同知,同知,府佐貳,1
步輦漢雲麾使,,武職,1
步辇汉云麾使兼佐领,,武職,1
武关驿丞,,雜職,1
武城寨巡检,巡檢,縣首領,1
武城寨巡檢,巡檢,縣首領,1
武城巡檢,巡檢,縣首領,1
武昌卫守备,,unknown,1
武昌左卫守备,,unknown,1
武昌左衛守備,,武職,1
武昌衛守備,,武職,1
武穴鎮巡檢,巡檢,縣首領,1
武穴镇巡检,巡檢,縣首領,1
武罗乡巡检,巡檢,縣首領,1
武羅寨巡檢,巡檢,縣首領,1
武羅巡檢,巡檢,縣首領,1
武连驿丞,,雜職,1
武阳司巡检,巡檢,縣首領,1
正阳镇巡检,巡檢,縣首領,1
正監督兵部右侍郎總管內務府大臣,,京官,1
正大营巡検,,武職,1
欽差？？？？？主事,,京官,1
欽差？？倉監督工部員外郎,,京官,1
欽差？？倉監督禮部員外,,京官,1
欽差？？倉監督禮部員外郞,,京官,1
欽差？？太倉監督太常寺贊禮郎,,京官,1
欽差？？？內閣中書,,京官,1
欽差？？？監督內閣侍讀,,京官,1
欽差？？？監督理藩院員外郞,,京官,1
欽差？？？監督？？？？,,unknown,1
欽賜國子監學正？學士正事,,京官,1
正大营巡检,,武職,1
欽？六品頂戴管訓導事,,unknown,1
止馬巡檢,巡檢,縣首領,1
止馬市巡檢駐業陰,巡檢,縣首領,1
止马市巡检,巡檢,縣首領,1
正六品他赤哈？？,,unknown,1
正六品筆帖式,,京官,1
正北爐巡檢,巡檢,縣首領,1
正大巡檢,巡檢,縣首領,1
武阳镇巡检,巡檢,縣首領,1
武隆巡检,巡檢,縣首領,1
永和船政通判駐柘林,通判,府佐貳,1
歸仁堤巡検,,unknown,1
水利郵政通判？？林,通判,府佐貳,1
水利馹丞兼管巡檢事,,雜職,1
水利？軍？？？毛封村,,unknown,1
水北墟巡检,巡檢,縣首領,1
水北巡檢,巡檢,縣首領,1
水北？巡檢,巡檢,縣首領,1
水口司巡检,巡檢,縣首領,1
水口巡檢,巡檢,縣首領,1
水城通判同知銜,同知,府佐貳,1
水城通判？同知銜,同知,府佐貳,1
水尾巡检,巡檢,縣首領,1
水師提督兼管台湾等處地方掛印總兵官,,武職,1
水師提督兼管福建臺灣等處地方掛印總兵官,,武職,1
水平司巡检,巡檢,縣首領,1
水陽巡検,,unknown,1
水？同知,同知,府佐貳,1
永丰司巡检,巡檢,縣首領,1
永丰镇巡检,巡檢,縣首領,1
永利场盐课大使,,京官,1
水利邮政通判？？林,通判,府佐貳,1
水利通判？？？？,通判,府佐貳,1
水利通判驻正阳镇,通判,府佐貳,1
水利場塩課大使,,京官,1
歸仁堤巡檢,巡檢,縣首領,1
歸陽巡檢,巡檢,縣首領,1
歹补巡检,巡檢,縣首領,1
殺虎口監督宗人府理事,,京官,1
母亨巡检,巡檢,縣首領,1
毛楊巡檢,巡檢,縣首領,1
毛？镇巡检,巡檢,縣首領,1
水利县丞兼管巡检事,縣丞,縣佐貳,1
水利淸軍同知,同知,府佐貳,1
水利通判駐？？？,通判,府佐貳,1
水利淸軍同知駐劄？,同知,府佐貳,1
水利清军同知,同知,府佐貳,1
水利清軍同知,同知,府佐貳,1
水利粮务县丞,縣丞,縣佐貳,1
水利縣丞駐牛鼻？,縣丞,縣佐貳,1
水利船政通判駐柘林,通判,府佐貳,1
水利船政通判駐？林,通判,府佐貳,1
水利通判駐拓林,通判,府佐貳,1
江防理事同知,理事同知,府佐貳,1
江防運捕同知,同知,府佐貳,1
浙江等處承宣佈政使司布政使仍兼管海防事務,,unknown,1
泰州管河州判,州判,州佐貳,1
油坊巡檢,巡檢,縣首領,1
油坊滩巡检,巡檢,縣首領,1
油坊滩巡檢,巡檢,縣首領,1
治河縣丞管巡検事,縣丞,縣佐貳,1
沿海司巡检,巡檢,縣首領,1
沿海巡檢,巡檢,縣首領,1
泉鎭巡檢,巡檢,縣首領,1
泉鎮巡檢,巡檢,縣首領,1
泉镇巡检,巡檢,縣首領,1
泊河州判駐剳泊頭,州判,州佐貳,1
泗州寨巡检,巡檢,縣首領,1
泗州寨巡検,,unknown,1
泗州巡檢,巡檢,縣首領,1
波羅里大峝巡檢,巡檢,縣首領,1
泥㲼河巡檢,巡檢,縣首領,1
泥汉河巡检,巡檢,縣首領,1
泥汝河巡檢,巡檢,縣首領,1
泥汷巡檢,巡檢,縣首領,1
泰州分司塩運判,,unknown,1
油口镇巡检,巡檢,縣首領,1
河？糧鹽水利通判,通判,府佐貳,1
河？粮鹽水利通判,通判,府佐貳,1
河西务主簿,主簿,縣首領,1
河捕通判管滄州,通判,府佐貳,1
河捕通判駐剳滄州,通判,府佐貳,1
河東塩西場塩課大使,,京官,1
河東巡検西塲庫大使,,京官,1
河東都轉塩運使司運使加敕管塩法過駐劄運城,,unknown,1
河東都轉鹽運使司運使加敕管鹽法道駐劄運城,,省級,1
河田巡检,巡檢,縣首領,1
河莊水利同知,水利同知,府佐貳,1
河西务巡检,巡檢,縣首領,1
河？同知,同知,府佐貳,1
河西務巡検,,unknown,1
河邑巡检,巡檢,縣首領,1
河郊場鹽課大使,,京官,1
河陰？學教諭,教諭,教職,1
河陰？？教諭,教諭,教職,1
河陰？？？,,unknown,1
河隂巡檢,巡檢,縣首領,1
河隂縣學敎諭,教諭,教職,1
泰州分司盐运判,,unknown,1
泰州西溪巡檢,巡檢,縣首領,1
河捕糧鹽水利通判,通判,府佐貳,1
泾江口巡检,巡檢,縣首領,1
洪白園塩課大使,,京官,1
洸口司巡检,巡檢,縣首領,1
洸口巡檢,巡檢,縣首領,1
流河驛丞管巡檢事,,雜職,1
流河驲丞管巡檢事,,unknown,1
流河驿丞管巡检事,,雜職,1
流溪司巡检,巡檢,縣首領,1
流溪巡檢,巡檢,縣首領,1
济宁卫北汛管河千总,,武職,1
济宁卫南汛管河千总,,武職,1
济宁卫守备,,unknown,1
济用库大使,,京官,1
浑口司巡检,巡檢,縣首領,1
浒黄州巡检,巡檢,縣首領,1
浙江副主考,,unknown,1
浙江承宣佈政使司布政使,,unknown,1
浙江提刑按察使司按察使,,unknown,1
浙江等处承宣布政使司布政使,,unknown,1
浙江等处督理通省粮储漕务道,,unknown,1
洪江巡檢,巡檢,縣首領,1
洪汇司巡檢,巡檢,縣首領,1
洪於唐巡檢,巡檢,縣首領,1
津市巡檢,巡檢,縣首領,1
洋口巡检,巡檢,縣首領,1
洋溪巡檢,巡檢,縣首領,1
洋溪镇巡检,巡檢,縣首領,1
洋溪镇巡檢,巡檢,縣首領,1
洙四書院學錄,,unknown,1
洙泗书院学祿,,unknown,1
洙泗書院學鐸,,unknown,1
洙洒書院學録,,unknown,1
津市鎭巡檢,巡檢,縣首領,1
洪州長官司吏目,,土司,1
津市鎮巡檢,巡檢,縣首領,1
洪堰堡巡檢,巡檢,縣首領,1
洪子店巡检,巡檢,縣首領,1
洪子店巡検,,unknown,1
洪山巡检,巡檢,縣首領,1
洪州泊里長官司州同,,土司,1
洪州泊里长官司州同,州同,州佐貳,1
洪州泊？長官司吏目,,土司,1
河捕通判管沧州,通判,府佐貳,1
河捕糧塩水利通判,通判,府佐貳,1
江防？捕同知,同知,府佐貳,1
沙涧茅津渡巡检,巡檢,縣首領,1
沈家巡檢,巡檢,縣首領,1
沈家镇巡检,巡檢,縣首領,1
沌口镇巡檢,巡檢,縣首領,1
沌摳口巡檢,巡檢,縣首領,1
沔阳卫掌印守备,,unknown,1
沔陽衛掌印守備,,武職,1
沙土镇巡検,,unknown,1
沙城巡检,巡檢,縣首領,1
沙崗司巡檢,巡檢,縣首領,1
沙崗巡檢,巡檢,縣首領,1
沙市司巡检,巡檢,縣首領,1
沙市司巡検,,unknown,1
沙木和巡検,,unknown,1
沙木巡检,巡檢,縣首領,1
沙村司巡检,巡檢,縣首領,1
沙村巡檢,巡檢,縣首領,1
沙沟巡检,巡檢,縣首領,1
沙河寨巡检,巡檢,縣首領,1
沙河巡檢,巡檢,縣首領,1
沈家峽巡檢,巡檢,縣首領,1
沈家墺巡檢,巡檢,縣首領,1
沈丘镇巡检,巡檢,縣首領,1
江？税课司大使,,雜職,1
江防？撲同知,同知,府佐貳,1
江防？政同知,同知,府佐貳,1
江頭巡検,,unknown,1
江？司巡検,,unknown,1
江？司巡檢,巡檢,縣首領,1
江？稅大使兼管吳山驲,,京官,1
江？稅課司大使兼管吳山馹,,雜職,1
江？稅課司大使兼管吳山？,,雜職,1
江？船？同知,同知,府佐貳,1
沈丘巡檢,巡檢,縣首領,1
池州帮领运千总,,unknown,1
池河巡检,巡檢,縣首領,1
汰厦巡検,,unknown,1
汰厦巡檢,巡檢,縣首領,1
汾湖司巡检,巡檢,縣首領,1
沁河管河主簿,主簿,縣首領,1
沂淡海贑同知,同知,府佐貳,1
沂淡海？通判,通判,府佐貳,1
沙河站驲丞,,unknown,1
沙湾巡检,巡檢,縣首領,1
河捕粮鹽水利通判,通判,府佐貳,1
沙湾鎮巡檢,巡檢,縣首領,1
河南正主考,,unknown,1
河南正主考員外郎,,京官,1
河南等处提刑按察使司按察使,,unknown,1
河南等處提刑按察使司按察使兼管南北兩岸？？事,,unknown,1
河南等處提刑按察使司按察使統轄全省驛傳事務,,unknown,1
河南開歸等處督理通省塩法水利粮務道按察使,,unknown,1
河南開歸等處督理通省馹塩水利糧務道,,unknown,1
河南開歸等處督理通省鹽法水利粮務道,,unknown,1
河南開歸等處督理驛鹽水利糧務道,,unknown,1
河口巡檢,巡檢,縣首領,1
河口鎭巡検,,unknown,1
河口镇巡检,巡檢,縣首領,1
河口？巡檢,巡檢,縣首領,1
河垛場塩課大使,,京官,1
河垜場塩課大使,,京官,1
河州同兼水利,州同,州佐貳,1
河州同知兼司水利,同知,府佐貳,1
河州水利同知,水利同知,府佐貳,1
河捕粮盐水利通判,通判,府佐貳,1
河南提刑按察使司按察使,,unknown,1
河南承宣佈政使司布政使,,unknown,1
河南开归等处督理通省驿盐水利粮务道,,unknown,1
沙瑯巡检,巡檢,縣首領,1
沙溝巡検,,unknown,1
沙溪司巡检,巡檢,縣首領,1
沙溪巡检,巡檢,縣首領,1
沙澗茅津鎮巡檢,巡檢,縣首領,1
沙澗茅浮渡巡檢,巡檢,縣首領,1
䨇橋司巡檢,巡檢,縣首領,1
沙灣巡檢,巡檢,縣首領,1
沙琅巡檢,巡檢,縣首領,1
沙镇司巡检,巡檢,縣首領,1
河南學政文淵閣校理,,省級,1
沙？司巡検,,unknown,1
沛县主簿,主簿,縣首領,1
沧河？巡检,巡檢,縣首領,1
河东都？盐运使司运使加敕管盐法道驻扎运城,,省級,1
河伯所所官,,unknown,1
河务同知,同知,府佐貳,1
河南副主考,,unknown,1
河南副主考員外郎,,京官,1
特授分巡右江兵備道駐劄柳州府,,unknown,1
特授分巡河南陕汝道驻扎陕州,,unknown,1
張三嶺巡檢,巡檢,縣首領,1
盐捕水利同知,水利同知,府佐貳,1
皂口巡檢,巡檢,縣首領,1
盆亭司巡检,巡檢,縣首領,1
盆亭司巡檢,巡檢,縣首領,1
盆亭巡檢,巡檢,縣首領,1
盆亭巡檢駐潮灣,巡檢,縣首領,1
盈寕庫大使？？倉事,,京官,1
益将司巡检,巡檢,縣首領,1
益將巡檢,巡檢,縣首領,1
益門司巡檢,巡檢,縣首領,1
益門巡檢,巡檢,縣首領,1
益门散关巡检,巡檢,縣首領,1
盐务通判,通判,府佐貳,1
盐场关巡检,巡檢,縣首領,1
盐城縣丞,縣丞,縣佐貳,1
盐捕同知驻扎偏关,同知,府佐貳,1
盐捕同知驻朱仙镇,同知,府佐貳,1
盐捕州判,州判,州佐貳,1
盐捕州判驻？塔井,州判,州佐貳,1
盐捕州同,州同,州佐貳,1
皂口司巡检,巡檢,縣首領,1
百？馹丞,,雜職,1
百？寨巡檢,巡檢,縣首領,1
白螺巡檢,巡檢,縣首領,1
白湖鎮巡檢,巡檢,縣首領,1
白益庫大使,,京官,1
白盐井提举司提举,,unknown,1
白石司巡检,巡檢,縣首領,1
白石寨巡检,巡檢,縣首領,1
白石谷井塩大使,,京官,1
白石谷井塩課大使,,京官,1
白茆司巡檢,巡檢,縣首領,1
白霞寨巡检,巡檢,縣首領,1
百順巡檢,巡檢,縣首領,1
白駒閘管,,unknown,1
白？港巡检,巡檢,縣首領,1
白？港巡檢,巡檢,縣首領,1
白？？巡檢駐新民屯,巡檢,縣首領,1
百井馬馹丞,,雜職,1
百井马驿丞,,雜職,1
百色寨巡检,巡檢,縣首領,1
百色鎮巡檢,巡檢,縣首領,1
盐捕巡检兼驿丞事,巡檢,縣首領,1
盐池巡检,巡檢,縣首領,1
白湖巡檢,巡檢,縣首領,1
盐法道库大使,,省級,1
直隶提塘,,unknown,1
直隶等处承宣布政使司布政使,,unknown,1
直隶等处提刑按察使司按察使,,unknown,1
直隷提刑按察使司按察使統辖全省馹傳事務,,unknown,1
直隷提刑按察使司按察使統辖全省驛傳事務,,unknown,1
直隷理猺軍民同知,同知,府佐貳,1
直隷理？軍民同知,同知,府佐貳,1
直隷等處承宣布政使司布政使,,unknown,1
直隸州判倉河縣丞事,州判,州佐貳,1
直隸州判借補管河主簿,主簿,縣首領,1
直隸州判？？？？？,州判,州佐貳,1
直隸州州判管景和鎭巡檢事,州判,州佐貳,1
直隸州州判？？？？,州判,州佐貳,1
直隸承宣佈政使司布政使,,unknown,1
直隸提刑按察使司按察使統轄全省驲傳事務,,unknown,1
直隸提塘兼理奉天事務,,unknown,1
直？州州判管縣丞事,州判,州佐貳,1
相安巡檢,巡檢,縣首領,1
相安河巡检,巡檢,縣首領,1
直河司巡檢,巡檢,縣首領,1
直河司巡检,巡檢,縣首領,1
直播,,unknown,1
盘陀巡检,巡檢,縣首領,1
盐茶同知驻南部,同知,府佐貳,1
盐运使经历,經歷,府首領,1
盐运司运同,,省級,1
盐运河经历,經歷,府首領,1
盐？？丞,,unknown,1
监丞,,京官,1
监理侍郎兼正蓝旗蒙古都统,,unknown,1
盗捕水利同知駐呉？,水利同知,府佐貳,1
盛京工部侍郎兼管奉天府府尹事務,,京官,1
直州判管彭城州判事,州判,州佐貳,1
監侯,,unknown,1
監理郎中,,京官,1
監生,,unknown,1
盧溪市巡檢,巡檢,縣首領,1
盧臺場塩課大使,,京官,1
目？庫大使,,京官,1
直州判借補縣丞,縣丞,縣佐貳,1
直州判備補縣丞,州判,州佐貳,1
白湖鎭巡検,,unknown,1
白湖巡检,巡檢,縣首領,1
省溪长官司州同,州同,州佐貳,1
瓜埠巡檢,巡檢,縣首領,1
理苗通判駐？？州,通判,府佐貳,1
理蕃同知駐德勝鎮,同知,府佐貳,1
理藩軍民同知,同知,府佐貳,1
理藩院主事,,京官,1
理藩院右侍郎參贊大臣協辨伊犁事務,,京官,1
理藩院尚書兼正紅旗蒙古都統,,京官,1
理藩院尚書鑲白旗蒙古都統,,京官,1
理藩院左侍郎兼管國子監事,,京官,1
理藩院郎中兼國子監事務,,京官,1
理藩院郎中管員外郎,,京官,1
理？同知,同知,府佐貳,1
理？同知駐剳江？,同知,府佐貳,1
理？同知駐剳紅？,同知,府佐貳,1
理？通判駐剳都江,通判,府佐貳,1
理？？撲同知,同知,府佐貳,1
琉球官學教習,,京官,1
琏市司巡检,巡檢,縣首領,1
瑞林寨巡检,巡檢,縣首領,1
瑞林巡檢,巡檢,縣首領,1
理苗通判駐龍勝州,通判,府佐貳,1
理苗州同駐大？？,州同,州佐貳,1
理苗同知驻长寨,同知,府佐貳,1
理問兼糧道庫大使事,,省級,1
理兩岺口上巡檢,巡檢,縣首領,1
理同兼仓粮？？大使事,,unknown,1
理同兼倉糧？？大使事,,unknown,1
理問借補州同,州同,州佐貳,1
理問兼管粮道庫大使事,,省級,1
理問兼管糧道庫大使事,,省級,1
理問兼粮道大使事,,省級,1
理問兼糧道庫,,省級,1
理土督？同知,同知,府佐貳,1
理苗同知驻德胜镇,同知,府佐貳,1
理廣粮捕通判,糧捕通判,府佐貳,1
理治儀正,,武職,1
理王督捕同知,同知,府佐貳,1
理瑤同知駐劄江藍,同知,府佐貳,1
理税粮饷通判,通判,府佐貳,1
理糧同知,同知,府佐貳,1
理苗同知駐？？,同知,府佐貳,1
理苗同知驻剳百色,同知,府佐貳,1
璉市巡檢,巡檢,縣首領,1
瓜州巡檢,巡檢,縣首領,1
白沙湾巡检,巡檢,縣首領,1
瓜州鎭巡檢,巡檢,縣首領,1
甲馬營巡檢,,武職,1
申水理事同知,理事同知,府佐貳,1
界碑司巡检,巡檢,縣首領,1
界碑巡檢,巡檢,縣首領,1
界首巡检,巡檢,縣首領,1
界首巡檢,巡檢,縣首領,1
留垻驛丞兼司獄事,,雜職,1
異村巡検,,unknown,1
當慶道庫大使,,京官,1
癸未科修撰,,unknown,1
癸未科散館編修教習庶吉士,,京官,1
登寧場鹽課大使,,京官,1
白井馬馹丞,,雜職,1
白口寨巡檢,巡檢,縣首領,1
白塔河巡检,巡檢,縣首領,1
白旗堡巡检,巡檢,縣首領,1
白水司巡检,巡檢,縣首領,1
白水嶺巡檢,巡檢,縣首領,1
白水巡檢,巡檢,縣首領,1
甲子巡检,巡檢,縣首領,1
甘蔗巡檢,巡檢,縣首領,1
甘草巡检,巡檢,縣首領,1
甘泉管河租摆,,unknown,1
瓜州镇巡检,巡檢,縣首領,1
瓦亭巡检兼驿丞事,巡檢,縣首領,1
甘挑鎮馹丞兼管巡檢事,,雜職,1
甘挑镇馹丞,,雜職,1
甘挑馹丞,,雜職,1
甘桃鋪馹丞,,雜職,1
甘桃铺驿丞,,雜職,1
甘泉上官巡檢,巡檢,縣首領,1
甘泉管河租擺,,unknown,1
甘草司巡検,,unknown,1
甘肃等处地方承宣布政使司布政使,,unknown,1
甘肃等处地方提刑按察使司按察使,,unknown,1
甘肅承宣佈政使司布政使,,unknown,1
甘肅提刑按察使司按察使駐蘭州,,unknown,1
甘肅等处承宣布政使司布政使,,unknown,1
甘肅等處地方承宣佈政使司布政使,,unknown,1
甘肅等處地方承宣布政使司布政使,,unknown,1
甘肅等處提刑按察使司按察使駐蘭州,,unknown,1
相安河巡檢,巡檢,縣首領,1
省？？？？吏目,吏目,州首領,1
理事通判驻易州,通判,府佐貳,1
知縣管小海場鹽課大使事,知縣,縣正印,1
知縣管南？場鹽課事,知縣,縣正印,1
知縣管南？場鹽課大使事,知縣,縣正印,1
知縣管司獄事,知縣,縣正印,1
知縣管嚴鎮場,知縣,縣正印,1
知縣管四場塩課大使,知縣,縣正印,1
知縣管塩法道庫大使事,知縣,縣正印,1
知縣管塩課大使事,知縣,縣正印,1
知縣管墩白場鹽課事,知縣,縣正印,1
知縣管大井塩課大使事,知縣,縣正印,1
知縣管大井鹽課事,知縣,縣正印,1
知縣管大寧？？事,知縣,縣正印,1
知縣管大嵩場塩課大使,知縣,縣正印,1
知縣管大洲場？？大使事,知縣,縣正印,1
知縣管安回立井鹽課大使,知縣,縣正印,1
知縣管安豊場塩課大使事,知縣,縣正印,1
知縣管安豐井大使事,知縣,縣正印,1
知縣管安豐場塩課事,知縣,縣正印,1
知縣管安？場鹽課,知縣,縣正印,1
知縣管家盈庫大使事,知縣,縣正印,1
知縣管劉莊場鹽課大使,知縣,縣正印,1
知縣管劉莊場鹽課,知縣,縣正印,1
知縣管劉莊場塩課事,知縣,縣正印,1
知縣管三江場鹽課,知縣,縣正印,1
知縣借補復設教諭,復設教諭,教職,1
知縣借補督糧州判,州判,州佐貳,1
知縣借補訓導,訓導,教職,1
知縣借補？？場塩課大使,,京官,1
知縣改授經歷,經歷,府首領,1
知縣晉熙洪興莊場鹽課,知縣,縣正印,1
知縣白石場？？事,知縣,縣正印,1
知縣管丁溪場鹽課,知縣,縣正印,1
知縣管下沙場塩課大使事,知縣,縣正印,1
知縣管公？場塩課大使事,知縣,縣正印,1
知縣管下沙場鹽課,知縣,縣正印,1
知縣管下砂場塩課事,知縣,縣正印,1
知縣管下砂場塩課大使,知縣,縣正印,1
知縣管下砂場塩課大使事,知縣,縣正印,1
知縣管中正場塩課事,知縣,縣正印,1
知縣管中正所鹽課,知縣,縣正印,1
知縣管何榮場塩課事,知縣,縣正印,1
知縣管信陽場塩課大使,知縣,縣正印,1
知縣管富？場鹽課大使,知縣,縣正印,1
知縣管小靖場塩課大使事,知縣,縣正印,1
知縣借補巨盈庫大使,,京官,1
知縣管小？塲塩課大使事,知縣,縣正印,1
知縣管新興場塩課事,知縣,縣正印,1
知縣管昌庫大使事,知縣,縣正印,1
知縣管曹娥場鹽課,知縣,縣正印,1
知縣管杜淸場塩課大使事,知縣,縣正印,1
知縣管杜清場塩課大使,知縣,縣正印,1
知縣管杜瀆場塩課大使事,知縣,縣正印,1
知縣管杜瀆場鹽課大使事,知縣,縣正印,1
知縣管杜？場鹽課,知縣,縣正印,1
知縣管杭州提驗所大使事,知縣,縣正印,1
知縣管東江場,知縣,縣正印,1
知縣管東江場塩課事,知縣,縣正印,1
知縣管東界場塩課大使事,知縣,縣正印,1
知縣管東臺場塩課大使事,知縣,縣正印,1
知縣管東莞場塩課大使事,知縣,縣正印,1
知縣管東？場,知縣,縣正印,1
知縣管東？場塩課大使,知縣,縣正印,1
知縣管東？場鹽課,知縣,縣正印,1
知縣管板浦場鹽課,知縣,縣正印,1
知縣管水師營倉事,,武職,1
知縣管提驗所事,知縣,縣正印,1
知縣管按板井鹽課大使事,知縣,縣正印,1
知縣管按板井鹽課,知縣,縣正印,1
知縣管廣清庫大使事,知縣,縣正印,1
知縣管尤家？？議課事,知縣,縣正印,1
知縣管崇明巡塩大使,知縣,縣正印,1
知縣管常安場塩課事,知縣,縣正印,1
知縣管康家渡塩課事,知縣,縣正印,1
知縣管康家渡鹽課,知縣,縣正印,1
知縣管廟溝鹽課,知縣,縣正印,1
知縣管廣備庫大使,知縣,縣正印,1
知縣管廣江井鹽課事,知縣,縣正印,1
知縣管廣盈庫大使,知縣,縣正印,1
知縣管按板井塩課大使事,知縣,縣正印,1
知縣管廣豊庫大使,知縣,縣正印,1
知縣管廣豐庫大使,知縣,縣正印,1
知縣管廣？庫大使事,知縣,縣正印,1
知縣管彌沙井塩課大使事,知縣,縣正印,1
知縣管彌沙井鹽課大使事,知縣,縣正印,1
知縣管彝？場塩課大使事,知縣,縣正印,1
知縣管復隆井塩大使事,知縣,縣正印,1
知縣管復隆井鹽大使事,知縣,縣正印,1
知縣借補復設敎諭,復設教諭,教職,1
知白塲塩課大使,,京官,1
睢南河務同知,同知,府佐貳,1
知县军功,知縣,縣正印,1
督理管勾廰,,unknown,1
督理蘇松常鎮太粮儲道分巡蘇州府巡視河漕等處地方,,省級,1
督理通判駐劄沙市,通判,府佐貳,1
督理通判驻扎沙市,通判,府佐貳,1
督粮州判移駐南甸,州判,州佐貳,1
督粮盗捕通判,通判,府佐貳,1
督糧江西驛傳鹽法道兼巡瑞袁臨等處,,省級,1
督糧道？？庫大使,,省級,1
督糧？庫大使兼管？？？？,,京官,1
督顏總捕通判,通判,府佐貳,1
督？口通判,通判,府佐貳,1
督？同知駐桃園？,同知,府佐貳,1
督？水利同知,水利同知,府佐貳,1
督？總？通判,通判,府佐貳,1
瞕州鎮巡檢,巡檢,縣首領,1
知事兼管織造織染局,,省級,1
知事兼？染局,知事,府首領,1
知事兼？？？,知事,府首領,1
知事移駐昭通？,知事,府首領,1
督理湖北全省鹽法道分守武昌,,省級,1
督理湖北全省驛傳塩法道,,unknown,1
督理浙江沿海钞关,,unknown,1
督撲水利同知駐沙洋,水利同知,府佐貳,1
睢寕通判？？,通判,府佐貳,1
睢甯管河主簿,主簿,縣首領,1
督抽通判,通判,府佐貳,1
督捕同知駐桃園？,同知,府佐貳,1
督捕州判,州判,州佐貳,1
督捕水利通判,通判,府佐貳,1
督捕消水同知,同知,府佐貳,1
督捕通州駐河口,,unknown,1
督撲海防同知,同知,府佐貳,1
督理江西通省驿传盐法道兼巡瑞袁临等处地方,,省級,1
督標中軍副將兼管中营事,,武職,1
督標中軍副將軍兼管中營事,,武職,1
督理全省驛傳鹽法道,,省級,1
督理屯田管勾？,,unknown,1
督理永利通判,通判,府佐貳,1
督理江安徽寕池太廬鳯淮揚十府粮道,,省級,1
督理江安徽寕池太盧鳯淮揚十府粮道,,省級,1
督理江西通省驛傳塩法道兼巡瑞袁臨等處地方,,unknown,1
知事管？濟庫大使事,知事,府首領,1
知县改授教务,,unknown,1
知府銜軍捕水利同知駐浙川,水利同知,府佐貳,1
知县教授教谕,教授,教職,1
知县？功,知縣,縣正印,1
知县？？税课大使事,知縣,縣正印,1
知县？？？县丞事,知縣,縣正印,1
知岱職知縣,知縣,縣正印,1
知州借補知縣,知縣,縣正印,1
知州改授學正,學正,教職,1
知州改授學正複設訓導,學正,教職,1
知州管大埠理苗同知,同知,府佐貳,1
知州管學正事,知州,州正印,1
知州管新興塲塩課大使事,知州,州正印,1
知州管河道通判事駐滄州,,省級,1
知州管河道通判駐滄州,,省級,1
知州管粮捕通判事,知州,州正印,1
知州駐剳？？,知州,州正印,1
知州駐碉門,知州,州正印,1
知州驻扎？门,知州,州正印,1
知府管軍？同知,同知,府佐貳,1
知府銜總捕水利同知駐杜安集,水利同知,府佐貳,1
知府銜護理江西通省鹽法道兼管瑞袁臨等處地方,,省級,1
知县管？？？？大使事,知縣,縣正印,1
知县管？？？？,知縣,縣正印,1
知县管？？？大使事,知縣,縣正印,1
知县管牛华？盐课大使,知縣,縣正印,1
知县管中仓盐课大使,知縣,縣正印,1
知县管丰济库大使事,知縣,縣正印,1
知县管刘庄场盐课大使,知縣,縣正印,1
知县管复设训导事,知縣,縣正印,1
知县管小海场盐课大使事,知縣,縣正印,1
知县管广积库大使事,知縣,縣正印,1
知县管復隆井盐课,知縣,縣正印,1
知县管按板井盐课大使,知縣,縣正印,1
知县管理化场？？？大使,知縣,縣正印,1
知县管？盐井盐课,知縣,縣正印,1
知县管管河县丞事,知縣,縣正印,1
知县管经历兼永双仓事,知縣,縣正印,1
知县管西亭场盐课事,知縣,縣正印,1
知县管金山场盐课大使事,知縣,縣正印,1
知县管金沙场盐课大使,知縣,縣正印,1
知县管长林场盐课大使事,知縣,縣正印,1
知县管？场盐课大使事,知縣,縣正印,1
知县管？湾盐课大使事,知縣,縣正印,1
理傜同知驻长安营,,武職,1
理事通判駐？？？,通判,府佐貳,1
特授分巡海興泉永等處地方道駐劄廈門,,unknown,1
特用郎中？？？？,,京官,1
特用河塩捕同知,同知,府佐貳,1
特用河塩捕盜同知,捕盜同知,府佐貳,1
特用河糧捕同知,同知,府佐貳,1
特用浙江等处提刑按察使司按察使,,unknown,1
特用浙江等處提刑按察使司按察使,,unknown,1
特用湖南等处提刑按察使司按察使,,unknown,1
特用直隸司主事管掌㕔印,,京官,1
特用知州管知县事,知州,州正印,1
特用知州管知縣事,知州,州正印,1
特用經歷兼糧道庫大使事,,省級,1
特用經歷？？道？？大使,經歷,府首領,1
特用縣丞分防貢水,縣丞,縣佐貳,1
特用翰林改授知县,知縣,縣正印,1
特用苏州白粮帮领运千总,,unknown,1
特用蘇州白粮幫領運千總,,武職,1
特用襄阳卫掌印守备,,unknown,1
特用襄陽衛掌印守備,,武職,1
特用貴州司額外主事管掌㕔事,,京官,1
特用貴州司額外主事管掌廳事,,京官,1
特用政府,,unknown,1
特用揚州衛掌印守備,,武職,1
特用扬州卫掌印守备,,unknown,1
特用州判,州判,州佐貳,1
特用分守西乾鄜等處督粮道,,省級,1
特用分守西延汉乾等处地方督粮道,,省級,1
特用分巡左江道驻剳南宁府,,unknown,1
特用分巡广东南韶连等处地方道,,unknown,1
特用刑部額外主事管掌廰事,,京官,1
特用副指挥,,unknown,1
特用員外郎,,京官,1
特用奉天司額外主事管掌廳事,,京官,1
特用州同管副指挥,州同,州佐貳,1
特用德州衛掌印守備,,武職,1
特用州同管副指挥事,州同,州佐貳,1
特用州同管副指揮,州同,州佐貳,1
特用州同關仁和場塩課事,州同,州佐貳,1
特用州同駐花馬池,州同,州佐貳,1
特用府丞提督学政加四级军功,,省級,1
特用府丞提督學政加四級軍功,,省級,1
特用廣東司主事管掌廰印,,京官,1
特用德州卫掌印守备,,unknown,1
特用郎中加太僕寺少卿衔,,京官,1
特用陕西司主事管掌厅印,,京官,1
特校學印員外郎,,京官,1
特用領運千總,,武職,1
特简知县管白石谷井盐课大使事,知縣,縣正印,1
特简知县管？长场盐课大使事,知縣,縣正印,1
特简知县管？？？大使事,知縣,縣正印,1
特简知县管？？？盐课大使,知縣,縣正印,1
特简知县管？？？盐课大使事,知縣,縣正印,1
特简知县管？？？？大使事,知縣,縣正印,1
特简知县？？东场盐课大使事,知縣,縣正印,1
特简知县？？？场盐课大使事,知縣,縣正印,1
特简知县？？？大使事,知縣,縣正印,1
特简知县？？？批验所大使,知縣,縣正印,1
特简知县？？？？？事,知縣,縣正印,1
特简知？？？场盐课大使事,,京官,1
特简知？？？大使事,,京官,1
特简知？？？？大使事,,京官,1
特简管广济库大使事,,unknown,1
特简管？？？？？大使事,,unknown,1
特简翰林改授知县,知縣,縣正印,1
特简翰林改授知府,知府,府正印,1
特简荆州右卫守备,,unknown,1
特简知县管理？？？大使,知縣,縣正印,1
特简知县管三？场？？大使事,知縣,縣正印,1
特简知县代管？？？大使事,知縣,縣正印,1
特简州县管广？库大使事,,unknown,1
特用額外主事,,京官,1
特用领运千总,,unknown,1
特用？？管知？事,,unknown,1
特简军捕同知,同知,府佐貳,1
特简分守冀宁道管理驿传事务辖太汾潞泽四府辽沁二州,,unknown,1
特简分巡南汝道驻扎信阳州兼管水利事务,,unknown,1
特简分巡吉南赣等处地方道驻扎赣州府,,unknown,1
特简安丰井盐课大使,,京官,1
特简州同管丽江井盐课大使事,州同,州佐貳,1
特简盐课？？？？库大使,,京官,1
特简州同管巨盈库大使,州同,州佐貳,1
特简州同管广盈库大使事,州同,州佐貳,1
特简巨流河巡检,巡檢,縣首領,1
特简布政司库大使,,省級,1
特简庐州卫掌印守备,,unknown,1
特简御史关知府事,知府,府正印,1
特简杭州卫掌印守备,,unknown,1
特简松江批验大使,,京官,1
特用分守衡永郴桂等处地方道驻扎衡州府,,unknown,1
特旨分巡霸昌道兼理屯田馹傳粮餉駐昌平州,,unknown,1
特简走通管白盐井大使事,,unknown,1
特授督理貴州淸軍粮驛道兼轄分巡貴陽等處地方事務,,unknown,1
特授整飭江南通省驛傳鹽法道兼管江寧巡道事務,,省級,1
特授整饬江南通省驿传盐法道兼管江宁巡道事务,,省級,1
特授沧州分司运判,,unknown,1
特授泗州卫掌印守备,,unknown,1
特授泗州衛掌印守備,,武職,1
特授泰州分司運判,,unknown,1
特授海州分司塩運判,,unknown,1
特授海州分司鹽運判,,unknown,1
特授淮安分司盐运判,,unknown,1
特授淮安分司鹽運判,,unknown,1
特授淮？？？鹽？同知,同知,府佐貳,1
特授湖南等处承宣布政使司布政使,,unknown,1
特授湖南等處承宣佈政使司布政使,,unknown,1
特授湖南等處承宣布政使司布政使,,unknown,1
特授盈庫大使,,京官,1
特授直隶永定等处地方河道驻？固安,,省級,1
特授直隸同知,同知,府佐貳,1
特授督理湖北全省驛傳鹽法道,,省級,1
特授督理湖北全省驿传盐法道,,省級,1
特授整飭江南通省驛傳塩法道兼管江寕巡道事務,,unknown,1
特授总理福建通省粮储驿传道兼辖分巡福州等处地方,,unknown,1
特授廣濟庫大使,,京官,1
特授州判管濟用庫大使事,州判,州佐貳,1
特授分巡湖南辰沅永靖等处地方兵备道,,unknown,1
特授分巡霸昌道兼理屯田馹傅粮餉事務駐劄昌平州,,unknown,1
特授同？？？？通判,通判,府佐貳,1
特授大埠头理苗州同,州同,州佐貳,1
特授太仓卫掌印官,,unknown,1
特授太倉衛掌印官,,unknown,1
特授安庆为守备,,unknown,1
特授安慶衞守備,,武職,1
特授州判？？？？？,州判,州佐貳,1
特授广东等处都转盐运使司盐运使,,unknown,1
特授州同管解鹽大使事,州同,州佐貳,1
特授州同管豐清庫大使事,州同,州佐貳,1
特授州同管？？？大使事,州同,州佐貳,1
特授州同駐三望,州同,州佐貳,1
特授州同？補副指揮,州同,州佐貳,1
特授布政使廣盈庫大使,,京官,1
特授布政司廣積庫大使,,省級,1
特授布政司廣？庫大使,,省級,1
特授督理湖南驿丞盐法道兼辖长宝二府等处地方,,省級,1
特授督理貴州清軍粮驛道兼轄分巡貴陽等處地方事務,,unknown,1
特授？？？？州判,州判,州佐貳,1
特授督理贵州清军粮驿道兼辖分巡贵阳等处地方事务,,unknown,1
特授福建等處鹽法道兼理福廠船工事務,,省級,1
特授綏通猺務州判,州判,州佐貳,1
特授綏遠猺務州判,州判,州佐貳,1
特授總理福建通省粮儲驛傳道兼轄分巡福州等處地方,,省級,1
特授翰林院侍郎管？？事,,京官,1
特授荆州卫掌印守备,,unknown,1
特授荆州衛掌印守備,,武職,1
特授藍翎侍衛,,武職,1
特授豐增庫大使,,京官,1
特授鎮江衛掌印守備,,武職,1
特授镇江卫掌印守备,,unknown,1
特授長淮衛掌印守備,,武職,1
特授長盧都轄鹽運使司運使加敕管鹽法道事,,省級,1
特授长卢都辖盐运使司运使加敕管盐法道事,,省級,1
特授长淮卫掌印守备,,unknown,1
特授院使銜管理左院判事,,unknown,1
特授額外主事,,京官,1
特授额外主事,,京官,1
特授？两淮都轉塩運使,,unknown,1
特授福建等處塩法道兼理福廠船工事務,,unknown,1
特授福建等处盐法道兼理福厂船工事务,,省級,1
特授福建等处提刑按察使司按察使,,unknown,1
特授知縣管東臺場塩課事,知縣,縣正印,1
特授知县管东？场大使事,知縣,縣正印,1
特授知县管批验所大使,知縣,縣正印,1
特授知县管？？？？大使事,知縣,縣正印,1
特授知府？帶,知府,府正印,1
特授知府？？,知府,府正印,1
特授知縣管廣積庫大使事,知縣,縣正印,1
特授知縣管批驗所大使,知縣,縣正印,1
特授知縣管批驗所大使事,知縣,縣正印,1
特授知縣管東？場大使事,知縣,縣正印,1
特授知？官副指揮事,,京官,1
特授知縣管永嘉場塩課大使事,知縣,縣正印,1
特授知縣管浦？場鹽課,知縣,縣正印,1
特授知縣管穿長場塩課事,知縣,縣正印,1
特授知縣管穿長場鹽課大使事,知縣,縣正印,1
特授知縣管解塩？屯大使,知縣,縣正印,1
特授知縣管解鹽大使事,知縣,縣正印,1
特授知縣管？？塲塩課大使事,知縣,縣正印,1
特授知縣管？？？？大使事,知縣,縣正印,1
特简西？州同,州同,州佐貳,1
特简镇守福建汀延邵等处地方总兵官,,unknown,1
理事通判駐？？,通判,府佐貳,1
獅嶺巡檢,巡檢,縣首領,1
特调知县管？？库大使事,知縣,縣正印,1
特？知县,知縣,縣正印,1
特？知州,知州,州正印,1
特？鹽撲？？？,,unknown,1
特？鹽運使司運同,,unknown,1
特？？？？？事,,unknown,1
牺牲所所牧,,unknown,1
犧牲所所牧,,unknown,1
狄木鎮巡檢,巡檢,縣首領,1
狄木镇巡检,巡檢,縣首領,1
狄水巡檢,巡檢,縣首領,1
狄水鎭巡檢,巡檢,縣首領,1
独流镇巡检,巡檢,縣首領,1
狮岭司巡检,巡檢,縣首領,1
猛統巡檢,巡檢,縣首領,1
猛綂司巡檢,巡檢,縣首領,1
猛緬司巡検,,unknown,1
猛緬巡檢,巡檢,縣首領,1
猛统司巡检,巡檢,縣首領,1
特调头帮领运千总,,unknown,1
特调嘉兴卫守备,,unknown,1
特调分巡广饶九南等处地方道驻扎饶州府,,unknown,1
特設德昌所巡檢,巡檢,縣首領,1
特簡？？,,unknown,1
特簡？？倉場鹽課大使,,京官,1
特簡？？場鹽課大使,,京官,1
特簡？？大使事,,京官,1
特簡？？明巡？？？,,unknown,1
特納格爾巡檢,巡檢,縣首領,1
特補知府,知府,府正印,1
特補雲安厰塩課大使,,京官,1
特調,,unknown,1
特设知縣,知縣,縣正印,1
特調分巡廣饒九南等處地方道駐劄饒州府,,unknown,1
特調嘉興衛守備,,武職,1
特調四幫領運千總,,武職,1
特調掌印郎中,,京官,1
特調知縣管廣盈庫大使事,知縣,縣正印,1
特調頭幫領運千總,,武職,1
特设分巡右江道驻剳柳州府,,unknown,1
特设知府,知府,府正印,1
猛缅司巡检,巡檢,縣首領,1
玉山巡検,,unknown,1
特簡？捕同知,同知,府佐貳,1
玉环司巡检,巡檢,縣首領,1
班劔司掌司事滿雲麾使,,武職,1
班？司掌司事滿雲麾使,,武職,1
現在管？場鹽課大使事,,unknown,1
琅井塩提舉司提舉,,unknown,1
理上？同知駐明江,同知,府佐貳,1
理事同知兼管大使事,同知,府佐貳,1
理事同知移駐百色,同知,府佐貳,1
理事同知馹古北口,同知,府佐貳,1
理事同知駐荆口市,同知,府佐貳,1
理事同知駐豊鎭,同知,府佐貳,1
理事同知驻？镇,同知,府佐貳,1
理事同？,,unknown,1
理事官兼佐領,,武職,1
理事官监辦庫務,,unknown,1
理事粮捕通判,通判,府佐貳,1
理事粮馬通判駐通州,通判,府佐貳,1
理事糧馬通判駐劄通州,通判,府佐貳,1
理事通判駐劄？州,通判,府佐貳,1
理事通判駐熊岳,通判,府佐貳,1
班剑司掌司事满云麾使,,unknown,1
珠？閘閘官,,雜職,1
珠？潭巡檢,巡檢,縣首領,1
王家莊巡檢,巡檢,縣首領,1
玉環司巡検,,unknown,1
玉環巡檢,巡檢,縣首領,1
玉環清軍糧捕同知,同知,府佐貳,1
王千寨巡检,巡檢,縣首領,1
王千鎭巡検,,unknown,1
王家岡場鹽課大使,,京官,1
王家庄堡巡检,巡檢,縣首領,1
王家莊堡巡檢,巡檢,縣首領,1
王家？？粮课大使事,,京官,1
珠？司巡檢,巡檢,縣首領,1
王平口巡检,巡檢,縣首領,1
王平口巡検,,unknown,1
王村州巡检,巡檢,縣首領,1
王村巡檢,巡檢,縣首領,1
王環淸軍總捕同知,同知,府佐貳,1
珍饌署署正,,京官,1
珠场司巡检,巡檢,縣首領,1
珠場巡檢,巡檢,縣首領,1
特簡？洪廣壯塲鹽課大使,,京官,1
特簡？,,unknown,1
特简长盈库大使,,京官,1
特簡理？？？？？？,,unknown,1
特簡州同管善？桑二場大使事,州同,州佐貳,1
特簡州同管登寧場塩課事,州同,州佐貳,1
特簡州同管白塩井大使事,州同,州佐貳,1
特簡州同管盛家池塩課大使事,州同,州佐貳,1
特簡州同管靑村場塩課大使事,州同,州佐貳,1
特簡州同管青村場塩課事,州同,州佐貳,1
特簡州同管麗江井鹽課大使事,州同,州佐貳,1
特簡州同管黃灣場塩課事,州同,州佐貳,1
特簡州同管黄灣場塩課事,州同,州佐貳,1
特簡布政司鹽庫大使,,省級,1
特簡布政巨盈庫大使,,京官,1
特簡廣盈庫大使,,京官,1
特簡廣？庫大使,,京官,1
特簡廬州衛掌印守備,,武職,1
特簡御史管知府事,,京官,1
特簡恒裕庫大使,,京官,1
特簡杭州衛掌印守備,,武職,1
特簡東觀場塩課大使,,京官,1
特簡浦東場塩課大使,,京官,1
特簡州判管？？場塩課事,州判,州佐貳,1
特簡崇明巡塩課大使,,京官,1
特簡崇明巡塩大使,,京官,1
特簡分巡吉南贛等處地方道駐贛州府,,unknown,1
特简？？明巡？？？,,unknown,1
特简？？？？盐课大使,,京官,1
特簡分巡兵備道辖安徽寕池太五府廣德州等處地方駐劄蕪湖縣,,unknown,1
特簡分巡兵备道辖安徽宁池太五府广德州等处地方驻扎芜湖县,,unknown,1
特簡分巡南汝道駐剳信陽州兼管水利事務,,unknown,1
特簡分巡南汝道駐劄信陽州兼管水利事務,,unknown,1
特簡分巡吉南贛等處地方兵備道駐劄贛州府,,unknown,1
特簡分巡吉南贛等處地方道駐劄贛州府,,unknown,1
特簡分巡廣東南韶連等處地方兵備道,,unknown,1
特簡塩塲管廣濟庫兼辦南昌銭局,,unknown,1
特簡分巡廣東南韶連等處地方道,,unknown,1
特簡分巡廣饒九南等處地方兵備道駐劄饒州府,,unknown,1
特簡分巡廣饒九南等處道駐剳饒州府,,unknown,1
特簡分巡杭嘉湖兵備道兼管海防事務,,unknown,1
特簡分巡浙江杭嘉湖道兼管海防事務,,unknown,1
特簡分巡迤东道管辖云武临澂广元开东蒙镇普等处地方,,unknown,1
特簡分巡迤南兵備道轄普鎮元臨四府駐普洱府,,unknown,1
特簡分巡迤東道管轄雲武臨澂廣元開東蒙鎮普等處地方,,unknown,1
特簡海防州同駐茜涇,州同,州佐貳,1
特簡白石谷井塩課大使,,京官,1
特簡雲安廠塩課大使,,京官,1
特簡知縣嚴鎮場塩課事,知縣,縣正印,1
特簡知縣？？東場鹽課大使事,知縣,縣正印,1
特簡知縣？？？批驗所大使,知縣,縣正印,1
特簡知縣？？？？？事,知縣,縣正印,1
特簡知？？？場鹽課大使事,,京官,1
特簡石堰場塩課大使,,京官,1
特簡石堰場鹽課大使,,京官,1
特簡管廣濟庫大使事,,unknown,1
特簡管解塩東場大使事,,unknown,1
特簡管解鹽東場大使事,,unknown,1
特簡管？？？大使事,,unknown,1
特簡荆州右衛守備,,武職,1
特簡葫蘆溪場塩課大使,,京官,1
特簡葫？？鹽課,,unknown,1
特簡解塩中倉場塩課大使,,京官,1
特簡豐濟庫大使,,京官,1
特簡豐瞻庫大使,,京官,1
特簡豐？庫大使,,京官,1
特簡軍糧同知,同知,府佐貳,1
特簡鎮守汀延邵等處地方總兵官,,武職,1
特簡知縣管？？？？大使事,知縣,縣正印,1
特簡知縣管鹽庫大使事,知縣,縣正印,1
特簡知縣管蘆？場鹽課事,知縣,縣正印,1
特簡知縣管永盈庫大使事,知縣,縣正印,1
特簡知縣管二江場塩課事,知縣,縣正印,1
特簡知縣管塩課場大使事,知縣,縣正印,1
特簡知縣管大井鹽課大使事,知縣,縣正印,1
特簡知縣管安豊井大使事,知縣,縣正印,1
特簡知縣管廣積庫大使事,知縣,縣正印,1
特簡知縣管杜瀆場塩課事,知縣,縣正印,1
特簡知縣管杜瀆場鹽課大使事,知縣,縣正印,1
特簡知縣管東？場鹽課,知縣,縣正印,1
特簡知縣管河口場塩課事,知縣,縣正印,1
特簡知縣管蘆？場塩課事,知縣,縣正印,1
特簡知縣管浦東場塩課事,知縣,縣正印,1
特簡知縣管海豐場塩課事,知縣,縣正印,1
特簡知縣管牛華溪塩課大使,知縣,縣正印,1
特簡知縣管牛華溪鹽課大使,知縣,縣正印,1
特簡知縣管玉泉場塩課事,知縣,縣正印,1
特簡知縣管玉泉場鹽課事,知縣,縣正印,1
特簡知縣管理？？？大使,知縣,縣正印,1
特簡知縣管穿長場鹽課大使事,知縣,縣正印,1
欽差？清河？裕倉監督太常寺讀祝官,,京官,1
欽差高？倉監督理藩院員外郎,,京官,1
欽差通州大運西倉監督工部郎中,,京官,1
新坪巡檢,巡檢,縣首領,1
文淵閣校理翰林院侍講廣東富考官,,京官,1
文淵閣校理翰林院侍講貴州正主考,,京官,1
文淵閣校理翰林院侍讀,,京官,1
文淵閣校理？？？監察禦史仍？翰林院？,,京官,1
文淵閣校里翰林院侍講學士廣西學政,,省級,1
文淵閣校里翰林院侍讀,,京官,1
文淵閣？理,,unknown,1
文淵閣？？詹事府少詹事兼翰林院侍讀學士,,京官,1
文？閣檢閱,,unknown,1
斐家园巡检,巡檢,縣首領,1
斐家園巡檢,巡檢,縣首領,1
斐家巡檢,巡檢,縣首領,1
斐家閘巡檢,巡檢,縣首領,1
斗六門巡檢移駐大武壠,巡檢,縣首領,1
斗六門巡檢移駐大武？,巡檢,縣首領,1
斗門鎮主簿,主簿,縣首領,1
斧鉞司掌印滿雲麾使,,武職,1
斧钺司掌印满云麾使,,unknown,1
新发巡检,巡檢,縣首領,1
文淵閣校理給事中,,京官,1
文淵閣校理散館檢討,,京官,1
文淵閣校理敎習庶吉士,,京官,1
整饬甘肃等处地方抚治番？兼管肃镇屯田事务驻扎肃州,,unknown,1
整飭甘肅等處地方撫治番彜兼管肅鎮屯田事務兵備道,,unknown,1
整飭甘肅等處地方撫治番彝兼管肅鎮屯田事務駐劄肅州,,unknown,1
整饬临洮道屯田茶马水利事,,省級,1
整饬分巡口外热河等处地方兵备道,,unknown,1
整饬分巡延榆绥等处地方道,,unknown,1
整饬安西等处地方分巡兵备道总理哈密屯田粮饷事务,,unknown,1
整饬平庆等处地方驿盐兵备道驻扎固原州,,unknown,1
整饬洮岷兼辖陇石等处地方督理茶马屯田道,,省級,1
敷設教諭,教諭,教職,1
文淵閣校理掌河南道事監察禦史仍辦翰林院事,,京官,1
文德司巡检,巡檢,縣首領,1
文德巡檢,巡檢,縣首領,1
文淵閣協辦檢討侍讀事務內閣中書,,京官,1
文淵閣校理內閣侍讀,,京官,1
文淵閣校理協辦侍讀事務內閣中書,,京官,1
文淵閣校理右春坊右贊善,,京官,1
文淵閣校理司經局洗馬掌局事兼翰林院修撰,,京官,1
文淵閣校理左春坊贊善廣西學政,,省級,1
新坪司巡检,巡檢,縣首領,1
新城巡検,,unknown,1
整飭平慶等處地方驛鹽兵備道駐劄固原州,,unknown,1
新城縣巡檢,巡檢,縣首領,1
新改永庆司巡检,巡檢,縣首領,1
新改永慶司巡檢,巡檢,縣首領,1
新改海口巡検,,unknown,1
新改港口巡檢,巡檢,縣首領,1
新改石橋巡檢,巡檢,縣首領,1
新改石橋鎮巡檢,巡檢,縣首領,1
新改船溪巡檢,巡檢,縣首領,1
新改里由鋪巡檢,巡檢,縣首領,1
新改馬底巡檢,巡檢,縣首領,1
新改駐迪化城巡檢,巡檢,縣首領,1
新改高村司巡檢,巡檢,縣首領,1
新改黃陂站巡檢,巡檢,縣首領,1
新改黄厥站巡検,,unknown,1
新改黑田鎭巡検,,unknown,1
新改黑由鋪巡檢,巡檢,縣首領,1
新橋巡検,,unknown,1
新民屯巡檢,巡檢,縣首領,1
新泾司巡检,巡檢,縣首領,1
新泾河巡検,,unknown,1
新改橋頭巡檢,巡檢,縣首領,1
新改岱岳鎮巡檢,巡檢,縣首領,1
新改山坡巡檢,巡檢,縣首領,1
新店閘官,,雜職,1
新城镇巡检,巡檢,縣首領,1
新多伦？补设理事同知,理事同知,府佐貳,1
新安卫守备,,unknown,1
新安孱陵巡檢,巡檢,縣首領,1
新安巡検,,unknown,1
新安衛守備,,武職,1
新市司巡检,巡檢,縣首領,1
新市巡检,巡檢,縣首領,1
新店闸官,,雜職,1
新改孱陵鎮巡檢,巡檢,縣首領,1
新店驿丞,,雜職,1
新彭家鎮巡檢,巡檢,縣首領,1
新抚巡检,巡檢,縣首領,1
新改亭前鎮巡檢兼管馹丞事,巡檢,縣首領,1
新改呂堰巡檢,巡檢,縣首領,1
新改呂堰鎮巡檢,巡檢,縣首領,1
新改大荊巡檢,巡檢,縣首領,1
新改大荊鎮巡檢,巡檢,縣首領,1
整飭江南鹽法道分巡江寧兼管水利事務,,省級,1
整飭巴里坤分巡鎮迪糧務兵務道兼？哈齊？？鳥魯木齊木？等處事務,,unknown,1
新港巡检,巡檢,縣首領,1
擎蓋司掌印滿雲麾使,,武職,1
提舉管正指揮事,,unknown,1
揖捕同知駐銅鼓營,,武職,1
揚武巡檢,巡檢,縣首領,1
撫康巡檢,巡檢,縣首領,1
撫民同州駐劄貴德,,unknown,1
撫民通判駐漢陰？治,通判,府佐貳,1
撫民通判駐漢陰？？,通判,府佐貳,1
撫番同知駐劄貴德,同知,府佐貳,1
撫？同知,同知,府佐貳,1
播阳司巡检,巡檢,縣首領,1
播陽司？？,,unknown,1
播陽巡檢,巡檢,縣首領,1
播？？巡檢,巡檢,縣首領,1
撲盜同知駐？？？,同知,府佐貳,1
撲盜通判,通判,府佐貳,1
撲盜通判駐？？？？？,通判,府佐貳,1
擎盖司掌印满云麾使,,unknown,1
擎葢司掌印滿雲麾使,,武職,1
擎葢司掌印滿雲麾使世襲輕車都尉,,武職,1
提督？？省等處地方軍務節制各鎮總兵官駐剳古北口,,武職,1
提督雲南軍務總兵官,,武職,1
提督雲南學政戶部貴州司主事,,省級,1
提督福建全省陸路等處地方總兵官,,武職,1
提督直隸省等處地方軍務節制各鎮總兵官駐剳古北口,,武職,1
提督直隸通省等處地方軍務節制各鎭總兵官駐劄古北口,,武職,1
提督福建全省水师军务统辖澎台水师总兵官,,unknown,1
提督福建全省水師軍務統轄彭態水師總兵官,,武職,1
提督福建全省水師軍務統轄彭臺水師總兵官二等海澄公,,武職,1
提督福建全省水師軍務統辖澎䑓水師總兵官,,武職,1
提督福建全省水師軍務統辖澎臺水師總兵官,,武職,1
提督福建全省陆路等处地方总兵官,,unknown,1
提督福建全省陸路等處地方軍務節制各總兵官駐剳泉州府,,武職,1
提督陝西西安地方總兵官,,武職,1
提督福建全省陸路等處地方軍務節制各鎮總兵官分駐劄泉州府,,武職,1
提督福建全省陸？等處地方軍務節制各鎭總兵官駐劄泉州府,,武職,1
提督貴州軍務轄漢土官兵控制苗彝總兵官,,武職,1
提督贵州全省军务管辖汉土官兵控制苗彜总兵官,,unknown,1
提督銜鎭守馬蘭関等處地方總兵官兼管内務府總管事務,,武職,1
提督銜？甘肅肅州等處地方掛印總兵官,,武職,1
提督陕西固原等处地方总兵官,,unknown,1
提督陝甘學政翰林院侍讀學士,,省級,1
擎蓋司掌印满雲麾使,,武職,1
收納倉大使,,京官,1
整飭安西等處地方分巡兵備道總理哈密屯田糧餉事務,,unknown,1
改授南槎巡検,,unknown,1
教授管複設教諭事,教授,教職,1
教授管訓導事,教授,教職,1
教授？复设教谕事,復設教諭,教職,1
教論,,unknown,1
教諭借補訓導,訓導,教職,1
教諭兼？居學,教諭,教職,1
教諭管典史事,教諭,教職,1
教諭管復設訓導,復設訓導,教職,1
教諭管復設訓檢事,教諭,教職,1
教諭管調？？,教諭,教職,1
教諭管长訓導事,教諭,教職,1
教諭？訓導事,教諭,教職,1
教谕兼安居学,教諭,教職,1
教谕训导管事,教諭,教職,1
教？管訓導事,,unknown,1
散木場塩課大使事,,京官,1
散治儀正,,武職,1
整飭分巡口外熱河兵備道,,unknown,1
整飭分巡延榆綏等處地方兵備道駐榆林府,,unknown,1
教授管復设训导事,教授,教職,1
教授管學政事,,省級,1
教授管学政事,,省級,1
敇命總理直省山東等處塩法都轉塩運使司兼塩法道運使,,unknown,1
改設新店巡檢,巡檢,縣首領,1
改設梁園巡檢,巡檢,縣首領,1
改設樑園巡檢,巡檢,縣首領,1
改設縣丞,縣丞,縣佐貳,1
故交巡檢,巡檢,縣首領,1
故交村巡检,巡檢,縣首領,1
故交村巡検,,unknown,1
故城巡檢,巡檢,縣首領,1
敎喻改授訓導,訓導,教職,1
敖城巡檢,巡檢,縣首領,1
敎喻管訓導事,,unknown,1
敎授管學正事,教授,教職,1
敎授管復設敎諭事,教授,教職,1
敎授管敎喻事,教授,教職,1
敎諭管複設訓導事,教諭,教職,1
敕命總理直省山東等處鹽法都轉鹽運使司運使兼鹽法道,,省級,1
敖城司巡检,巡檢,縣首領,1
敖城司巡檢,巡檢,縣首領,1
新涇巡檢,巡檢,縣首領,1
新港巡檢駐東來營,,武職,1
提督直隸全省軍務節制各鎮總兵官駐剳古北口,,武職,1
新设鎮羗巡检兼驿丞事,巡檢,縣首領,1
新设喜峰口巡检,巡檢,縣首領,1
新设垛庄巡检,巡檢,縣首領,1
新设太平桥巡检,巡檢,縣首領,1
新设宁古塔巡检,巡檢,縣首領,1
新设宁远厅巡检,巡檢,縣首領,1
新设宁远通判,通判,府佐貳,1
新设安远？？？厅大使,,京官,1
新设岱岳镇巡检,巡檢,縣首領,1
新设拦车镇巡检,巡檢,縣首領,1
新设捕樊广等处管制总兵官镇守泰宁陵镇统辖易州紫荆马水沿河,,unknown,1
新设新城镇巡检,巡檢,縣首領,1
新设新桥巡检,巡檢,縣首領,1
新设渠宁巡检兼驿丞事,巡檢,縣首領,1
新设白土巡检,巡檢,縣首領,1
新设白都诺巡检,巡檢,縣首領,1
新设粮？通判？？？,通判,府佐貳,1
新设粮？？？大使事,,京官,1
新设羊旸塘巡检,巡檢,縣首領,1
新设苦水巡检兼驿丞事,巡檢,縣首領,1
新设吏目管减河李村巡检事,吏目,州首領,1
新设县丞兼管？？？分驻五堡,縣丞,縣佐貳,1
新设分防同知驻劄中甸,同知,府佐貳,1
新設黄茅司巡檢,巡檢,縣首領,1
新設鎮守駐劄巴里坤等處地方總兵官,,武職,1
新設鎮羗巡檢,巡檢,縣首領,1
新設雷瓊道運大使,,京官,1
新設駐水壘經歷,經歷,府首領,1
新設鳳凰經歴,,unknown,1
新設黃茅巡檢,巡檢,縣首領,1
新設黃茅馹巡檢,巡檢,縣首領,1
新設黄瑯巡検,,unknown,1
新設黄茅馹巡檢,巡檢,縣首領,1
新设分巡归绥兵备道总理旗民蒙古事务,,unknown,1
新設黄茅驛巡檢,巡檢,縣首領,1
新設黄螂巡検,,unknown,1
新設黄螂所巡検,,unknown,1
新設黄螂所巡檢,巡檢,縣首領,1
新設龍潭巡檢,巡檢,縣首領,1
新設？易所巡檢,巡檢,縣首領,1
新设义门巡检,巡檢,縣首領,1
新设全旺司巡检,巡檢,縣首領,1
新设赊旗店巡检,巡檢,縣首領,1
新设镇守广西右江隆思上等处地方辖汉土官兵总兵官,,unknown,1
新設苦水巡檢,巡檢,縣首領,1
新设驻扎江北照磨,照磨,府首領,1
旗手衞掌所事冠軍使,,武職,1
旗手衞管司事漢治儀正,,武職,1
旛幢司掌印滿雲雲麾使,,武職,1
日講官文淵閣校理,,京官,1
日講官起居注儋事府？事兼翰林院侍讀學士提督山西學政,,省級,1
日講官起居注右春坊右中允,,京官,1
日講官起居注右春坊右庶子掌坊事兼翰林院侍講,,京官,1
日講官起居注右春坊右庻子掌坊事兼翰林院日講,,京官,1
日講官起居注司經局洗馬,,京官,1
日講官起居注司經局洗馬掌局事兼翰林院修撰,,京官,1
日講官起居注官右春坊右庶子,,京官,1
日講官起居注官右春坊右庶子掌坊事兼翰林院侍講,,京官,1
日講官起居注官少詹事兼翰林院侍講學士敎習庻吉士,,京官,1
日講官起居注官翰林院侍講學士,,京官,1
日講官起居注官翰林院侍講學士山東學政,,省級,1
日講官起居注官翰林院侍講學士湖北學政,,省級,1
日講官起居注官翰林院侍讀四川學政,,省級,1
日講官起居注官翰林院侍讀學士安徽學政,,省級,1
日講官起居注官翰林院侍讀敎習庶吉士,,京官,1
旗手衛掌司事漢治儀正,,武職,1
旗手卫闲散满治仪正,,unknown,1
旗手卫管司事汉治仪正,,unknown,1
新？巡檢,巡檢,縣首領,1
新设驻扎澎湖通判,通判,府佐貳,1
新设高家场巡检,巡檢,縣首領,1
新设黄梁都巡检,巡檢,縣首領,1
新设龙滚司巡检,巡檢,縣首領,1
新豐司巡檢,巡檢,縣首領,1
新開口巡檢,巡檢,縣首領,1
新開口鎭巡検,,unknown,1
新？場塩課大使,,京官,1
新？？？？大使,,京官,1
旗手卫掌所事冠军使,,武職,1
方家堰巡检,巡檢,縣首領,1
方家堰巡檢事,巡檢,縣首領,1
方山保巡检,巡檢,縣首領,1
方山？巡檢,巡檢,縣首領,1
於羅巡檢,巡檢,縣首領,1
施甸司巡检,巡檢,縣首領,1
施甸巡檢,巡檢,縣首領,1
旌節司掌印滿雲麾使兼佐領,,武職,1
新設鎮守泰寧陵鎮統轄易州紫荆馬水沿河捕樊廣等處管制總兵官,,武職,1
新設胖子店？？,,unknown,1
新滩镇巡检,巡檢,縣首領,1
新設小裏巡檢司,巡檢,縣首領,1
新設吏目管減河李村巡檢事,吏目,州首領,1
新設吕堰鎭巡檢,巡檢,縣首領,1
新設呼圖壁巡檢,巡檢,縣首領,1
新設呼圖璧巡檢,巡檢,縣首領,1
新設呼圖鎭巡検,,unknown,1
新設哈密司巡検,,unknown,1
新設喜峯口巡檢,巡檢,縣首領,1
新設圖？？巡檢,巡檢,縣首領,1
新設大靖巡檢,巡檢,縣首領,1
新設大靖巡檢兼管驲務,巡檢,縣首領,1
新設大？？巡検,,unknown,1
新設太平橋巡檢,巡檢,縣首領,1
新設太湖同知司獄,司獄,府首領,1
新設威遠堡巡検,,unknown,1
新設威？？巡檢,巡檢,縣首領,1
新設孱陵鎭巡検,,unknown,1
新設寕條梁巡檢,巡檢,縣首領,1
新設寜古塔巡檢,巡檢,縣首領,1
新設寧條梁巡檢,巡檢,縣首領,1
新設史家集巡検,,unknown,1
新設利國巡檢,巡檢,縣首領,1
新設六？同知駐高家渡,同知,府佐貳,1
新設主簿,主簿,縣首領,1
新灘巡檢,巡檢,縣首領,1
新灘镇巡檢,巡檢,縣首領,1
新田司巡检,巡檢,縣首領,1
新田司巡檢,巡檢,縣首領,1
新田巡檢,巡檢,縣首領,1
新興場鹽課,,unknown,1
新興場鹽課大使,,京官,1
新設三座塔巡檢,巡檢,縣首領,1
新設九谿衢城巡検,,unknown,1
新設全旺司巡檢,巡檢,縣首領,1
新設九通梁巡検,,unknown,1
新設九？？？巡檢,巡檢,縣首領,1
新設亭俞鎭巡検兼管驛丞事,,unknown,1
新設亭前鎭巡檢兼管馹丞事,巡檢,縣首領,1
新設亭前鎮巡檢,巡檢,縣首領,1
新設亭前鎮巡檢兼管馹丞事,巡檢,縣首領,1
新設伹店鎮巡檢,巡檢,縣首領,1
新設但店鎭巡検,,unknown,1
新設寧條？巡檢,巡檢,縣首領,1
新設山坡巡検,,unknown,1
新設義門巡檢,巡檢,縣首領,1
新設岱嶽鎮巡檢,巡檢,縣首領,1
新設清源？巡檢,巡檢,縣首領,1
新設湖潤寨巡検,,unknown,1
新設湖澗寨巡檢,巡檢,縣首領,1
新設王家淺巡検,,unknown,1
新設王家？巡檢,巡檢,縣首領,1
新設知縣管？？関廣盈庫大使事,知縣,縣正印,1
新設石城裏巡檢,巡檢,縣首領,1
新設石橋鎭巡檢,巡檢,縣首領,1
新設石？市巡檢,巡檢,縣首領,1
新設磐石巡檢,巡檢,縣首領,1
新設粤盈庫大使,,京官,1
新設糧？通判？？？,通判,府佐貳,1
新設綏？城巡檢,巡檢,縣首領,1
新設縣丞管火鎮,縣丞,縣佐貳,1
新設縣丞駐大巖嶺,縣丞,縣佐貳,1
新設縣丞駐安仁庄,縣丞,縣佐貳,1
新設縣丞駐歸德所,縣丞,縣佐貳,1
新設縣丞駐西火鎮,縣丞,縣佐貳,1
新設縣丞駐象牙莊,縣丞,縣佐貳,1
新設淮南儀所監摯同知,同知,府佐貳,1
新設淮南儀所監制同知,同知,府佐貳,1
新設淮北鹽摯同知,同知,府佐貳,1
新設板場鎮巡檢駐山陽？,巡檢,縣首領,1
新設峒？司巡檢,巡檢,縣首領,1
新設建昌管巡檢,巡檢,縣首領,1
新設建陽鎭巡檢,巡檢,縣首領,1
新設惠寕城巡検,,unknown,1
新設惠寕城巡檢,巡檢,縣首領,1
新設教諭,教諭,教職,1
新設新橋巡檢,巡檢,縣首領,1
新設昌營巡檢,,武職,1
新設梁園巡検,,unknown,1
新設淮北監制同知,同知,府佐貳,1
新設梁園巡檢,巡檢,縣首領,1
新設武穴同知,同知,府佐貳,1
新設武穴同知？？,同知,府佐貳,1
新設水利？？同知,同知,府佐貳,1
新設永慶司巡檢,巡檢,縣首領,1
新設永綏巡檢,巡檢,縣首領,1
新設江東巡檢,巡檢,縣首領,1
新設江甯司巡檢,巡檢,縣首領,1
提督直隸全省軍務節制各鎮總兵官駐劄古北口,,武職,1
提督直隶通省等處地方軍務節制各鎭縂兵官駐劄古北口,,unknown,1
欽差通州大運西倉監督內閣中書郎,,京官,1
总记三库主事,,京官,1
怍坪司巡檢,巡檢,縣首領,1
怍坪巡檢,巡檢,縣首領,1
思古鎮巡檢,巡檢,縣首領,1
思吉巡檢,巡檢,縣首領,1
思營鎮巡檢,,武職,1
思管巡検,,unknown,1
思管镇巡检,巡檢,縣首領,1
思義鎭巡検,,unknown,1
思義鎭巡檢,巡檢,縣首領,1
思隴馹巡檢,巡檢,縣首領,1
思？馹巡檢,巡檢,縣首領,1
总捕同知,同知,府佐貳,1
总理云贵塘务,,unknown,1
总理出入粮务,,unknown,1
总理河道塘务,,省級,1
总理湖北湖南全省塘务,,unknown,1
总理陕甘塘务,,unknown,1
总督广东广西等处地方军务兼理粮饷兵部尚书兼都察院右副都御史,,京官,1
总督湖北湖南等处地方军务兵部尚书兼都察院右都御史兼理粮饷,,京官,1
怀化驿丞,,雜職,1
怀乡巡检,巡檢,縣首領,1
忠巡檢信,巡檢,縣首領,1
復設訓導駐他？,復設訓導,教職,1
御前行走總管內務府大臣正白旗漢軍都統正黄旗護軍統領管理太僕寺事務崇文門？監督固倫額附,,京官,1
御前行走鎭守寕夏等處地方副都統兼管舊？爾？特旗務,,unknown,1
御前行走？管內務府大臣正白旗漢軍都統正黄旗護軍統領管理太僕寺事務崇文門？監督固倫額附,,京官,1
御醫？？？事,,京官,1
復姓典史,典史,縣首領,1
復設學録,,unknown,1
復設教許,,unknown,1
復設江南河庫道,,省級,1
復設？莊理事通判,理事通判,府佐貳,1
忠信堡巡检,巡檢,縣首領,1
復？？？,,unknown,1
循化廳訓導,訓導,教職,1
德勝鎭？？,,unknown,1
德州南河千总,,unknown,1
德州南河千總,,武職,1
德州卫北汛管河千总,,武職,1
德州衛北汛管河千總,,武職,1
德胜镇巡检,巡檢,縣首領,1
总督闽浙等处地方军务兵部尚书兼都察院右都御使兼理粮饷,,京官,1
恒亭巡检管驿丞事,巡檢,縣首領,1
御前行走內務府大臣正白旗漢軍都統正黃旗護軍統領管理太僕寺事務崇文門更好的監督固倫額附,,京官,1
恒裕庫大使事,,京官,1
懐化馹丞,,雜職,1
懐貸巡檢兼管驛務,巡檢,縣首領,1
懷化巡檢,巡檢,縣首領,1
戈戟司掌印满云麾使,,unknown,1
成晋驿丞,,雜職,1
成？？馬驲？兼管巡檢事,,unknown,1
戶柒鎮巡檢,巡檢,縣首領,1
戶部侍郎兼威遠堡六關口事,,京官,1
戶部侍郎兼管奉天府府尹事,,京官,1
戶部侍郎兼管奉天府府尹事務,,京官,1
戶部右侍郎仍兼尹事,,京官,1
戶部四川司主事,,京官,1
戶部坐粮廰戶部員外郞,,京官,1
戶部坐粮廰戶部雲南司郎中,,京官,1
戶部堂主事,,京官,1
戶部尚書兼管順天府尹事務,,京官,1
戶部尚書廂藍旗漢軍都統,,京官,1
戶部尚書管理府尹事務,,京官,1
戶部左侍兼管樂部,,京官,1
懐全馹丞管巡檢事,,雜職,1
懐全縣丞管巡檢事,縣丞,縣佐貳,1
慶豐闸闸官,,雜職,1
惠連城巡檢,巡檢,縣首領,1
恩督？？兵部侍郎兼都察院右副都御史巡撫湖北等處地方總督軍務兼理糧餉,,省級,1
悅城巡檢,巡檢,縣首領,1
悔？巡檢駐永安市,巡檢,縣首領,1
惠寧城巡檢,巡檢,縣首領,1
惠泽司巡检,巡檢,縣首領,1
惠澤司巡檢,巡檢,縣首領,1
惠澤巡檢司駐張家店,巡檢,縣首領,1
惠澤巡檢？駐張家店,巡檢,縣首領,1
惠遠城巡検,,unknown,1
慶豐管河閘官,,雜職,1
惠？闸闸官,,雜職,1
感遠？河同知,同知,府佐貳,1
慈乐寨巡检,巡檢,縣首領,1
慈樂巡檢,巡檢,縣首領,1
慕德司巡檢,巡檢,縣首領,1
慕德巡檢,巡檢,縣首領,1
慕德？巡檢,巡檢,縣首領,1
慶豊闸闸官,,雜職,1
御前行走內務府大臣正白旗漢軍都統正黃旗護軍統領管理太僕寺事務崇文門正監督固倫額附,,京官,1
御前大臣領侍衛內大臣戶部尚書兼管內務府大臣管？察？太子太保？事務鑲白旗滿洲都統崇文門正監督,,京官,1
戶部左侍郎管理府尹兼管樂部事務總查京通各倉事務,,京官,1
御前侍卫内大臣右侍郎辅？公兼署右侍郎史郎文通司掌印郎中兼正黄旗满洲副都统,,旗籍誤填,1
待補巡檢,巡檢,縣首領,1
待調知縣,知縣,縣正印,1
待诏管孔目事,,unknown,1
後幫守衛？？幫領運事,,unknown,1
後所滿闲散雲麾使,,武職,1
後所閑散滿雲麾使,,武職,1
後所閒散滿整儀尉,,武職,1
後所閒散滿治儀正,,武職,1
後郃司巡檢,巡檢,縣首領,1
後部司巡検,,unknown,1
後部巡檢,巡檢,縣首領,1
徐州卫守备,,unknown,1
徐州帮领运千总,,unknown,1
徐州衛守備,,武職,1
得胜坡巡检,巡檢,縣首領,1
從九借補典史？？？？,典史,縣首領,1
從九倩重補典史,典史,縣首領,1
從九偕補典史,典史,縣首領,1
從九品補典史,典史,縣首領,1
彰汀巡檢,巡檢,縣首領,1
归阳市巡检,巡檢,縣首領,1
归化城理事同知军功,理事同知,府佐貳,1
張家店巡檢,巡檢,縣首領,1
張三營巡撿,,武職,1
張三營巡検,,武職,1
張三营巡檢,,武職,1
張三？巡撿,,unknown,1
張家口同知,同知,府佐貳,1
張家口監督工部郎中,,京官,1
張家巡檢,巡檢,縣首領,1
張家店巡検,,unknown,1
張家？巡檢,巡檢,縣首領,1
归化城巡检,巡檢,縣首領,1
張山店巡検,,unknown,1
張璧司巡撿,,unknown,1
張璧司巡檢,巡檢,縣首領,1
張登司巡撿,,unknown,1
張登司巡検,,unknown,1
張秋巡檢,巡檢,縣首領,1
張秋通判,通判,府佐貳,1
归化城务协理通判,通判,府佐貳,1
御前侍卫兼管镶白旗汉军副都统右侍郎承恩殿？公,,武職,1
御前侍卫右侍郎总领光禄寺奉宸院南院等处？理圆明园茶膳房河道船务佐领,,省級,1
御前大臣領侍衛內大臣太子少保戶部尚書鑲白旗滿洲都統管理鑾儀衞事務管理御？？？？？？總理工程處事務總管清滿洲？？？？？大臣？？處統鎮管理？？處事務總管內務府大臣,,京官,1
御前侍卫吏部右侍郎总理光禄寺？？？？？？处管理圆明园茶膳坊河？船务佐领,,京官,1
御前大臣太子太保協辦大學士吏部尚書總督陜甘等處地方軍務兼理粮餉管巡撫事兼理茶馬,,省級,1
御前大臣太子太保經筵講官領侍衛內大臣戶部尚書協辦大學士管理提督九門步軍統領事镶白旗滿洲都統,,京官,1
御前大臣太子太保領侍衛內大臣武英殿大學士兼督察院右都御史穗督閩浙等處地方提督軍務兼理粮餉,,京官,1
御前大臣太子少保侍衛內大臣戶部尚書總管內務府大臣管理鑾儀衞事鑲白旗滿洲都統公中佐領總理工程處事務,,京官,1
御前大臣太子少保內大臣恊辦大學士吏部尚書正黄旗漢軍都統伊犁將軍,,京官,1
御前大臣太子少保領侍衛內大臣恊辦大學士吏部尚書廂黄旗漢軍都統伊犁將軍,,京官,1
御前大臣太子少保領侍衛內大臣戶部尚書總管內務府大臣管理銮儀衞事務正黄旗滿洲都統公中佐領,,京官,1
御前大臣太子少保領侍衛內大臣戶部尚書總管內務府大臣管理鑾儀衛事務廂白旗滿洲都統公中佐領,,京官,1
御前大臣太子少保領侍衛內大臣戶部尚書總管內務府大臣管理鑾儀衛事務正白旗滿洲都統公中佐領總理工程處事務,,京官,1
御前大臣太子少保領侍衛內大臣戶部尚書總管內務府大臣管理鑾儀衛事廂白旗滿洲都統崇文門正監督,,京官,1
御前大臣太子少保領侍衞内大臣恊辦大學士提統伊犁等處地方將軍義烈公,,武職,1
御前大臣太子少保領？？大臣？統伊犁？？地方將軍,,unknown,1
御前大臣署兵部尚書管理銮儀衛事務總管内務府大臣公中佐領,,京官,1
御前大臣署兵部尚書總管內務府大臣公中佐領,,京官,1
御前大臣議政大臣領侍衛內大臣理藩院尚書兼正黃旗蒙古都統總理火器營河道事務,,省級,1
御前大臣议政大臣领侍卫内大臣理藩院尚书兼正黄旗蒙古都统总理？？？河道事务,,省級,1
御前大臣領侍衛內大臣太子少保戶部尚書正白旗滿洲都統管理鑾儀衛事管理御茶膳房造？處總理工程處事務總管？？？等處？？處大臣御船處統領管理鷹狗處事務總管內務府大臣,,京官,1
御前大臣領侍衛內大臣太子少保戶部尚書正白旗滿洲都統管理鑾儀衛事管理御茶膳房？？處？？工程處事務總管淸？園等處？？處大臣御船處統領管理鷹狗處事務總管內務府大臣,,京官,1
御前大臣領侍衛內大臣太子少保戶部尚書正白旗滿洲都統管理鑾儀衞事管理御茶膳房造辦處總理工程處事務總管淸漪園等處嚮導處大臣御船處統領管理鷹狗處事務總管內務府大臣,,京官,1
御前大臣太子太保內大臣議政大臣協辦大學士吏部尚書仍管陜甘總督,,省級,1
御前大臣吏部尚书领侍卫内大臣兼镶白旗蒙古都统事务轻车都尉,,京官,1
御前大臣内大臣議政大臣工部尚書署兵部尚書兼管内務府大臣管理鑾儀殿事務公中佐領,,京官,1
御前侍衛議政大臣工部尚書和碩額駙掌鑾儀衛大臣兼管理藩院尚書事務,,京官,1
御前侍衛公,,武職,1
御前侍衛和碩都尉工部尚書護政大臣總管鑾儀尉事務大臣管理國？？奉宸院茶繕房造辦處武備院等處事務,,京官,1
御前侍衛和碩額駙總管茶膳房武備院管理鷗鷂處大臣兼理光祿寺奉宸院？？處兼鑾儀衛事務大臣,,京官,1
御前侍衛和碩額駙總管茶膳房管雞鹰鶴處大臣管理光祿寺事務,,京官,1
御前侍衛左侍郎管理圓明園茶饍房河道船務左領,,省級,1
御前侍衛廂紅旗滿洲副都統鑾儀衛鑾儀使,,京官,1
御前侍衛戶部右侍郎鑲黃旗滿洲？？統？理武？院國明？內？？…？大臣？？？方？館？？？管圓明園八旗內務府？？？？吳丁大臣,,京官,1
御前侍衛行走？軍機處大臣鎮守四川成都等處地方將軍一等鑲勇伯,,京官,1
御前侍衛鑲紅旗滿洲副都統鑾儀衛鑾儀使,,京官,1
御前大臣内大臣議政大臣工部尚書監督兵部尚書縂管内務府大臣管理鑾儀衛事務公中佐領,,京官,1
御前侍衛鑾儀衛鑾儀使鑲紅旗滿洲副都統,,京官,1
御前侍衞府主事,,京官,1
御前侍衞廂紅旗滿洲副都統銮儀衛銮儀使,,旗籍誤填,1
御前侍衞議政大臣工部尚書和碩額駙掌銮儀衞大臣管理圓明園八旗官兵大臣總管茶膳房武備院奉宸院造辦處火藥局事務,,京官,1
御前侍衞議政大臣工部尚書和碩額駙管理九門步軍統領事,,京官,1
御前侍衞領侍衞內大臣正紅旗蒙古都統兵部尚書提督九門步軍統領,,京官,1
御前大臣內大臣議政大臣工部尚書署兵部尚書總管內務府大臣管理銮儀衛事務公中佐領,,京官,1
御前大臣內大臣議政大臣？尚書？兵部尚書縂管內務府大臣管理銮儀衞事務公中佐領,,京官,1
戶部左侍兼管樂部總查京通谷倉事務,,京官,1
戶部左侍郎管理順天府尹事務兼管樂部事務？查京通各倉事務,,京官,1
提督甘肅等处地方節制各鎮總兵官,,武職,1
掌雲南道事監察禦史稽察正黃旗事務,,旗籍誤填,1
掌廣西道事監察御史稽察鑲藍旗滿洲旗務,,旗籍誤填,1
掌所事汉云麾使兼佐领,,武職,1
掌所事漢雲麾使世襲輕車都尉,,武職,1
掌江西道事監察御史稽察正紅旗蒙古旗務,,旗籍誤填,1
掌江西道事監察禦史稽察正紅旗蒙古旗務,,旗籍誤填,1
掌河南道事監察御史兼巡察通州漕務,,京官,1
掌浙江道事监察御史兼巡视南城,,京官,1
掌浙江道事監察御史兼巡視南城,,京官,1
掌浙江道事監察御史雲南副典試,,京官,1
掌湖廣道事監察禦史正藍旗蒙古旗務,,旗籍誤填,1
掌湖廣道事監察禦史湖南學政,,省級,1
掌贵州道事监察御史,,京官,1
掌贵州道事监察御史稽查内务府事务,,京官,1
掌鑾儀衛鑾儀使,,京官,1
掌陕西道事监察御史,,京官,1
掌陕西道监察御史兼巡视西城,,京官,1
掌陝西道事監察禦史稽察內務府事務,,京官,1
掌陝西道監察御史兼巡視西城,,京官,1
掌雲南道事監察御史稽察正藍旗滿洲旗務,,旗籍誤填,1
掌廣西道事監察御史稽察廂藍旗滿洲旗務,,旗籍誤填,1
掌廣東道事監察御史河南正典試,,京官,1
掌左所事漢雲麾使,,武職,1
掌印郎中兼職方司？？司事,,京官,1
掌印給事中？？正典試,,京官,1
掌印給事中？？？？,,京官,1
掌印給事湖北副典試,,unknown,1
掌印给事中提督湖北学政,,省級,1
掌印给事中？？？？,,京官,1
掌印郎中兼吏部文選司事,,京官,1
掌印郎中兼戶部銀庫郎中事,,京官,1
掌印郎中兼户部银库郎中事,,京官,1
掌印郎中兼？考功司事,,京官,1
掌山東道事監察御史貴州副典試,,京官,1
掌印郎中？？,,京官,1
掌右所事漢雲麾使,,武職,1
掌司事汉整仪尉,,unknown,1
掌司事漢整儀尉,,武職,1
掌司事漢治儀正世襲雲騎尉,,武職,1
掌司事？鑾儀正,,unknown,1
掌四川道事監察禦史稽察正藍旗滿洲旗務,,旗籍誤填,1
掌局員外郎,,京官,1
掌雲南道事監察御史稽察正藍旗蒙古旗務,,旗籍誤填,1
掌？？？,,unknown,1
掌印給事中福建學政,,省級,1
排俌美巡檢,巡檢,縣首領,1
提督江蘇學政,,省級,1
提督河南學政,,省級,1
提督浙江全省水陆军务节制各镇总兵官,,unknown,1
提督浙江全省水陸軍務節制各鎮總兵官,,武職,1
提督浙江水陸軍務等處地方總兵官,,武職,1
提督浙江水陸軍務總兵官,,武職,1
提督湖北學政工科給事,,省級,1
提督湖广全省军务总辖汉官兵宣卫土司控制苗番节制各镇,,unknown,1
提督湖廣全省軍務總轄漢土官兵宣衛土司控制苗彜節制各鎮,,unknown,1
提督湖廣全省軍務總轄漢士官兵宣衛士司控制苗彝節制各鎮,,unknown,1
提督湖廣全省軍務總辖漢土官兵宣衞土司控制苗彝節制各鎮,,unknown,1
提督湖廣全省軍務總辖漢土官兵宣衞土司控制苗？節制各鎭,,unknown,1
提督湖廣軍務轄漢士官兵宣衛士司控制苗彝節制？鎮,,unknown,1
提督烏魯木齊巴里坤等處總兵官,,武職,1
提督甘肃安西等处地方总理哈密防务军功,,unknown,1
提督甘肃等处地方节制各镇总兵官,,unknown,1
提督甘肅地方節制各鎮總兵官,,武職,1
提督甘肅安西等處地方總兵官,,武職,1
提督甘肅安西等處地方總兵官駐剳烏魯木齊,,武職,1
提督江苏学政,,省級,1
提督江南地方軍務總兵官,,武職,1
提督江南地方軍務,,unknown,1
提督四川全省军务节制各镇提调汉土官兵,,unknown,1
排埠巡檢,巡檢,縣首領,1
排补关巡检,巡檢,縣首領,1
掘港場鹽課大使,,京官,1
掛鎮海大將軍印鎮守江南京口沿江沿海等處兼漢軍綠旗都統,,unknown,1
提举管正指挥事,,unknown,1
提举管通判事,,unknown,1
提督云南全省等处地方军务总兵官,,unknown,1
提督会同四译馆礼部郎中兼鸿胪寺少卿,,京官,1
提督四川學政,,省級,1
提督江南全省等處地方軍務縂兵官,,unknown,1
提督四川軍務節制各鎮提調漢土官兵,,unknown,1
提督广东统辖全省水陆军务总兵官,,unknown,1
提督广西水陆等处地方军务统辖汉土官兵总兵官,,unknown,1
提督廣東全省水陸軍務總兵官等海澄？,,武職,1
提督廣西水陸地方軍務統轄漢土官兵總兵官,,武職,1
提督會同四譯館禮部嗣祭司員外郎兼鴻臚寺少卿,,京官,1
提督會同四譯館禮部精繕司郎中,,京官,1
提督江南全省等处地方军务,,unknown,1
掌印給事中稽查宗人府事務,,京官,1
掌印給事中提督湖北學政,,省級,1
戶部左侍郎總查京通各倉事務兼管樂部,,京官,1
招攜鎮巡檢,巡檢,縣首領,1
批驗所大使,,雜職,1
批驗茶引？大使,,京官,1
批驗茶所使,,unknown,1
承乡司巡检,巡檢,縣首領,1
承鄉司巡檢,巡檢,縣首領,1
承鄉巡檢,巡檢,縣首領,1
承？衞門事務主事,,京官,1
承？？門事務主事,,京官,1
抚州所守御,,unknown,1
抚康司巡检,巡檢,縣首領,1
抚？通判,通判,府佐貳,1
抱母井井塩課大使,,京官,1
抱母井塩？大使,,京官,1
拙港場塩課大使,,京官,1
拙港塲塩課大使,,京官,1
拚茶場鹽課大使,,京官,1
招宁司巡检,巡檢,縣首領,1
招寕司巡檢,巡檢,縣首領,1
招寧巡檢,巡檢,縣首領,1
批騐茶引所大使,,京官,1
扶溪巡檢,巡檢,縣首領,1
扶溪司巡检,巡檢,縣首領,1
房山巡檢,巡檢,縣首領,1
戶部廣西司主事,,京官,1
户柒镇巡检,巡檢,縣首領,1
户部侍郎兼管奉天府府尹事務,,unknown,1
户部右侍郎署理右侍郎事務,,unknown,1
户部堂主事,,京官,1
户部尚书管工部尚书事务,,京官,1
戸部主事,,京官,1
戸部郎中,,京官,1
房村巡檢,巡檢,縣首領,1
托克托城巡检,巡檢,縣首領,1
房村街巡检,巡檢,縣首領,1
房村街巡検,,unknown,1
所牧,,unknown,1
扇手司掌印满云麾使,,unknown,1
扇手司掌印滿雲麾使世襲一等子,,武職,1
扎佐司巡检,巡檢,縣首領,1
扎佐司巡検,,unknown,1
托克托城協理通判,,武職,1
招擕鎮巡檢,巡檢,縣首領,1
招？鎭巡檢,巡檢,縣首領,1
掌印理事官兼經歴司,,unknown,1
拜褥漢治儀正,,武職,1
捕盗通判駐菴塩鎮,通判,府佐貳,1
捕盗通判駐菴塩？,通判,府佐貳,1
捕盜通判駐菴塩鎮,通判,府佐貳,1
捕盜通判駐？？鎮,通判,府佐貳,1
捧鮮巡檢,巡檢,縣首領,1
捧？巡檢,巡檢,縣首領,1
授知府,知府,府正印,1
掌京畿道事檢察御史,,京官,1
掌京畿道事监察御史,,京官,1
掌京畿道事监察御史稽察内务府事务,,京官,1
掌京畿道事監察御史提督两窑厰,,京官,1
掌京畿道事監察御史稽察內務府事務,,京官,1
掌京畿道事監察御史稽察鑲紅旗滿州旗務,,旗籍誤填,1
掌京畿道事監察禦史楕察內務府事務,,京官,1
掌京畿道監察禦史,,unknown,1
掌京畿道監察禦史安徽學政,,省級,1
掌印右所領事千總,,武職,1
掌印右所领事千总,,unknown,1
掌印員外郎兼佐領,,武職,1
捕盗同知駐劄？？,同知,府佐貳,1
捉殺巡檢,巡檢,縣首領,1
捉杀寨巡检,巡檢,縣首領,1
按察司經歷兼管驛鹽道庫大使事,,省級,1
拜褥漢治儀正兼司事,,武職,1
拼茶場塩課大使,,京官,1
按察使銜整飭分巡口外熱河等處地方兵備道,,unknown,1
按察使？整飭分巡口外熱河等處兵備道,,unknown,1
按察司司狱,,省級,1
按察司司獄,,省級,1
按察司照磨兼管茶庫事,,省級,1
按察司經歷兼管粮？？事務,,省級,1
按察司經歷兼管？？？？？,,省級,1
按？管縣丞事,,unknown,1
按察司经历兼管驿盐道库大使事,,省級,1
按察管縣公事,,unknown,1
按照偕補主簿,主簿,縣首領,1
按照偕補吏目,吏目,州首領,1
按照磨借補典史事,典史,縣首領,1
按經借補經歷,經歷,府首領,1
按經借補縣丞,縣丞,縣佐貳,1
按經備補縣丞,縣丞,縣佐貳,1
日講官起居注官詹事府少詹事兼翰林院侍讀學士,,京官,1
日講官起居注左春坊左庶子掌坊事兼翰林院侍讀提督安徽學政,,省級,1
日講官起居注提督廣西學政,,省級,1
欽命督理淮安鈔關稅務,,unknown,1
欽命江南道監察禦史巡察天津倉漕事務,,unknown,1
欽命江寕織造兼龍江西新関稅務,,省級,1
欽命江寧織造兼龍江西新關稅務,,省級,1
欽命江西道監察御史巡察通州倉漕事務,,京官,1
欽命江西道監察御史巡視南漕協辦一應事務,,武職,1
欽命江西道監察御史巡視濟寧漕務協辦河道事務,,省級,1
欽命江西道監察禦史巡察通州倉漕事務,,unknown,1
欽命河南道監察御史兼巡察通州漕務,,京官,1
欽命湖廣道檢察御史提督湖南全省學政,,省級,1
欽命監督張家口抽分工部郎中,,京官,1
欽命監督張家口抽分戶部員外郎,,京官,1
欽命督日講起居注翰林院侍講學士提督山西全省學政,,省級,1
欽命督理九江關稅務兼管窑務內務府郎中,,京官,1
欽命督理九江關稅務兼管窑務加道員銜,,unknown,1
欽命督理山西河東塩課陝西大小二池轄河南等處汝州直隸潼關,,unknown,1
欽命督理山西河東鹽課陝西大小二池？河南汝州直隸潼關,,unknown,1
欽命督理廣東省沿海等處地方貿易稅務,,unknown,1
欽命督理廣東省沿海等處貿易稅務,,unknown,1
欽命督理廣？？沿海地方貿易税務,,unknown,1
欽命江南道監察御史提督湖北全省學政,,省級,1
欽命江南道監察御史提督四川全省學政,,省級,1
欽命江南道監察御史巡察察哈尔,,京官,1
欽命木倉監督屯田司郎中,,京官,1
欽命提督福建全省學政翰林院修撰,,省級,1
欽命提督順天等處學政吏部右侍郎,,省級,1
欽命日講官起居注翰林院侍讀學士提督河南學政,,省級,1
欽命日講起居注官翰林院侍讀學士提督山西全省學政,,省級,1
欽命日講起居注官詹事府詹事提督山東全省學政,,省級,1
欽命日講起居注官？？府右？坊右？子掌坊事提督四川全省學正,,京官,1
欽命日講起居注左春坊左庶子提督陕甘全省學政,,省級,1
欽命日講起居泩官詹事府提督山東全省學政,,省級,1
欽命木倉監督工部營繕司主事,,京官,1
欽命木廠監督工部營繕司郎中,,京官,1
欽命木倉監督工部營繕司郎中,,京官,1
欽命木倉監督工部節愼庫郎中,,京官,1
欽命木倉監督工部都水司員外,,京官,1
欽命木倉監督工部都水司員外郎,,京官,1
欽命木倉監督工部都水司郎中,,京官,1
欽命木厰監督工部都水司員外郎,,京官,1
欽命木厰監督工部都水司郎中,,京官,1
欽命木廠監督工部營繕司員外郎,,京官,1
欽命督理杭州織造,,省級,1
欽命督理淮宿等関稅務,,unknown,1
欽命提督江西全省學政禮部左侍郎,,省級,1
欽命督理湖北荊州鈔關內務府郎中,,京官,1
欽命管理街道京畿道監察御史,,京官,1
欽命管理街道兵科給事中,,京官,1
欽命管理街道工部營繕司郎中,,京官,1
欽命管理街道工部節慎庫員外郎,,京官,1
欽命管理街道工部虞衡司員外郎,,京官,1
欽命管理街道工部都水司員外郎,,京官,1
欽命管理街道步軍統領主事,,京官,1
欽命管理街道步軍統領員外郎,,京官,1
欽命管理街道步軍統領員外郞,,京官,1
欽命管理街道步軍統領郎中,,京官,1
欽命縂理七省漕務兼管粮儲河道税務又兼管鋼務户部坐粮廰吏部文選司員外郎,,省級,1
欽命總理七省泗務兼管糧儲河道稅務又兼管鋗務戶部坐糧廳湖廣？郎中,,省級,1
欽命總理七省漕務兼管粮儲河道稅務又兼管銅務戶部坐粮㕔戶部廣東司郎中,,省級,1
欽命總理七省漕務兼管粮儲河道稅務又兼管銅務戶部坐粮㕔戶部江南司員外郎,,省級,1
欽命總理七省漕務兼管粮儲河道稅務又兼管銅務戶部坐粮廳刑部雲南司郎中,,省級,1
欽命總理七省漕務兼管粮儲河道稅務又兼管銅務戶部坐粮廳戶部員外郞,,省級,1
欽命總理七省漕務兼管粮儲河道稅務又兼管銅務戶部坐粮廳戶部郎中,,省級,1
欽命總理七省漕務兼管粮儲河道稅務又兼管銅務戶部坐粮廳掌貴州道監察御史,,省級,1
欽命總理七省漕務兼管粮儲河道税務又兼管銅務户部坐粮廳吏部員外郎,,省級,1
欽命管理蘇州織造,,省級,1
欽命管理福建関税務都統將軍,,unknown,1
欽命管理九江關稅兼管窰務加道員銜,,unknown,1
欽命督理長蘆鹽課兼轄驛傅河道轄山東河南開歸彰衡懷慶,,省級,1
欽命督理湖北荊州鈔關工部虞衡司員外郎,,京官,1
欽命督理潘桃口抽分刑部廣西司員外郎,,京官,1
欽命督理潘桃口抽分禮部員外郞,,京官,1
欽命督理荊州鈔關內務府郎中,,京官,1
欽命督理蘇州織造務事,,省級,1
欽命督理長蘆塩課兼轄馹傳河道辖山東河南開歸彰衛懐慶,,省級,1
欽命督理長蘆塩課兼轉馹傳河道辖山東河南開歸彰衡懐慶,,省級,1
欽命督理長蘆鹽課兼轄馹傳河道轄山東河南開歸彰衛懐慶,,省級,1
欽命督理鳳陽關税務分巡廬鳯道,,unknown,1
欽命管理九江關稅兼管窯務內務府郎中兼佐領,,京官,1
欽命督通長盧鹽課兼轄驛傳河道轄山東河南開歸彰衛懷慶,,省級,1
欽命禮科掌印給事中巡察天津倉漕事務,,京官,1
欽命禮科給事中巡察天津倉漕事務,,京官,1
欽命禮部侍郎提督順天等處地方學政,,省級,1
欽命禮部做適量提督江蘇全省學政,,省級,1
欽命禮部右侍郎提督江蘇學政,,省級,1
欽命禮部左侍郎提督江西全省學政,,省級,1
欽命管理九江關稅兼管窯務內務府員外郎兼佐領,,京官,1
欽命提督浙江全省學政內閣學士兼禮部侍郎,,省級,1
欽命提督江蘇等處地方學政翰林院編修,,省級,1
欽命總理七省漕務兼管粮儲河道税務又兼管銅務户部坐粮廳吏部郎中,,省級,1
欽命工部郎中監督張家口抽分,,京官,1
欽命大理寺少卿提督山東全省學政,,省級,1
欽命太僕寺卿提督福建全省學政,,省級,1
欽命太常寺卿提督江西全省學政,,省級,1
欽命太常寺卿提督福建全省學政,,省級,1
欽命奉？院督理兩淮鹽酒察院轄江南江西湖廣河南汝寕等處地方,,unknown,1
欽命安徽巡道督理蕪湖鈔關,,unknown,1
欽命安徽訓道督理蕪湖鈔關,,unknown,1
欽命宗人府府丞提督湖北全省學政,,省級,1
欽命山東道監察御史提督山西全省學政,,省級,1
欽命巡察吉林等處兵科掌印給事,,unknown,1
欽命巡察船厰等處江南道監察御史,,京官,1
欽命巡察黑龍江等處戶科掌印給事中,,京官,1
欽命巡察黑龍江等處户科給事中,,京官,1
欽命巡察黑龍江等處禮科掌印給事,,unknown,1
欽命巡視南漕山西道監察御史,,京官,1
欽命工科掌印給事中巡察同州倉漕事務,,京官,1
欽命工部侍郎提督浙江全省學政,,省級,1
欽命工部右侍郎提督江蘇全省學政,,省級,1
欽命工部右侍郎提督浙江全省學政,,省級,1
欽命國子監祭酒提督江蘇全省學政,,省級,1
欽命國子監祭酒提督山東全省學政,,省級,1
欽命國子監司業提督四川全省學政,,省級,1
欽命刑部郎中兼翰林院編修提督貴州全省學政,,省級,1
欽命刑科掌印給事中巡察天津倉漕事務,,京官,1
欽命刑科掌印給事中巡察濟寧漕務協辦河道事務,,省級,1
欽命刑科掌印給事中稽察漕務協辦河道,,省級,1
欽命刑科給事中巡察通州倉漕事務,,京官,1
欽命刑科給事中提督河南全省學政,,省級,1
欽命刑部右侍郎提督浙江全省學政,,省級,1
欽命刑部右侍郎提督順天等處學政,,省級,1
欽命刑部左侍郎提督浙江學政,,省級,1
欽命右戶部主事兼翰林院編修提督湖北全省學政,,省級,1
欽命吏部驗封司郎中監督張家口抽分,,京官,1
欽命右春坊右贊善提督四川全省學政,,省級,1
欽命右春坊贊善提督湖北全省學政,,省級,1
欽命吏科掌印給事中巡察濟寕漕務協辦河道事務,,省級,1
欽命吏科掌印給事中提督四川全省學政,,省級,1
欽命吏科給事中巡察通州倉漕事務,,京官,1
欽命吏部右侍郎提督浙江全省學政,,省級,1
欽命吏部左侍郎提督安徽學政,,省級,1
欽命吏部左侍郎提督順天等處地方學政,,省級,1
欽命工部左侍郎提督順天等處地方學政,,省級,1
欽命左春坊左中允兼翰林院編修提督貴州全省學政,,省級,1
欽命提督廣西全省學政翰林院編修,,省級,1
欽命左春坊左庶子提督廣西全省學政,,省級,1
欽命掌河南道監察御史兼巡察通州漕務,,京官,1
欽命掌湖廣道監察禦史提督湖南學政,,省級,1
欽命掌貴州道監察禦史巡察臺灣等處地方,,unknown,1
欽命提督两窯廠工部郎中,,京官,1
欽命提督两窯廠掌京畿道監察御史,,京官,1
欽命提督兩窑厰工部屯田司郎中,,京官,1
欽命提督兩窑厰工部虞衡司郎中,,京官,1
欽命提督兩窯厰工部營繕司郎中,,京官,1
欽命提督兩窯厰工部節慎庫員外郎,,京官,1
欽命提督兩窯廠工部虞衡司員外郎,,京官,1
欽命提督兩窯廠工部製造庫郎中,,京官,1
欽命提督兩窰厰工部堂主事,,京官,1
欽命提督兩窰厰工部屯田司員外郎,,京官,1
欽命提督兩窰廠工部營繕司員外郎,,京官,1
欽命提督兩窰廠工部都水司員外郎,,京官,1
欽命提督四川學政國子監司業,,省級,1
欽命提督安徽等處學政日講官起居注左春坊左庶子翰林院侍讀,,省級,1
欽命提督山東學政兵科給事中,,省級,1
欽命提督廣西全省學政工科掌印給事中,,省級,1
欽命掌戶科給事中巡察通州倉漕事務,,京官,1
欽命掌戶科給事中巡察濟寧漕務協辦河道事務,,省級,1
欽命掌廣東道監察禦史巡察天津倉漕事務,,unknown,1
欽命戶科給事中巡視濟寧漕務協辦河道事務,,省級,1
欽命左春坊左庶子提督陜甘全省學政,,省級,1
欽命左春坊左贊青提督廣西學政,,省級,1
欽命布政使管江寧織造兼江西新關稅務,,省級,1
欽命布政使管江寧織造兼龍江江西新關稅務,,省級,1
欽命廣南饒九道督理九江関稅務兼管窑務,,unknown,1
欽命戶科掌印給事中巡察濟寕漕務協辦河道事務,,省級,1
欽命戶科給事中巡察通州倉漕事務,,京官,1
欽命戶科給事中巡視南漕協辦一應事務,,武職,1
欽命戶科給事中督理浙江杭州織造,,省級,1
欽命掌兵科給事中巡視南漕協辦一應事務,,武職,1
欽命戶部員外郎兼翰林院編修提督貴州全省學政,,省級,1
欽命戶部雲南司郎中提督雲南全省學政,,省級,1
欽命户部員外郎兼翰林院編修提督貴州全省學政,,省級,1
欽命户部員外郎提督廣西全省學政,,省級,1
欽命戸科掌印給事中提督福建全省學政,,省級,1
欽命掌京畿道事監察御史提督陝西全省學政,,省級,1
欽命掌京畿道監察御史提督陝甘全省學政,,省級,1
欽命掌京畿道監察禦史提督安徽全省學政,,省級,1
欽命總理七省漕務兼管粮儲河道税務又兼管銅務户部坐粮廳吏部文選司郎中,,省級,1
欽命總理七省漕務兼管粮儲河道税務又兼管銅務户部坐粮廳戶部山東司員外郎,,省級,1
日講官起居注編修,,京官,1
欽差稽查？新倉掌湖廣道監察禦史,,unknown,1
欽差督理崇文門稅務,,unknown,1
欽差督理崇文門稅務吏部尚書,,京官,1
欽差督理崇文門稅務太子太保協辦大學士戶部尚書兼正紅旗蒙古都統果毅公,,京官,1
欽差督理崇文門稅務工部尚書和碩額駙,,京官,1
欽差督理崇文門稅務戶部尚書步軍統領一？繼勇果毅公兼？兵部？理藩院事,,京官,1
欽差督理崇文門税務戶部尚書,,京官,1
欽差督理新建儲？倉監理藩院員外郎,,京官,1
欽差督理潘桃口抽分刑部員外郞,,京官,1
欽差督理裕豐倉監督吏部主事,,京官,1
欽差督理？？倉監督內閣典籍,,京官,1
欽差祿米倉監督太常寺贊禮郎,,京官,1
欽差祿米倉監督戶部員外郎,,京官,1
欽差祿米倉監督？？？,,unknown,1
欽差稽查南新倉刑科給事中,,京官,1
欽差稽查新建？？倉掌貴州道監察禦史,,unknown,1
欽差稽查會滿河本裕倉掌江南道監察禦史,,unknown,1
欽差稽查海運倉掌山東道監察禦史,,unknown,1
欽差稽查祿米倉掌廣東道監察禦史,,unknown,1
欽差稽查裕豐倉監督光祿寺書正,,京官,1
欽差督理山海鈔關戶部陝西司郎中,,京官,1
欽差督理山海鈔関兵部車鴐司郎中,,京官,1
欽差監督殺虎口抽分吏部郞中,,京官,1
欽差海運倉監督兵部員外,,京官,1
欽差新建儲濟倉監督禮部郎中,,京官,1
欽差新理儲清倉監督刑部郎中,,京官,1
欽差會淸河本裕倉監督刑部廣東司員外郎,,京官,1
欽差會清河太裕倉監督戶部主事,,京官,1
欽差會滿河本裕倉理藩院員外郎,,京官,1
欽差木倉監督節慎庫員外郎,,京官,1
欽差木倉監督都水司郎中,,京官,1
欽差海運倉監督內閣中書,,京官,1
欽差海運倉監督國子監助教,,京官,1
欽差監督殺虎口抽分刑部郎中,,京官,1
欽差海運倉監督宗人府副理事官,,京官,1
欽差海運倉監督？？？,,unknown,1
欽差理藩院員外郎管理八溝稅務,,京官,1
欽差理藩院員外郎管理烏蘭逹税務,,京官,1
欽差理藩院員外郎管理烏蘭達税務,,京官,1
欽差理藩院郎中管理三座塔稅務,,京官,1
欽差監察北新倉監督大理寺司務雲南道監察禦史,,京官,1
欽差監察北新倉雲南道監察禦史,,unknown,1
欽差稽查通州中倉兵科掌印給事中,,京官,1
欽差稽查？？大倉掌山東道監察禦史,,unknown,1
欽差提督兩窯廠監督工部都水司主事,,京官,1
欽差管理三座塔稅務理藩院郎中,,京官,1
欽差管理街道掌河南道監察御史,,京官,1
欽差管理街道掌河南道監察禦史,,unknown,1
欽差管理街道掌雲南道監察御史,,京官,1
欽差管理街道提督府員外郎,,京官,1
欽差管理街道步軍統領員外郞,,京官,1
欽差管理街道步軍統領郞中,,京官,1
欽差管理街道河南道檢察禦史,,unknown,1
欽差管理街道營善司郎中,,武職,1
欽差管理街道都水司郎中,,京官,1
欽差興平倉監督刑部郎中,,京官,1
欽差興平倉監督戶部主事,,京官,1
欽差興平倉監督戸部主事,,京官,1
欽差舊大倉監督吏部員外郎,,京官,1
欽差舊太倉監督內閣侍讀,,京官,1
欽差豐益倉監督工部都水司主事,,京官,1
欽差通州中倉監督刑部員外,,京官,1
欽差通州中倉監督戶部員外郎,,京官,1
欽差通州大四倉監督內閣中書,,京官,1
欽差通州大四倉監督理藩院員外郎,,京官,1
欽差管理街道掌江西道監察御史,,京官,1
欽差管理街道掌山西道監察御史,,京官,1
欽差管理街道工部都水司郎中,,京官,1
欽差管理寶源局監督工部屯田司郎中,,京官,1
欽差管理寳源局監督刑部貴州司郎中,,京官,1
欽差管理寳源局監督工部營繕司員外郎,,京官,1
欽差管理寳源局監督工部营繕司員外郎,,京官,1
欽差管理寳源局監督工部营繕司郎中,,京官,1
欽差管理寳源局監督工部虞衡司郎中,,京官,1
欽差管理寳源局監督禮部儀制司郎中,,京官,1
欽差管理寶源局漢監督禮部？膳司郎中,,京官,1
欽差管理寶源局監督兵部武庫司員外郎,,京官,1
欽差管理寶源局監督工部都水司郎中,,京官,1
欽差管理街道工部虞衡司郎中,,京官,1
欽差管理寶源局監督步軍統領郎中,,京官,1
欽差管理寶源局虞衡司員外郎,,京官,1
欽差管理寶源局虞衡司郎中,,京官,1
欽差管理寶源局都水司郎中,,京官,1
欽差管理街道京畿道監察御史,,京官,1
欽差管理街道京畿道監察禦史,,unknown,1
欽差管理街道兵科給事中,,京官,1
欽差管理街道工部虞衡司員外郎,,京官,1
欽差提督兩窯廠監督工部都水司員外郎,,京官,1
欽差提督两窑廠監督工部製造庫郎中,,京官,1
欽命總理七省漕務兼管糧儲河道稅務又兼管銅務戶部坐糧廳吏部文選司員外郞,,省級,1
欽命馬館監督兵部車駕司員外郎,,京官,1
欽命翰林院編修提督湖北全省學政,,省級,1
欽命翰林院編修提督湖南全省學正,,京官,1
欽命翰林院編修提督陕甘全省學政,,省級,1
欽命翰林院編修提督陜甘全省學政,,省級,1
欽命翰林院編修提督陝甘全省學正,,京官,1
欽命詹事府右春坊右庶子提督福建全省等處地方學政,,省級,1
欽命詹事府少詹事提督山西全省學政,,省級,1
欽命詹事府正詹事提督廣東全省學政,,省級,1
欽命詹事府詹事提督山西全省學政,,省級,1
欽命講起注官翰林院編修提督陕甘全省學政,,省級,1
欽命通政使司通政使提督福建全省學政,,省級,1
欽命都察院左副都御使提督順天府等處學政,,省級,1
欽命都察院左副都禦使太常寺卿巡視長蘆鹽政兼轄山東河南開歸彰衛懷慶等處鹽課,,京官,1
欽命都察院左副都禦使提督順天等處地方行政,,京官,1
欽命鎭守江南江北壽春等處地方總兵官,,武職,1
欽命鎭守江南江北夀春等處地方總兵官,,武職,1
欽命鎮守江南壽春等處地方總兵官右都督,,武職,1
欽命馬館監督兵部武庫司主事,,京官,1
欽命馬館監督兵部職方司主事,,京官,1
欽命翰林院編修提督廣東全省學政,,省級,1
欽命翰林院編修提督安徽全省學正,,京官,1
欽命翰林院檢討提督雲南學政,,省級,1
欽命署日講起居注官翰林院侍讀學士提督湖南全省學政,,省級,1
欽命總理七省漕務兼管糧儲河道稅務又兼管銅務戶部坐糧廳浙江道監察御史,,省級,1
欽命總理七省漕務兼管糧儲河道稅務又兼管銅務戶部坐糧廳禮科給事中,,省級,1
欽命總理七省漕務兼管糧儲河道稅務又兼管銅務戶部坐糧廳邢部江？？郎中,,省級,1
欽命總理七省漕務兼管糧儲河道稅務又兼管鋗務戶部坐糧廳浙江道監察禦史,,省級,1
欽命總理七省漕務兼管糧儲河道稅務又兼管鋗務戶部坐糧？刑部江？司郎中,,省級,1
欽命總理七省？？？、糧儲河道稅務兼管鋗務戶部？？廳戶部貴州司員外郎,,省級,1
欽命總督倉塲户部右侍郎駐通州,,省級,1
欽命織造府督理滸墅鈔關,,省級,1
欽命署日講起居注官翰林院編修提督廣全省西學政,,省級,1
欽命翰林院檢討提督貴州全省學正,,京官,1
欽命署日講起居注翰林院侍講學士提督山西全省學政,,省級,1
欽命翰林院侍講學士提督廣西全省學政,,省級,1
欽命翰林院侍講提督山西全省學政,,省級,1
欽命翰林院侍讀學士提督福建全省等處地方學政,,省級,1
欽命翰林院侍讀學士提督陝西全省學政,,省級,1
欽命翰林院侍讀提督廣東學政,,省級,1
欽命翰林院修撰提督福建全省等處地方學政,,省級,1
欽命翰林院検討提督雲南學政,,省級,1
欽命馬館監督兵部職方司郎中,,京官,1
欽命鴻臚寺卿提督山東全省學政,,省級,1
欽差提督两窑廠工部都水司員外郞,,京官,1
欽命？？四品京堂提督山西全省學政,,省級,1
欽差寶泉局監督戶部江南司郎中,,京官,1
欽差寶泉局監督戶部陝西司員外郞,,京官,1
欽差寶泉局監督禮部儀制司郎中,,京官,1
欽差寶泉局監督陝西司郎中,,京官,1
欽差寶泉局錢法監督戶部山東司郎中,,京官,1
欽差寶泉局錢法監督戶部廣西郎中,,京官,1
欽差寶泉局錢法監督戶部陝西員外郎,,京官,1
欽差寶泉局錢法監督戶部雲南司員外,,京官,1
欽差戶部分司監督大通橋運務兵部員外郎,,京官,1
欽差戶部分司監督大通橋運務刑部河南司員外郎,,京官,1
欽差戶部分司監督大通橋運務刑部福建司員外,,京官,1
欽差戶部分司監督大通橋運務理藩院員外郎,,京官,1
欽差戶部分司督理大通橋運務漢監督兵部車駕司主事,,京官,1
欽差戶部分司督理大通橋運務漢監督刑部司務㕔,,京官,1
欽差戶部分司稽查通大通橋運務兵部主事,,京官,1
欽差戶部分司稽查通大通橋運務吏部文選司員外郎,,京官,1
欽差戶部分司稽查通州大運西倉福建道監察禦史,,京官,1
欽差戶部員外郎監督殺虎口抽分,,京官,1
欽差户部分司督理大通橋運務滿督監刑部主事,,京官,1
欽差寶泉局監督戶部廣西司員外郞,,京官,1
欽差寶泉局監督戶部廣西司員外郎,,京官,1
欽差寳泉局錢法監督戶部河南司員外郎,,京官,1
欽差南新倉監督禮部主事,,京官,1
欽天監右監副加四品職銜食俸,,京官,1
欽天監監正加三品銜食俸,,京官,1
欽天監鑒正,,京官,1
欽天監鑒正加三品職銜食俸,,京官,1
欽差*大倉監督吏部員外郎,,京官,1
欽差北新倉監督工部員外郎,,京官,1
欽差南新倉監督國子監事務,,京官,1
欽差南新倉監督大理寺評事,,京官,1
欽差南新倉監督禮部員外,,京官,1
欽差寳泉局錢法監督吏部文選司郎中,,京官,1
欽差吏部員外郞督理大通橋運務滿督監,,京官,1
欽差太平倉監督內閣侍讀,,京官,1
欽差太平倉監督國子監助教,,京官,1
欽差太平倉監督工部主事,,京官,1
欽差太平倉監督？？？,,unknown,1
欽差富新倉監督刑部員外,,京官,1
欽差富新倉監督太常寺贊禮郎,,京官,1
欽差富新倉監督禮部郎中,,京官,1
欽命内閣學士兼禮部侍郎提督安徽全省學政,,省級,1
欽命内務府熱河縂管督理淮安鈔関税務,,unknown,1
欽命兵部左侍郎提督浙江全省學政,,省級,1
杉市司巡检,巡檢,縣首領,1
會通稅課大使,,京官,1
望亭司巡検,,unknown,1
望亭巡检,巡檢,縣首領,1
朝天鎮巡檢,巡檢,縣首領,1
朝天镇巡检,巡檢,縣首領,1
朝日坛奉祀,,unknown,1
朝鲜八品通官,,京官,1
木洞镇巡检,巡檢,縣首領,1
木西巡检,巡檢,縣首領,1
本裕倉監督內閣中書,,京官,1
朱仙镇巡检,巡檢,縣首領,1
朱家巡檢,巡檢,縣首領,1
朱家河巡检,巡檢,縣首領,1
朱家河巡検,,unknown,1
朱岡巡檢,巡檢,縣首領,1
朱樹渾巡檢,巡檢,縣首領,1
朱阳巡检,巡檢,縣首領,1
朱陽巡検,,unknown,1
朱？司巡检,巡檢,縣首領,1
會同？？？,,unknown,1
會同管大使,,京官,1
曾河州判駐胡家庄,州判,州佐貳,1
曉天鎭巡検,,unknown,1
星？妃園寢讀祝官,,京官,1
昭西陵禮部郎中？,,京官,1
時堡巡檢,巡檢,縣首領,1
時憲科五官正,,京官,1
晉康巡檢,巡檢,縣首領,1
景和鎭巡検,,unknown,1
景和鎭巡檢,巡檢,縣首領,1
景和镇巡检,巡檢,縣首領,1
曉？？巡檢,巡檢,縣首領,1
曹？巡檢兼東？馹,巡檢,縣首領,1
曲江巡检,巡檢,縣首領,1
曹仪通判,通判,府佐貳,1
曹娥場鹽課大使,,京官,1
曹娥壩巡檢兼管東關驲,巡檢,縣首領,1
曹峩塲塩课大使,,京官,1
曹斌巡檢兼？？驲,巡檢,縣首領,1
曹茆同知,同知,府佐貳,1
曹（女+？）垻巡檢兼管東関馹,巡檢,縣首領,1
杀虎口巡检,巡檢,縣首領,1
杉市司巡檢,巡檢,縣首領,1
星軺馬馹丞兼巡檢事,,雜職,1
杉市巡檢,巡檢,縣首領,1
杭村巡檢,巡檢,縣首領,1
杯山司巡检,巡檢,縣首領,1
杯溪司巡检,巡檢,縣首領,1
東佔？？？巡検,,unknown,1
東司掌印滿雲麾使兼佐領,,武職,1
東吉尔瑪台巡檢,巡檢,縣首領,1
東場巡檢,巡檢,縣首領,1
東安巡檢,巡檢,縣首領,1
東山巡検,,unknown,1
東岱堡北淩司巡檢,巡檢,縣首領,1
東岱堡北？司巡檢,巡檢,縣首領,1
東岱堡？？司巡檢,巡檢,縣首領,1
東平守禦所千總,,武職,1
東平所管河千總,,武職,1
東昌衛守備,,武職,1
東江場塩大使,,京官,1
東江海塩大使,,京官,1
東河屯屯田,,unknown,1
東泉巡檢,巡檢,縣首領,1
杭州织造乌林大,,省級,1
杭州织造七品笔帖式,,省級,1
杭州批验所大使,,京官,1
杜林镇巡检,巡檢,縣首領,1
李清店巡检,巡檢,縣首領,1
李阳河巡检,巡檢,縣首領,1
李陽巡検,,unknown,1
杖錫巡檢,巡檢,縣首領,1
杖锡司巡检,巡檢,縣首領,1
杜林嶺巡検,,unknown,1
杜林巡檢,巡檢,縣首領,1
杜林鎭巡檢,巡檢,縣首領,1
杜騰集巡檢,巡檢,縣首領,1
杭州批騐所大使,,京官,1
束滙関批騐所大使,,京官,1
杨二庄巡检,巡檢,縣首領,1
杨家堡巡检,巡檢,縣首領,1
杨庄闸闸官,,雜職,1
杨村驿丞管巡检事,,雜職,1
杨河汀河？同,,unknown,1
杨老驿丞,,雜職,1
杨？司巡检,巡檢,縣首領,1
星？司巡检,巡檢,縣首領,1
星子巡檢,巡檢,縣首領,1
欽命兵部左侍郎提督江西全省學政,,省級,1
日講起居注官翰林院侍講學士廣東學政,,省級,1
日講起居注官司經局洗馬掌局事兼翰林院修撰,,京官,1
日講起居注官少詹事兼翰林院侍讀學士,,京官,1
日講起居注官左春坊左中允,,京官,1
日講起居注官左春坊左中允兼翰林院修撰湖南副典試,,京官,1
日講起居注官左春坊左庶子兼翰林院侍讀陕甘學政,,省級,1
日講起居注官左春坊左庶子兼翰林院侍讀陜甘學政,,省級,1
日講起居注官左春坊左庶子掌坊事,,京官,1
日講起居注官左春坊左庶子掌坊事兼公中佐領,,京官,1
日講起居注官左春坊左庶子掌坊事兼翰林院侍讀,,京官,1
日講起居注官左春坊左庶子掌坊事四川學政,,省級,1
日講起居注官左春坊左贊善,,京官,1
日講起居注官文淵閣校理,,京官,1
日講起居注官文淵閣校理右春坊右中允,,京官,1
日講起居注官文淵閣校理司經局洗馬,,京官,1
日講起居注官文淵閣校理翰林院侍講,,京官,1
日講起居注官文淵閣校理翰林院侍講學士,,京官,1
日講起居注官文淵閣校理翰林院侍讀教習庶吉士,,京官,1
日講起居注官文淵閣直閣事詹事府詹事兼翰林院侍讀學士,,京官,1
日講起居注官文渊閣校理左春坊左中允,,京官,1
日講起居注官司經局洗馬兼翰林院修撰山西副主考,,京官,1
日講起居注官司經局洗馬兼翰林院修撰,,京官,1
日講起居注官右春坊右贊善兼翰林院檢討,,京官,1
日講官起居注詹事府事兼翰林院侍講學士教習庻吉士,,京官,1
日講官起居注翰林院侍講學士,,京官,1
日講官起居注翰林院侍講學士提督河南全省學政,,省級,1
日講官起居注翰林院侍講學士教習庶吉士,,京官,1
日講官起居注翰林院侍講學士河南學政,,省級,1
日講官起居注翰林院侍讀右春坊右庻子,,京官,1
日講官起居注翰林院侍讀學士提督廣東全省學政,,省級,1
日講官起居注翰林院侍讀提督廣東全省學政,,省級,1
日講官起居注翰林院侍讀提督湖南學政,,省級,1
日講官起居注詹事府事兼翰林院侍讀學士山西學政,,省級,1
日講起居注官右春坊右庶子提督江西全省學政,,省級,1
日講官起居注詹事府少詹事兼翰林院侍講學士,,京官,1
日講官起居注詹事府少詹事兼翰林院侍講學士教習庶吉士,,京官,1
日講起居注官右春坊右中允,,京官,1
日講起居注官右春坊右中允兼翰林院編修,,京官,1
日講起居注官右春坊右庶子兼刑部行走,,京官,1
日講起居注官右春坊右庶子兼翰林院侍講廣東正主考,,京官,1
日講起居注官右春坊右庶子四川正主考,,京官,1
日講起居注官右春坊右庶子掌坊事江西學政,,省級,1
日講起居注官春坊左庶子掌坊事,,京官,1
日講起居注官翰林院侍講學士敎習庶吉士,,京官,1
易古巡检,巡檢,縣首領,1
日講起居注官翰林院侍講學士教習庶吉士,,京官,1
日講起居注官？？？？,,京官,1
日講起居注翰林院侍讀學士,,京官,1
日讲官起居注右春坊右中允,,京官,1
日讲官起居注右春坊右庶子掌坊事兼翰林院侍讲,,京官,1
日讲官起居注左春坊左庶子掌坊事兼翰林院侍读提督安徽学政,,省級,1
日讲官起居注翰林院侍讲学士教习庶吉士,,京官,1
日讲官起居注翰林院侍读提督湖南学政,,省級,1
日讲官起居注詹事府少詹事兼翰林院侍讲学士,,京官,1
日讲官起居注詹事府少詹事兼翰林院侍读学士教习庶吉士,,京官,1
旧县镇巡检,巡檢,縣首領,1
旧江口巡检,巡檢,縣首領,1
早市司巡檢,巡檢,縣首領,1
早禾巡檢,巡檢,縣首領,1
早禾市巡检,巡檢,縣首領,1
时宪科五官正,,京官,1
昌邑司巡检,巡檢,縣首領,1
昌邑司巡檢,巡檢,縣首領,1
昌邑巡檢,巡檢,縣首領,1
明港驿丞兼巡检事,,雜職,1
日講起居注官陝甘學政,,省級,1
日講起居注官詹事府詹事提督江西全省學政,,省級,1
日講起居注官詹事府少詹事？卿銜,,京官,1
日講起居注官翰林院侍讀學士陝西正典試,,京官,1
日講起居注官翰林院侍講學士陜甘正主考,,京官,1
日講起居注官翰林院侍講山西學政,,省級,1
日講起居注官翰林院侍講福建正主考,,京官,1
日講起居注官翰林院侍讀學士山西學政,,省級,1
日講起居注官翰林院侍讀學士廣西正主考,,京官,1
日講起居注官翰林院侍讀學士提督安徽全省學政,,省級,1
日講起居注官翰林院侍讀學士江南副典試,,京官,1
日講起居注官翰林院侍讀學士江南正典試,,京官,1
日講起居注官翰林院侍讀學士雲南學政,,省級,1
日講起居注官詹事府少詹事湖北正主考,,京官,1
日講起居注官翰林院侍讀學士雲南正主考,,京官,1
日講起居注官翰林院侍讀教習庶吉士,,京官,1
日講起居注官翰林院侍讀湖南正考官,,京官,1
日講起居注官詹事府少詹事三品卿銜,,京官,1
日講起居注官詹事府少詹事兼翰林院侍講學士山西學政,,省級,1
日講起居注官詹事府少詹事兼翰林院侍講學士江蘇學政,,省級,1
日講起居注官詹事府少詹事兼翰林院侍讀學士,,京官,1
日講起居注官詹事府少詹事提督江蘇全省學政,,省級,1
東滙関批驗所大使,,雜職,1
東界場鹽課大使,,京官,1
東羌塲塩課大使,,京官,1
榆明縣丞管巡檢事,縣丞,縣佐貳,1
楊村縣丞管巡檢官,巡檢,縣首領,1
楊村驛丞管巡檢事,,雜職,1
楊村驲丞管巡檢事,,unknown,1
楊武壩巡檢,巡檢,縣首領,1
楊河汀河？同,,unknown,1
楊河通判,通判,府佐貳,1
楊老馹丞,,雜職,1
楊老馹丞管巡檢事,,雜職,1
楊老驲丞,,unknown,1
楊運司巡檢,巡檢,縣首領,1
楊邏巡檢,巡檢,縣首領,1
楊靑馹丞管巡檢事,,雜職,1
楊青馹丞兼管巡檢事,,雜職,1
楊？馹丞兼管？？事,,雜職,1
楊？馹丞管巡檢事,,雜職,1
楊？？巡檢,巡檢,縣首領,1
楓亭兼馹丞事巡檢,巡檢,縣首領,1
楓亭巡檢,巡檢,縣首領,1
楓亭巡檢兼縣丞事,巡檢,縣首領,1
楊村縣丞管巡檢事,縣丞,縣佐貳,1
楊家堂巡検,,unknown,1
楊壩巡檢,巡檢,縣首領,1
梅渚司巡检,巡檢,縣首領,1
梁？？？課大使,,京官,1
梅址鎮巡檢,巡檢,縣首領,1
梅坵巡檢,巡檢,縣首領,1
梅坵鎭巡検,,unknown,1
梅坵镇巡检,巡檢,縣首領,1
梅子园巡检,巡檢,縣首領,1
梅寨司巡检,巡檢,縣首領,1
梅寨巡檢,巡檢,縣首領,1
梅渚巡檢,巡檢,縣首領,1
楊二莊巡檢,巡檢,縣首領,1
检粮通判,通判,府佐貳,1
棒鮓巡检,巡檢,縣首領,1
棕薦漢治儀正,,武職,1
棗家口理事同知,理事同知,府佐貳,1
棣溪鎭巡檢,巡檢,縣首領,1
椹川司巡檢,巡檢,縣首領,1
椹川巡檢,巡檢,縣首領,1
楊二庄巡檢,巡檢,縣首領,1
極高巡檢,巡檢,縣首領,1
榆林驿丞,,雜職,1
東臺場鹽課大使,,京官,1
榆關驲丞管巡檢事,,unknown,1
欽命京畿道監察御史提督陕甘全省學政,,省級,1
欽命光祿寺少卿提督四川全省學政,,省級,1
欽命內務府主事督理淮安鈔關稅務,,京官,1
欽命內務府員外郎督理長蘆塩課兼轄馹傳河道轄山東河南開歸彰衞怀慶,,省級,1
欽命內務府員外郎督理長蘆鹽課兼驛傳河道轄山東河南開歸彰衛懷慶,,省級,1
欽命內務府員外郎督理長蘆鹽課兼驛傳河道轄山東河南？？？？？？,,省級,1
欽命內務府總管督理兩淮鹽漕兩院轄江南江西湖廣河南汝寧等處地方,,京官,1
欽命內務府總管督理兩淮鹽漕察院轄江南江西湖廣河南汝寧等處,,京官,1
欽命內務府行走管理粵海鈔關,,京官,1
欽命內務府郎中四品銜管理粵海鈔關,,京官,1
欽命內務府郎中督理兩淮塩漕察院轄江南江西湖廣河南汝寕等處地方,,京官,1
欽命內務府郎中督理淮安鈔關稅務,,京官,1
欽命內閣學士兼禮部侍郎提督安徽全省學政,,省級,1
欽命內閣學士兼禮部侍郎提督江蘇全省學政,,省級,1
欽命內閣學士兼禮部侍郎提督江西學政,,省級,1
欽命內閣學士兼禮部侍郎提督湖北全省學政,,省級,1
欽命內閣學士提督山東全省學政,,省級,1
欽命兵科掌印給事中巡察通州倉漕事務,,京官,1
欽命兵科給事中提督山東全省學政,,省級,1
檢討改授知縣,知縣,縣正印,1
橫鄉司巡檢,巡檢,縣首領,1
橫浦場鹽課大使,,京官,1
樟林巡檢,巡檢,縣首領,1
榛子鎭巡検,,unknown,1
榛子镇巡检,巡檢,縣首領,1
槐楼巡检,巡檢,縣首領,1
樂安司巡檢,巡檢,縣首領,1
樂安巡檢,巡檢,縣首領,1
樂安洵巡檢,巡檢,縣首領,1
樂安？巡檢,巡檢,縣首領,1
樓蘭捕盗通判,通判,府佐貳,1
横乡司巡检,巡檢,縣首領,1
橫查巡檢,巡檢,縣首領,1
横塘臨平稅課司大使,,雜職,1
横岭寺巡检,巡檢,縣首領,1
横嶺園巡検,,unknown,1
横嶺峝巡檢,巡檢,縣首領,1
横查司巡检,巡檢,縣首領,1
横越閘官,,雜職,1
横越闸官,,雜職,1
橫塘臨平稅課司,,unknown,1
梁湖？巡檢,巡檢,縣首領,1
梁湖垻巡檢,巡檢,縣首領,1
梁湖坝巡检,巡檢,縣首領,1
梁榮場鹽課大使,,京官,1
松桃直隸同知,同知,府佐貳,1
松江白粮帮领运千总,,unknown,1
松浦巡检,巡檢,縣首領,1
松門巡檢,巡檢,縣首領,1
松门司巡检,巡檢,縣首領,1
板桥山巡检,巡檢,縣首領,1
板橋山巡検,,unknown,1
板橋巡檢,巡檢,縣首領,1
板浦場鹽課大使,,京官,1
板浦塲塩課大使,,京官,1
板石司巡检,巡檢,縣首領,1
板石巡檢,巡檢,縣首領,1
板閘巡検,,unknown,1
板閘巡檢,巡檢,縣首領,1
极高司巡检,巡檢,縣首領,1
枇杷巡檢,巡檢,縣首領,1
枇杷所巡检,巡檢,縣首領,1
林墟巡檢,巡檢,縣首領,1
林庙守备司百户,,unknown,1
松桃直隷同知,同知,府佐貳,1
松柏巡檢,巡檢,縣首領,1
松林驿丞,,雜職,1
東路捕盜駐通州兼永平府同知分轄通三武寶薊大香等七州縣,同知,府佐貳,1
東臺管河？丞駐西溪,,unknown,1
東莞塲塩課大使,,京官,1
東觀場塩課大使,,京官,1
東路捕盗駐通州兼永平府同知分辖通三武寳蓟大香等七州縣,同知,府佐貳,1
東路捕盗駐通州兼永平府同知分辖通三武？蓟大香等七州縣,同知,府佐貳,1
東路捕盜同知駐通州分轄通三武寳薊大香等七州縣,捕盜同知,府佐貳,1
東路捕盜駐劄通州兼永平府同知分轄通三武寶薊寧香等七州縣,同知,府佐貳,1
東路捕盜駐劄通州兼永平府同知分轄通三武寶薊遵大香等州縣,同知,府佐貳,1
東路撲盜駐通州兼永平府同知分轄通三武寶薊大香等七州縣,同知,府佐貳,1
東？？？？？駐西溪,,unknown,1
東郷鎭巡檢,巡檢,縣首領,1
東鄉巡檢,巡檢,縣首領,1
東關驲丞,,unknown,1
東陵内府總管兼馬蘭関等處地方總兵官,,武職,1
東陵員外郎,,京官,1
東？場塩課大使,,京官,1
東？塲塩課大使,,京官,1
東？海防同知,同知,府佐貳,1
林廟守衞司百户,,unknown,1
林水驿丞,,雜職,1
果育巡檢,巡檢,縣首領,1
桃林士門司巡檢,巡檢,縣首領,1
桃園南岸主簿,主簿,縣首領,1
桃園安清中河通判,通判,府佐貳,1
桃園店巡檢,巡檢,縣首領,1
桃埠坡巡检,巡檢,縣首領,1
桃埠坡巡檢,巡檢,縣首領,1
桃川巡檢,巡檢,縣首領,1
桃川市巡检,巡檢,縣首領,1
桃林上門巡檢,巡檢,縣首領,1
桃树镇巡检,巡檢,縣首領,1
桂山巡檢,巡檢,縣首領,1
桃樹巡檢,巡檢,縣首領,1
桃樹鎮巡檢,巡檢,縣首領,1
桃源安淸中河通判,通判,府佐貳,1
桃源店巡检,巡檢,縣首領,1
桃源店巡檢,巡檢,縣首領,1
桃？？巡檢,巡檢,縣首領,1
梁家乡闸闸官,,雜職,1
梁家沙巡检,巡檢,縣首領,1
桂源司巡检,巡檢,縣首領,1
桂山司巡检,巡檢,縣首領,1
枣乡镇巡检,巡檢,縣首領,1
柳村？？官,,unknown,1
枣林闸闸官,,雜職,1
柏井馬馹丞兼管巡檢事,,雜職,1
柘洋巡检,巡檢,縣首領,1
柘皋巡検,,unknown,1
柳偃巡檢,巡檢,縣首領,1
柳村閘口閘官,,雜職,1
柳村閘官,,雜職,1
柳村闸闸官,,雜職,1
柳林鎮巡檢,巡檢,縣首領,1
根撲通判,通判,府佐貳,1
柳樹閘閘官,,雜職,1
柸山巡檢,巡檢,縣首領,1
柿源司巡检,巡檢,縣首領,1
柿源司巡檢,巡檢,縣首領,1
柿源巡檢,巡檢,縣首領,1
栢井馬馹丞兼管巡檢事,,雜職,1
栲栲岛巡检,巡檢,縣首領,1
栲栳島巡検,,unknown,1
沙澗？？巡檢,巡檢,縣首領,1
